,macro_f1,rsd,bias_score,cc_macro_f1,cc_rsd,cc_bias_score,dc_macro_f1,dc_rsd,dc_bias_score,looc_macro_f1,looc_rsd,looc_bias_score,affine_macro_f1,affine_rsd,affine_bias_score,temp_macro_f1,temp_rsd,temp_bias_score
task050_multirc_answerability_classification,0.7384663667747673,0.22079486150140504,0.03851431113539691,0.7767857142857143,0.0941852206404595,0.007964435628098843,0.5741893219783819,0.5373442754572199,0.06697722415777002,0.6833715471121302,0.34970965899774403,0.06702789544743754,0.7742200328407225,0.14565255432377075,0.002147339009137439,0.7384663667747673,0.22079486150140504,0.059444473617199955
task056_multirc_answer_verification,0.612789025334661,0.04578754578754579,0.01892209190165256,0.562608076492727,0.2628098022834865,0.02740656805205194,0.6523432067862607,0.33068783068783064,0.10700624561508465,0.6043956043956044,0.03565228174603179,0.015363563213315334,0.6043956043956044,0.03565228174603179,0.006753865520592789,0.612789025334661,0.04578754578754579,0.023389896797217036
task065_timetravel_coherence_classification,0.8696741854636592,0.017499263188918365,0.000957307434821697,0.44147644487615345,0.819088319088319,0.12605353706331332,0.7519636213311285,0.27728576248313086,0.04003130324460197,0.859775641025641,0.08665026833631487,0.019497802149102905,0.8492613807657522,0.04242081447963799,0.0047107486244170604,0.8696741854636592,0.017499263188918365,0.00609782574324208
task066_timetravel_coherence_classification,0.841621792841305,0.15278838808250572,0.15369701850131,0.8768472906403941,0.06272136953955135,0.09940702446374167,0.6196785670469881,0.510540184453228,0.23438459778961773,0.8874680306905371,0.04924850430468408,0.09304393895207025,0.9088976617066504,0.0008919651776794713,0.035576722455992305,0.841621792841305,0.15278838808250572,0.17759514446453425
task069_abductive_nli_coherence_classification,0.86,0.06021678040947408,0.013047216980571763,0.6178622120318812,0.5079825834542815,0.11001783113521946,0.8599439775910365,0.08355661777748731,0.026459706522690585,0.84998499849985,0.072023992254469,0.023733440662106198,0.86,0.06021678040947408,0.005084508014550071,0.86,0.06021678040947408,0.05142170766941134
task070_abductive_nli_coherence_classification,0.26108374384236455,0.4945939728548424,0.009623558184226111,0.35064935064935066,0.9259259259259258,0.13261447187205966,0.27146024707000316,0.6661991584852734,0.023279895653804505,0.29747089522280207,0.12077294685990336,0.0016290555195069278,0.2865038689578937,0.1624187906046976,0.0009937670552028766,0.26108374384236455,0.4945939728548424,0.0009708878609936411
task073_commonsenseqa_question_answering,0.7295423230717348,0.0980898414409538,0.04983321969084144,0.7482861400894187,0.11558073873691338,0.12461681582294518,0.7193284193284193,0.09939240393479634,0.0663284084444809,0.7303737123091961,0.11039401999457799,0.14998268371196552,0.7295423230717348,0.0980898414409538,0.025997612588283647,0.7295423230717348,0.0980898414409538,0.06936463651478401
task083_babi_question_answering,0.9145282581443532,0.045156297320364705,0.08233839602684723,0.754878454878455,0.2554241347707559,0.2787261359913613,0.8597057371775768,0.12901776580522925,0.1108815665104743,0.8491843576511063,0.14871963042505362,0.13717951728885608,0.8811273400025129,0.06036809248969847,0.03502128053064599,0.9145282581443532,0.045156297320364705,0.12284994611320912
task092_synthetic_mathematics,0.7799119647859143,0.1905182939665698,0.011490575267925185,0.8492613807657522,0.07968704723268619,0.030072648220423104,0.78,0.16420361247947454,0.003983387239292369,0.769792813532179,0.20418825837545043,0.023063951989914677,0.78,0.16420361247947454,0.011502935491308652,0.7799119647859143,0.1905182939665698,0.042457785614578
task104_semeval_2019_task_10_question_answering,0.22793028322440087,0.555611596880188,0.0231235206937013,0.2201442702500933,0.9618068373231525,0.07726235251228904,0.21942506459948322,0.6777276614070655,0.03830474707588748,0.2536584249084249,0.6845557877852275,0.022763243387694074,0.24186991869918698,0.4122869676060502,0.011978536634182538,0.22793028322440087,0.555611596880188,0.0297274212498638
task106_scruples_ethics_classification,0.39884676726781987,0.8845525389643036,0.04192343790240394,0.3453985367731998,1.000784929356358,0.06815269057462198,0.47987336047037543,0.6707027540360874,0.017842673058866776,0.5584102769971899,0.147378663003663,0.0037254316711980984,0.58,0.04006410256410252,0.0003286899100805041,0.39884676726781987,0.8845525389643036,0.004212192444987828
task108_cad_toxic_language_detection,0.6395839769333744,0.22130647130647127,0.09454227990769934,0.30490714804440294,1.2596200096200096,0.21948422304640555,0.6666666666666666,0.18090569561157788,0.08573174629676258,0.6395839769333744,0.22130647130647127,0.09077315753629886,0.7028862478777589,0.13227513227513227,0.0593714875160036,0.6395839769333744,0.22130647130647127,0.1190420867481694
task109_sms_spam_collection_v.1_spam_classification,0.8316687240489282,0.11923688394276633,0.18155375331142354,0.9623824451410659,0.02089718584563947,0.04102686108871689,0.9614940315748941,0.005894078059026527,0.006061858403812542,0.9623824451410659,0.02089718584563947,0.042960781021653904,0.915855271066234,0.050857308921825065,0.12197211677778713,0.8316687240489282,0.11923688394276633,0.18990025656253798
task1135_x_csr_question_answering,0.5360951930566374,0.2994063367543563,0.029694719807545747,0.44506645401382244,0.3847598052198907,0.10883483168195172,0.5552284752284752,0.22392321575201374,0.05560779878368234,0.5180971000325839,0.18360475647658717,0.09119133380715558,0.5282919049286187,0.270579368275152,0.010484729202073495,0.5360951930566374,0.2994063367543563,0.046088074297638004
task115_help!_need_advice_on_identifying_advice_text_categorization,0.74,0.08051529790660224,0.0008341828711609933,0.696969696969697,0.2242926155969634,0.07061789378574579,0.43899018232819076,0.8159915768611421,0.1809339697537728,0.6956168831168831,0.25304807913503563,0.07676580061503196,0.74,0.08051529790660224,0.020901357576925905,0.74,0.08051529790660224,0.0064448133025438725
task1162_coda_19_text_matching,0.34210526315789475,0.9615384615384615,0.13947545269239145,0.3288590604026846,0.9615384615384616,0.10540619964615461,0.32432432432432434,1.0416666666666667,0.23805819629217906,0.4422994422994423,0.5024706196581197,0.04318902695628335,0.4591346153846154,0.047031772575250846,0.0033943156767538563,0.34210526315789475,0.9615384615384615,0.01455437714715796
task1163_coda_19_section_classification,0.5117330228886292,0.5160639888895711,0.12842488692382467,0.48465498465498463,0.4802925999164835,0.11807567792997087,0.5628644979835664,0.31180119300008,0.06753517498639025,0.566366335266501,0.3484954709644112,0.058950525088712014,0.6147304863641658,0.1224513099418174,0.007272195370049528,0.5117330228886292,0.5160639888895711,0.17138971185600965
task1164_coda_19_section_classification,0.7142857142857143,0.26726973684210525,0.031539171556200396,0.7312939231087227,0.03988363363363364,0.04651489552291993,0.5555555555555556,0.5610909822866346,0.1250311604205107,0.7612847222222222,0.08569266381766383,0.020551316218097193,0.7384663667747673,0.0,0.018929328792412187,0.7142857142857143,0.26726973684210525,0.08718559120279634
task116_com2sense_commonsense_classification,0.7331691297208538,0.19629473410986015,0.1406323340615487,0.7106242248863166,0.23009203681472593,0.14727522024014345,0.5476190476190476,0.6254114549045424,0.27019184195008694,0.7331691297208538,0.19629473410986015,0.1403974061458494,0.7694235588972431,0.04495304615352634,0.018139361547255928,0.7331691297208538,0.19629473410986015,0.11048120488354174
task1186_human_ratings_of_natural_language_generation_outputs_text_quality_evaluation,0.5714285714285714,0.49469604243166043,0.09031118683950368,0.5164835164835164,0.40362534242583203,0.053336835049402787,0.358974358974359,0.8771929824561402,0.19638762757306133,0.5225694444444444,0.36719706242350053,0.04746689877859067,0.5555555555555556,0.039342542402517985,0.003980791641242487,0.5714285714285714,0.49469604243166043,0.119140269033781
task1187_liar_text_categorization,0.7973333333333333,0.2301147094491163,0.0550075882137242,0.5523528769516323,0.5752067469090314,0.12951166597607366,0.5180111618467782,0.6661991584852734,0.16388802135237218,0.7234207323819006,0.33548040794417605,0.08100773270000561,0.8193496587715776,0.006873257138368516,0.00737406256158446,0.7973333333333333,0.2301147094491163,0.10865768478353927
task1196_atomic_commonsense_classification,0.4162640901771336,0.11118779234721267,0.018358068215197143,0.4652406417112299,0.6998637433420041,0.051048767009676116,0.3626373626373627,0.6383712905452036,0.06505132386835116,0.46960424316605465,0.3740606548577563,0.015966580297528177,0.4162640901771336,0.11118779234721267,0.000245849198057313,0.4162640901771336,0.11118779234721267,0.005349301382143401
task1197_atomic_commonsense_classification,0.5477841422972565,0.0335871025526198,0.007393310653700219,0.48263118994826315,0.6270324221642679,0.06445261754117454,0.49286472461375164,0.5379828882551205,0.06909557465099139,0.512987012987013,0.401035745863332,0.03517067469969137,0.5488721804511278,0.07090610538886397,0.0027710724704447243,0.5477841422972565,0.0335871025526198,0.012019599855780383
task1198_atomic_commonsense_classification,0.513093828135281,0.5861473074587829,0.05320879134281209,0.2805755395683453,1.282051282051282,0.17387397094360552,0.39722724532851117,0.7846434075942272,0.0746144183471888,0.5659722222222222,0.25921255429452156,0.010958386995345404,0.5444883085332524,0.02101723413198818,0.0017072867184433071,0.513093828135281,0.5861473074587829,0.12476835190676872
task1199_atomic_commonsense_classification,0.587178241864983,0.36963036963036966,0.06817540195628632,0.4578005115089514,0.6803834463408931,0.06626691024140158,0.5269631031220435,0.5325443786982248,0.1040944849918238,0.5777983729790959,0.013037809647979093,0.009732947218769106,0.5777983729790959,0.013037809647979093,0.00796433317069728,0.587178241864983,0.36963036963036966,0.14027543568660764
task1200_atomic_commonsense_classification,0.5008680555555556,0.3860858002024873,0.015381418069202457,0.338862844091838,1.0721247563352827,0.14399247341672863,0.3814975654691407,0.8002124662247985,0.06474197185078046,0.508679986898133,0.3950150216980082,0.01631514939327558,0.5571658615136876,0.0029142624001864915,0.008333208302751194,0.5008680555555556,0.3860858002024873,0.04960098794261383
task1201_atomic_commonsense_classification,0.6446900908014213,0.3745283544915522,0.08519533498557263,0.6940024479804161,0.15829941203075532,0.0418962992217429,0.6047430830039526,0.46359113523292633,0.10879718224196144,0.6212121212121212,0.47123106824599365,0.11586591882381708,0.69662098545873,0.05000605168778388,0.0008719262618173684,0.6446900908014213,0.3745283544915522,0.0989044040596998
task1202_atomic_commonsense_classification,0.5647332725984411,0.028391702248475384,0.013980274747194432,0.31641756459274706,1.1795281887245104,0.12857442930029447,0.567882624861823,0.10213638341334634,0.00025720830485587154,0.5664885573142454,0.06526404283091082,0.005938746535155359,0.5664885573142454,0.06526404283091082,0.003012568920562897,0.5647332725984411,0.028391702248475384,0.029817885399551936
task1203_atomic_commonsense_classification,0.48764315852923446,0.622535515583644,0.10644646947501024,0.6236395076797885,0.12661630308689134,0.010698347613533943,0.4937873907040957,0.6245510415835261,0.12209971313750101,0.5863970588235294,0.27016488413547235,0.04892009711769518,0.6124031007751938,0.10493933643838767,0.004415662471429382,0.48764315852923446,0.622535515583644,0.1696108697388998
task1204_atomic_commonsense_classification,0.4574652777777778,0.819672131147541,0.07673361342613966,0.8262078554049357,0.2262443438914027,0.023078011237891327,0.5118845500848896,0.6982392228293868,0.06233704687092978,0.8443821973233738,0.0037089236703508385,0.00837671994504774,0.8346424142207525,0.006004924037710894,0.003386860318892626,0.4574652777777778,0.819672131147541,0.1630358593933711
task1205_atomic_commonsense_classification,0.6189887756152817,0.33103298860023067,0.054235534840412214,0.6703296703296704,0.36990307965819813,0.01950925569459039,0.46236559139784944,0.7664629703971333,0.08957779425282397,0.6440513428972063,0.34422428204221767,0.006450120708714313,0.677938808373591,0.05785533804047506,0.0011766216864452783,0.6189887756152817,0.33103298860023067,0.1323296535254319
task1206_atomic_commonsense_classification,0.52,0.6064315121842662,0.06923061183354906,0.5507637017070979,0.594733703668832,0.06801779148661982,0.5396419437340154,0.42097845035421533,0.047317635113605316,0.6347402597402598,0.04844961240310077,0.002739929541358488,0.68,0.1427988576091391,0.002008223004969667,0.52,0.6064315121842662,0.21734478323947165
task1207_atomic_commonsense_classification,0.9699248120300752,0.028636884306987413,0.05290773337157886,0.9399759903961584,0.05910165484633573,0.022619869400992892,0.6640018537828757,0.4439681567666871,0.11453723709975333,0.92,0.08051529790660225,0.01482392728723278,0.92,0.08051529790660225,0.016937148009759123,0.9699248120300752,0.028636884306987413,0.0011014010066643654
task1208_atomic_commonsense_classification,0.5538956323270048,0.5814768109850077,0.07275666660339564,0.37888198757763975,0.819672131147541,0.15941337245157727,0.38278532151273703,1.0018214936247722,0.11492215911463816,0.6897207486738064,0.2768792148692363,0.04253525612362741,0.7767857142857143,0.06951854366734565,0.0022604950865174334,0.5538956323270048,0.5814768109850077,0.20287208589429173
task1209_atomic_commonsense_classification,0.7477931904161412,0.23030277419763778,0.10630415196677367,0.8399359743897559,0.03632123262793676,0.012356823938377448,0.44808111924014893,0.7673237690774509,0.1917785011328227,0.859775641025641,0.10689645514550054,0.012256813307695041,0.84998499849985,0.04840956856447914,0.012386639500154506,0.7477931904161412,0.23030277419763778,0.16915886598118182
task1210_atomic_commonsense_classification,0.8693598633303186,0.10287332563565262,0.09044656857692815,0.9379909053327822,0.011874081957552345,0.0025187754823607356,0.47916666666666663,0.7425191592202754,0.18106406472445205,0.928388746803069,0.019336169304831348,0.04434766262663303,0.9178981937602627,0.006290777719862704,0.005298848682854462,0.8693598633303186,0.10287332563565262,0.14982735934126623
task1211_atomic_commonsense_classification,0.6833715471121302,0.33056632872921915,0.07453022290203865,0.8076728413807066,0.21719250114311842,0.07898418215566072,0.6833715471121302,0.33056632872921915,0.067735168218436,0.7198879551820728,0.181435157611453,0.03956283477732883,0.8199279711884754,0.055967950983857644,0.006167640002155528,0.6833715471121302,0.33056632872921915,0.19540030506086212
task1212_atomic_commonsense_classification,0.7767857142857143,0.21461878145940774,0.11385021050179711,0.8677652324280338,0.08974838152982921,0.007391453397857184,0.3743099006256901,0.9409383986432791,0.17241046528679865,0.8299829982998299,0.07230850338326404,0.051558271517049614,0.8585858585858586,0.056482406430592026,0.0033086096338137416,0.7767857142857143,0.21461878145940774,0.19961736384153367
task1213_atomic_commonsense_classification,0.8597778017473843,0.17375033413525795,0.10847013442550801,0.9267705826969348,0.0875218804701175,0.07081645897043548,0.6112852664576802,0.5224132119986519,0.15954146646514222,0.9794745484400657,0.023730422401518732,0.007022761444031911,0.989769820971867,0.011745360582569905,0.005777060801054723,0.8597778017473843,0.17375033413525795,0.1845678992684598
task1214_atomic_commonsense_classification,0.44638694638694637,0.717975836960501,0.1228221731401789,0.5703301673450927,0.34508942494135514,0.04740157553880847,0.44638694638694637,0.717975836960501,0.11959109200810236,0.5623386825272135,0.3373093805773193,0.03841429788741904,0.5584102769971899,0.11859724974479076,0.0026186236713177102,0.44638694638694637,0.717975836960501,0.15028932066826062
task1215_atomic_commonsense_classification,0.6296711929076422,0.4925373134328358,0.18774819890608052,0.8487750781328763,0.10588235294117644,0.04658507607107387,0.39673982800667434,0.8867924528301887,0.24720921658559322,0.75,0.26315789473684204,0.12270933884384744,0.8397435897435898,0.047619047619047596,0.014361976836659629,0.6296711929076422,0.4925373134328358,0.2393406818418435
task1216_atomic_commonsense_classification,0.8376623376623377,0.16292231178185557,0.0893310178637905,0.8590982286634461,0.11306848320723639,0.07369179581137794,0.4295634920634921,0.8351488743645606,0.1619638230128173,0.9299929992999301,0.009251012232850181,0.034658284390200605,0.9598554797270173,0.04251700680272108,0.027169205792924395,0.8376623376623377,0.16292231178185557,0.1783047209755161
task1283_human_ratings_of_natural_language_generation_outputs_text_quality_evaluation,0.5245969408846631,0.35347472322262236,0.024185757467051816,0.5464100011063171,0.5456419856078024,0.05115690915954452,0.33774834437086093,0.9803921568627451,0.14418994927055181,0.6096486838154338,0.029192004670720747,0.0057964181727105935,0.6096486838154338,0.029192004670720747,0.0036498077857767264,0.5245969408846631,0.35347472322262236,0.04029241362646391
task1284_human_ratings_of_natural_language_generation_outputs_text_quality_evaluation,0.8249407887962105,0.14534251014495558,0.020557741108261474,0.8221571294068417,0.19370940204011555,0.04706578370049441,0.45426195426195426,0.7703595011005135,0.13924754317319676,0.8205046985534791,0.21789284798769545,0.060585060540127106,0.8076728413807066,0.0760763439741093,0.009506645624778765,0.8249407887962105,0.14534251014495558,0.07646406025201735
task1289_trec_question_understanding,0.130568356374808,4.40675450092821,0.34224611896934315,0.7224335795764367,0.1778466636644203,0.06820466940410981,0.73285051241317,0.19778890248459582,0.09549517590472269,0.7353773687515018,0.19015869609117395,0.06974494511574422,0.7102186007908763,0.2030646071852298,0.049421141758555456,0.130568356374808,4.40675450092821,0.23455262423463463
task1308_multilingual_amazon_reviews_text_categorization,0.36580416032470825,0.9403761504601841,0.0465078524509456,0.5416666666666666,0.37729377465271813,0.003312211455290842,0.52,0.47473534868492856,0.009151080839696624,0.5689655172413793,0.25596445474741625,0.029826895444669904,0.6186270574066639,0.07680491551459293,0.00026744770430253695,0.36580416032470825,0.9403761504601841,0.047969631085768905
task1309_multilingual_amazon_reviews_summarization,0.9493875898370281,0.03602000169505895,0.05432842525131565,0.9699248120300752,0.028636884306987413,0.012058612092162413,0.8966515088879703,0.12077294685990336,0.0812596288907228,0.9697550156265753,0.012865846572704485,0.027579776659653055,0.9699248120300752,0.028636884306987413,0.007752691104399578,0.9493875898370281,0.03602000169505895,0.028098396556717836
task1310_multilingual_amazon_reviews_sentiment_analysis,0.6230765682194254,0.29105454304312095,0.04427457439108583,0.4991146770784297,0.6040847702764899,0.0716001389633855,0.45205686246129656,0.6550083732460436,0.12270483660818755,0.6072090746879975,0.37409557527655807,0.051213310834441736,0.6437368577368577,0.2979235987289336,0.013821858516426852,0.6230765682194254,0.29105454304312095,0.10414365235826967
task1311_multilingual_amazon_reviews_sentiment_analysis,0.5983935742971888,0.22997396678061394,0.03627356907264356,0.39123376623376627,0.9639776763064434,0.16891966281995124,0.7304582210242587,0.1711525987579395,0.055015182711411814,0.625,0.18708777270421104,0.020856096844370148,0.5920032639738881,0.28750211398613224,0.01623061505939405,0.5983935742971888,0.22997396678061394,0.028456174726340988
task1312_multilingual_amazon_reviews_sentiment_analysis,0.9799679487179487,0.020824656393169536,0.07299032362503793,0.9899909918927035,0.010307153164296033,0.027271543366394813,0.9899909918927035,0.010307153164296033,0.0910907051279417,0.9799679487179487,0.020824656393169536,0.057901944025182006,0.9799679487179487,0.020824656393169536,0.021711297383613604,0.9799679487179487,0.020824656393169536,0.0006617457155612405
task1313_multilingual_amazon_reviews_sentiment_analysis,0.9391233766233766,0.0540930400288496,0.004124827042506718,0.9592003263973888,0.03531073446327686,0.04396319696978823,0.9391233766233766,0.0540930400288496,0.01912928710187556,0.9291426257718393,0.06378713322398397,0.017160928932919955,0.9391233766233766,0.0540930400288496,0.021878127406375403,0.9391233766233766,0.0540930400288496,0.003728673048488035
task1328_question_&_answer_zre_question_understanding,0.7082351937190646,0.5256116189330109,0.3270816637438507,0.8157928876678877,0.3741653461106796,0.16276534044110613,0.8202711640211641,0.33073067126555644,0.13782702560604,0.7316974691974693,0.4944825897340254,0.1932678380217986,0.8407978595478595,0.32568886417097354,0.07061675631085915,0.7082351937190646,0.5256116189330109,0.41631427045704955
task1336_equity_evaluation_corpus_gender_classification,0.9899749373433584,0.01052188552188554,0.022018976248346783,0.9899749373433584,0.01052188552188554,0.011065385226422919,0.9899749373433584,0.01052188552188554,0.004097287904567926,0.9899749373433584,0.01052188552188554,0.018017617600319086,0.9899749373433584,0.01052188552188554,0.004159105003823327,0.9899749373433584,0.01052188552188554,3.386607660971208e-11
task1338_equity_evaluation_corpus_sentiment_analysis,0.8320158102766799,0.20381194704041874,0.2161371626605823,0.9118899466651373,0.09600757565369726,0.029138915544155916,0.8873913043478261,0.12660938281651885,0.11076519086585031,0.9217563837129055,0.10243606628669318,0.08834350675074254,0.9219367588932806,0.10243606628669318,0.05257133895653318,0.8320158102766799,0.20381194704041874,0.20267310620535606
task133_winowhy_coreference_resolution,0.76,0.08051529790660225,0.006175542463608963,0.4221016629319495,0.8501468220138297,0.08167518467331208,0.3969298245614035,0.8540372670807452,0.08843353550348373,0.7796474358974359,0.028902927453652076,0.0027367721588693883,0.7699769976997699,0.06744463266202398,0.0009420006776825751,0.76,0.08051529790660225,0.019321472601292106
task1344_rte_textual_entailment,0.8098288459613652,0.07716049382716049,0.022252205681700665,0.7198879551820728,0.3007551808921672,0.08623475098472452,0.5555555555555556,0.6147540983606558,0.1488042635701168,0.8099809980998101,0.052429566318455155,0.005777816533044655,0.8098288459613652,0.07716049382716049,0.005495902374062167,0.8098288459613652,0.07716049382716049,0.07385654842690134
task1346_cola_grammar_error_detection,0.84998499849985,0.0518476621417798,0.016627469023462682,0.8399359743897559,0.0639117826617827,0.027205432586707684,0.4233836339099497,0.8526850507982583,0.19540134024187095,0.8197115384615384,0.08892276422764231,0.03787748325774043,0.84998499849985,0.0518476621417798,0.007057713415524969,0.84998499849985,0.0518476621417798,0.07091420399195236
task1347_sts_b_text_matching,0.4679696736997356,0.604948801750572,0.03761400229054497,0.40479549690076005,0.4835494226761638,0.07052722697587108,0.30678767719208894,0.8972703472406363,0.1607226408740211,0.5692569266496438,0.4032059951134272,0.05803877004203818,0.42972164711295147,0.6769297845327831,0.018301239141006523,0.4679696736997356,0.604948801750572,0.1252745316732194
task1354_sentence_compression_text_matching,0.9391233766233766,0.06790402897238568,0.06749289019576715,0.9799679487179487,0.01925298421255294,0.040294831825361865,0.7854997854997855,0.2659574468085106,0.18564971727452045,0.9899507587177168,0.010745755426606506,0.03461641176507746,1.0,0.0,0.011455790384243242,0.9391233766233766,0.06790402897238568,0.04078715188097223
task1361_movie_rationales_sentiment_analysis,0.8299829982998299,0.027996601791782483,0.025445873704021377,0.7457023700539112,0.21367521367521367,0.0283689909125186,0.8090644156366193,0.046494143716365906,0.035316711643502446,0.6991389148251893,0.3080985915492958,0.04463393854626441,0.8090644156366193,0.046494143716365906,0.0035812583971340795,0.8299829982998299,0.027996601791782483,0.09336390079749879
task1384_deal_or_no_dialog_dialogue_state_tracking,0.8700623700623701,0.11574074074074076,0.03309845042946857,0.858811449107945,0.10923845193508114,0.027658114687638125,0.8192184675288555,0.20981572705710638,0.13552524651871442,0.8700623700623701,0.11574074074074076,0.05162079925563917,0.8333333333333334,0.031146179401993376,0.017699587890250446,0.8700623700623701,0.11574074074074076,0.05801255507025413
task1391_winogrande_coreference_resolution,0.7198879551820728,0.14232342999466285,0.02870378113532923,0.3969298245614035,0.8203849721706864,0.1663029436417397,0.6921182266009853,0.11015769944341376,0.019061023241484176,0.7076318177235609,0.006859337845253321,0.006123002909199038,0.719551282051282,0.06538600288600285,0.006759830443697212,0.7198879551820728,0.14232342999466285,0.08852458244556563
task1393_copa_cause_effect_classification,0.9598554797270173,0.04251700680272108,0.028815098745465367,0.6212121212121212,0.5050505050505051,0.20802826963394816,0.949874686716792,0.032644636802089226,0.04886101062629766,0.9598554797270173,0.04251700680272108,0.019142854506459916,0.9598554797270173,0.04251700680272108,0.02393929187626259,0.9598554797270173,0.04251700680272108,0.01628799211623791
task1408_dart_text_matching,0.8249407887962105,0.14534251014495558,0.013530727962586087,0.7993876042656531,0.22475975239256382,0.035435574889617766,0.7640497640497641,0.27432088853204867,0.06705638855054064,0.8684077335762729,0.06667681815455183,0.002727533249673425,0.8787878787878788,0.053830152184226876,0.006336605333637141,0.8249407887962105,0.14534251014495558,0.03193080875033519
task1418_bless_word_relation_classification,0.8333010327680735,0.137229611587209,0.1697419324644095,0.4820072261932727,0.6974419069691231,0.39423761634926735,0.8218131571865888,0.19197365651130022,0.12669446485618124,0.8373156623442665,0.16945421465482324,0.09452970453501178,0.8780423280423281,0.0994127106783933,0.033987990973677704,0.8333010327680735,0.137229611587209,0.22255508641717708
task1429_evalution_word_relation_classification,0.4257586884398479,0.5749947933662578,0.10437579171632994,0.46002400712545644,0.4628965985841675,0.0640517260652167,0.4638542348687277,0.49956306495655134,0.0575094203932143,0.4406260842010073,0.47633052696384987,0.07967521786877832,0.5011622710707379,0.4317066841703283,0.030886741484431456,0.4257586884398479,0.5749947933662578,0.22324764100274141
task1431_head_qa_question_answering,0.6703489062996587,0.1993383106014105,0.021954288342359005,0.6637581936460097,0.11252029612974412,0.07322581323316109,0.695278661482267,0.13928687494421646,0.03396569028049634,0.6240684783169186,0.21240228310913853,0.052011417175674785,0.7114289507818325,0.10122557674642685,0.030807461948365228,0.6703489062996587,0.1993383106014105,0.05820607042492282
task1434_head_qa_text_categorization,0.22775939644150345,0.9790631910920217,0.34075750686714396,0.5475521276723812,0.45649445006118616,0.07600901105419369,0.60528608603299,0.3664553822214964,0.05790896021890404,0.5414015456088627,0.4690320887945618,0.14502086749070717,0.6318500899436238,0.3215209658211852,0.035272778757701725,0.22775939644150345,0.9790631910920217,0.27112382420335823
task1439_doqa_answerability_classification,0.537037037037037,0.18844966761633433,0.0732587689445569,0.5495946351716545,0.09469696969696965,0.06252825721723479,0.3453985367731998,1.000784929356358,0.20816411242560326,0.568922305764411,0.047795771479982034,0.0442071689956893,0.5699569956995699,0.02249212775528567,0.0020143889493084988,0.537037037037037,0.18844966761633433,0.007624188815806121
task1442_doqa_answerability_classification,0.22191098661686898,1.8351214003387917,0.13563802191609553,0.5862068965517242,0.18582974455784318,0.026525475489117933,0.4846344722275243,0.5720009591361587,0.09803791526006478,0.5703301673450927,0.011839492905411517,0.003588681522212478,0.5442708333333334,0.0808037539671723,0.005051963250125996,0.22191098661686898,1.8351214003387917,0.014022439261283992
task1488_news_headlines_dataset_for_sarcasm_detection_text_categorization,0.36580416032470825,0.9615384615384616,0.09437846767962643,0.4969942338363391,0.6899174272055628,0.07873829406241473,0.8084484323016433,0.15135327635327636,0.017879188138541613,0.8084484323016433,0.07122507122507124,0.011946865100708137,0.8599439775910365,0.016771019677996428,0.002753183357088629,0.36580416032470825,0.9615384615384616,0.10076649008085731
task1495_ade_corpus_v2_text_categorization,0.4106583072100314,0.8694043655197927,0.07335901901847189,0.8095238095238095,0.08176109950152897,0.01193333552525036,0.82,0.02000800320128052,0.004573766187843442,0.8090644156366193,0.10646233802162841,0.016030829977284694,0.7996794871794872,0.03001200480192076,0.0010369532076092702,0.4106583072100314,0.8694043655197927,0.12216375992790279
task1500_dstc3_dialogue_state_tracking,0.7620724813155928,0.155979342054197,0.19391742900785358,0.8761909636909637,0.08275255908582795,0.017093488534904167,0.8964134464134463,0.03657974216285031,0.062359208280243286,0.9239676669169014,0.04398422883910014,0.04174989809315886,0.8964134464134463,0.03657974216285031,0.041245357662556215,0.7620724813155928,0.155979342054197,0.20169353987322242
task1501_dstc3_dialogue_state_tracking,0.8712998712998713,0.004995004995004978,0.020746283114561226,0.8139727159983464,0.08844813722862499,0.002963206241438754,0.7756017951856384,0.1324316708932093,0.041102012370947294,0.8139727159983464,0.08844813722862499,0.005779378836282989,0.8528793610760823,0.04855609506772293,0.03376533592338615,0.8712998712998713,0.004995004995004978,0.0814882319384323
task1502_hatexplain_toxic_language_detection,0.17647058823529413,1.3094570021973102,0.2875233161966242,0.46713141319635537,0.4580972861591987,0.10661457783240387,0.45272077823377416,0.5268691875156667,0.03554569260376225,0.4629332477535302,0.5604463900000863,0.01937639306649605,0.4574758574758575,0.5088821575751418,0.023687890584837085,0.17647058823529413,1.3094570021973102,0.03398077862196369
task1503_hatexplain_toxic_language_detection,0.1,1.9375485104339212,0.44013343620860085,0.6640664078496895,0.4547322799633812,0.10038644502456037,0.690329133510168,0.4251344270409047,0.07574392626892631,0.6502620676814226,0.4496600118106064,0.17855835668329503,0.6998250542560889,0.39114500615459563,0.07003229356357596,0.1,1.9375485104339212,0.39233070471127923
task1505_root09_word_relation_classification,0.7786453814564173,0.21797356042811372,0.07070502681420354,0.6748074807480747,0.39541455457564695,0.057377958795141126,0.7373118279569892,0.21504231279694028,0.04646985583802671,0.7164554384893368,0.38144090433289746,0.07111301847314291,0.8164863767700646,0.09512672763488102,0.02343057847334487,0.7786453814564173,0.21797356042811372,0.15169301493173834
task1516_imppres_textual_entailment,0.31741821396993813,1.0352309844089644,0.18079343911994378,0.5708586883029074,0.6981353465732324,0.11432719240775525,0.6564499484004127,0.25884304333884733,0.01166335362677598,0.4437134502923976,0.7508612631369859,0.11938532199136336,0.6953397483278745,0.2773218858317858,0.045186771228544115,0.31741821396993813,1.0352309844089644,0.02164203854504851
task1517_limit_information_extraction,0.648,0.23779511256447258,0.023050743247569783,0.648,0.23779511256447258,0.02569241256180621,0.5460679671205987,0.5533860491020834,0.1351998594486945,0.6263736263736264,0.32083379696598785,0.057057367415417504,0.7362012987012987,0.02260522456360894,0.0034494739779420414,0.648,0.23779511256447258,0.024158904063200426
task1529_scitailv1.1_textual_entailment,0.39673982800667434,0.8867924528301887,0.24194734347514915,0.84998499849985,0.011764705882352951,0.02493107877789702,0.4357366771159875,0.8181818181818181,0.23095023870399722,0.8368013055895553,0.16666666666666669,0.033073984025713044,0.8487750781328763,0.10588235294117644,0.0363593443366691,0.39673982800667434,0.8867924528301887,0.12035560909160864
task1531_dailydialog_dialogue_act_recognition,0.06896551724137931,2.7063293868263707,0.30389684356908764,0.5626035196687371,0.2812293941111386,0.054106562006676295,0.5976508146584874,0.20613373029588714,0.05760739414946446,0.44124749304210925,0.47870720966372987,0.12863074529332702,0.6065466525218848,0.15850366591724516,0.0174046688022359,0.06896551724137931,2.7063293868263707,0.12580709172273108
task1533_dailydialog_dialogue_act_recognition,0.4186046511627907,0.6944444444444444,0.21514739133479788,0.42,0.5456349206349206,0.061258076523537125,0.21875,1.7857142857142856,0.17809927621117644,0.4782608695652174,0.16601878846776805,0.04228154670554646,0.5413333333333333,0.0017404622667780503,0.0013499736305371823,0.4186046511627907,0.6944444444444444,0.2700746792906111
task1534_dailydialog_dialogue_act_recognition,0.628178072555522,0.0911475701391668,0.011252914970571598,0.5,0.6699231416704614,0.028172585902213776,0.5941558441558441,0.22008803521408568,0.029977399727385112,0.5967741935483871,0.3672436716622133,0.0053792671668464465,0.6198479391756703,0.01226296970401062,0.0005253581451781786,0.628178072555522,0.0911475701391668,0.012707138707048704
task1535_dailydialog_sentiment_analysis,0.43227899432278993,0.7457885114830246,0.045088131469226855,0.44326348820730843,0.26455026455026454,0.011266855382694674,0.39290917921321034,0.860344137655062,0.07192429634794822,0.44920440636474906,0.32447761713381007,0.015087773968267326,0.4472917294744247,0.17562580587790674,0.004404785823829471,0.43227899432278993,0.7457885114830246,0.0871648215881107
task1536_dailydialog_sentiment_analysis,0.6018474279343845,0.35161744022503516,0.01867265095600823,0.6189439303211759,0.4040103463272827,0.030870106952754717,0.6176572818908586,0.041834228495857106,0.005695301976153144,0.6279761904761905,0.0731938344958236,0.0020271986568977662,0.592944369063772,0.07346292947558773,0.00035381690033314817,0.6018474279343845,0.35161744022503516,0.03387312643855281
task1541_ag_news_text_categorization,0.7628106169679517,0.1510701563533724,0.02273757592082487,0.7995519019987105,0.03470815366641246,0.046139521790253255,0.7739459815546772,0.10664809251710686,0.059111431181244345,0.7767543859649123,0.11479811476346218,0.0413980373577139,0.7533181357649443,0.15158792456940484,0.023728926438040518,0.7628106169679517,0.1510701563533724,0.049129653050469055
task1548_wiqa_sentence_ordering,0.6816638370118846,0.0032306002455256043,0.00021472981111894662,0.6807743795695603,0.10586068340773079,0.0027996242921119185,0.5896306676008407,0.44193516240063174,0.02928253392943747,0.6833715471121302,0.07739790165688845,0.008002527580829144,0.6753246753246753,0.18490435522920162,0.00907861342628638,0.6816638370118846,0.0032306002455256043,0.012830727220965982
task1554_scitail_textual_entailment,0.32432432432432434,1.0416666666666667,0.17106708868563286,0.503968253968254,0.6944444444444445,0.13576727513362707,0.40476190476190477,0.8875739644970414,0.11426026284232288,0.757153415690001,0.25911588411588415,0.061356732636346945,0.8799519807923168,0.017300407925407928,0.010369779770442789,0.32432432432432434,1.0416666666666667,0.08354123495423352
task1559_blimp_linguistic_probing,0.32432432432432434,1.0416666666666667,0.1997276103202985,0.32432432432432434,1.0416666666666667,0.2626996700179898,0.5477841422972565,0.0874125874125874,0.04199644970582145,0.32432432432432434,1.0416666666666667,0.1768278700831203,0.52995299529953,0.021165940977261655,0.00588619936098983,0.32432432432432434,1.0416666666666667,0.03551804492558852
task1560_blimp_linguistic_probing,0.8782467532467533,0.13636363636363635,0.12319154129025847,0.757153415690001,0.2987012987012987,0.16925008282446707,0.7211497211497211,0.35135135135135137,0.1333872646122611,0.9299929992999301,0.01075268817204296,0.033525594428886085,0.92,0.0,0.02178610326037883,0.8782467532467533,0.13636363636363635,0.1645002770580184
task156_codah_text_completion,0.8678500522466039,0.12948751632137626,0.021863611399665722,0.7916055270237221,0.12422342463995084,0.04325861728882199,0.8882362346648062,0.09140243578601158,0.033949059583025853,0.8882362346648062,0.09140243578601158,0.014982129739485164,0.8882362346648062,0.09140243578601158,0.010277161583572711,0.8678500522466039,0.12948751632137626,0.08411522715527578
task1583_bless_word_relation_classification,0.7987117552334944,0.08003201280512205,0.008986567567496051,0.7756017951856384,0.15955099988713436,0.035671783842786464,0.757153415690001,0.27881282383083106,0.12151294256522449,0.7742200328407225,0.18520228604262212,0.060348088044210546,0.8095238095238095,0.041745093098968,0.007240915041325124,0.7987117552334944,0.08003201280512205,0.025059321744969748
task1584_evalution_word_relation_classification,0.9092650468797259,0.04192054375652911,0.003817880952512176,0.9191919191919191,0.031930179341173974,0.008295368366578126,0.7242647058823529,0.3403551718954669,0.181183799779004,0.9191919191919191,0.031930179341173974,0.01032150991759867,0.9092650468797259,0.04192054375652911,0.0006486041807441945,0.9092650468797259,0.04192054375652911,0.010158597377976308
task1587_scifact_text_matching,0.40476190476190477,0.9090909090909091,0.0481761640222558,0.7373737373737375,0.035490035490035494,0.02118714332031868,0.3686255463817387,0.9848484848484849,0.06247242420638205,0.7395833333333333,0.2711323763955343,0.0426584286303997,0.7373737373737375,0.035490035490035494,0.0028977334898134532,0.40476190476190477,0.9090909090909091,0.004858704794029889
task1589_scifact_text_quality_evaluation,0.4022869022869023,0.8318836701012534,0.07033254243571854,0.3743099006256901,0.9409383986432791,0.07289015892143694,0.3197278911564626,1.0638297872340425,0.25578732012041844,0.5941558441558441,0.1405058209554396,0.005206974097035771,0.595959595959596,0.10705205406128729,0.0017946717920058197,0.4022869022869023,0.8318836701012534,0.13725384480844705
task1592_yahoo_answers_topics_text_categorization,0.6588792562213615,0.39631268644809525,0.057421939064678844,0.5605211230691107,0.521985332275244,0.0737662354538198,0.571576354679803,0.5186362686541027,0.08518862362238491,0.5884619883040935,0.4506815394003231,0.0711341023638599,0.6569623309416687,0.36481662855875036,0.025262132911424123,0.6588792562213615,0.39631268644809525,0.1606412726107027
task1593_yahoo_answers_topics_text_categorization,0.49273481263654906,0.36964780519110635,0.042479624246755915,0.4563668526793204,0.48515944749069834,0.0564005521996842,0.45622518723747996,0.4954733023753101,0.06094945293969255,0.4492180054880285,0.4986342820887444,0.07702207015928564,0.49223330208811156,0.4660771067113858,0.02715913434280154,0.49273481263654906,0.36964780519110635,0.0965877080231538
task1599_smcalflow_speaker_identification,0.915855271066234,0.050857308921825065,0.07402563138392734,0.9271491015055853,0.043128234617596295,0.06276199660970622,0.915855271066234,0.050857308921825065,0.08542523738167318,0.9386578333946755,0.035561877667140813,0.04835936049328782,0.915855271066234,0.050857308921825065,0.05030403637922909,0.915855271066234,0.050857308921825065,0.05949431881729561
task1604_ethos_toxic_language_detection,0.7028862478777589,0.3134587168200614,0.1587165379863571,0.8286117552172598,0.1284851289913556,0.009645384920192956,0.8295739348370927,0.08027307308465559,0.0241437988563849,0.75,0.2832712032181293,0.05060968549045375,0.7889659330720531,0.06863504895629136,0.017223808461255985,0.7028862478777589,0.3134587168200614,0.18575105326473013
task1612_sick_textual_entailment,0.6623730825081379,0.4495597917912943,0.04275646355318097,0.5066666666666667,0.6426762518348346,0.1315199492702412,0.5933526179187147,0.5759251461130829,0.09179801088492062,0.7858609951633208,0.29954636478650126,0.029290534037276217,0.7329378440489552,0.2991311647867309,0.008314922702293531,0.6623730825081379,0.4495597917912943,0.16690413678948374
task1615_sick_textual_entailment,0.8021870245100735,0.18914378920627814,0.026723427915984144,0.7658190032060622,0.31322622354418017,0.03250779225131595,0.5850356227647772,0.6007482158140762,0.06309554966300618,0.7647656756506437,0.21343648008454358,0.023056445515759444,0.7949545078577337,0.18247303295503878,0.01570709894858688,0.8021870245100735,0.18914378920627814,0.16465237707651145
task1623_disfl_qa_text_quality_evaluation,0.46357989836250707,0.7296466973886329,0.22942320436486802,0.8938879456706281,0.10946907498631635,0.09320350706266356,0.7584541062801933,0.2722323049001815,0.15858306782933823,0.9485119967047678,0.019445164635727256,0.041009617345726335,0.9485119967047678,0.019445164635727256,0.04190774973857614,0.46357989836250707,0.7296466973886329,0.22560771341055955
task1624_disfl_qa_answerability_classification,0.5626666666666666,0.2706576493835407,0.006705587505514948,0.503968253968254,0.5883962780514506,0.03770291845770779,0.43466666666666665,0.7100932816266639,0.07336394868571827,0.5796553173602353,0.21209633278598794,0.0013006863064888574,0.614448051948052,0.03442978971343826,0.012776434749565718,0.5626666666666666,0.2706576493835407,0.02254683754332132
task1630_open_pi_text_categorization,0.5147661325139554,0.6135098653724899,0.12522168962653032,0.8090469141349509,0.1941019071016905,0.08191041493381644,0.7291727503529809,0.26439570504699744,0.04803522265840997,0.7055443748757703,0.23984000720310208,0.024001695249467492,0.7154137572854752,0.21837214948140435,0.020878610240706127,0.5147661325139554,0.6135098653724899,0.2648278021565306
task1640_adversarial_qa_answerability_classification,0.5703301673450927,0.3092954705857931,0.03441356618180044,0.64,0.2788502788502789,0.038749664058610134,0.40625,0.7590539848604364,0.1111378066334282,0.5983935742971888,0.020043462666413478,0.004329545875980112,0.6457131288591963,0.09735009735009736,0.001846091809886402,0.5703301673450927,0.3092954705857931,0.02698261761953566
task1645_medical_question_pair_dataset_text_matching,0.35064935064935066,0.9259259259259258,0.2538691424962507,0.6637242538881883,0.40612863502889074,0.14765330407344718,0.50997150997151,0.6985055230669266,0.2711343867577335,0.7575757575757576,0.21294177472667175,0.0862103298848243,0.8399359743897559,0.10447818418832912,0.006531369134922416,0.35064935064935066,0.9259259259259258,0.1767387800795137
task1661_boolq_question_answering,0.8399359743897559,0.10447818418832912,0.03969602430068153,0.8298468621759583,0.11689269153910332,0.05602046863270463,0.7564935064935066,0.2394270700906857,0.12224029892041921,0.8399359743897559,0.10447818418832912,0.039243657978628194,0.8998397435897436,0.03578457684737881,0.029835970982881155,0.8399359743897559,0.10447818418832912,0.1108244407029953
task1712_poki_text_categorization,0.39583333333333337,0.9228748034718185,0.10318267830918082,0.3559286242213071,1.051270454255529,0.1099252070257726,0.6514004087029691,0.26850383167389685,0.07350906362304921,0.5592948717948718,0.30367642307940806,0.02223729633904095,0.5894909688013137,0.08291873963515754,0.002282272993678003,0.39583333333333337,0.9228748034718185,0.011068820566177417
task1720_civil_comments_toxic_language_detection,0.6394230769230769,0.10266426282051289,0.008185063687474015,0.6587715776796468,0.05099067599067598,0.021953287334123522,0.5833333333333333,0.37393162393162394,0.05726538659681646,0.6587715776796468,0.05099067599067598,0.01320217839205412,0.6491228070175439,0.036982248520710095,0.00044456866196185274,0.6394230769230769,0.10266426282051289,0.024178499745464155
task1721_civil_comments_toxic_language_detection,0.6692848284415047,0.3051941930618401,0.037063209173547995,0.6009060511271707,0.4693223443223443,0.058684927608114945,0.6703296703296704,0.38919413919413925,0.04951366135609686,0.6419437340153453,0.27120315581854043,0.02776455388561988,0.7092731829573935,0.030471289274106146,0.009302918561436141,0.6692848284415047,0.3051941930618401,0.0729170911246041
task1722_civil_comments_toxic_language_detection,0.565936337329475,0.3304770183935643,0.012640877786406352,0.565936337329475,0.2904610119910033,0.03328338875307907,0.5280995280995281,0.4844795060881496,0.03841310660534836,0.5024875621890548,0.5873778082661635,0.06084667656774417,0.5495946351716545,0.07457528465931829,0.0011493812965027161,0.565936337329475,0.3304770183935643,0.020062757998916908
task1723_civil_comments_toxic_language_detection,0.4800309768779732,0.5651317130625835,0.04692383534692579,0.5459824728117411,0.4236782432271155,0.01865489344372845,0.6096486838154338,0.06920801107328174,0.013153349635407596,0.4456893501592169,0.7561515172106578,0.06064035100429596,0.6096486838154338,0.06920801107328174,0.004422389586318132,0.4800309768779732,0.5651317130625835,0.0576411266751895
task1724_civil_comments_toxic_language_detection,0.5659722222222222,0.5723905723905724,0.09282381791942185,0.6496847162446202,0.14763014763014765,0.00956418150398397,0.5242836596968692,0.6503632819422294,0.11325584126247595,0.6161616161616161,0.2639296187683285,0.04632222664668276,0.6491228070175439,0.17871017871017875,0.008094408797085922,0.5659722222222222,0.5723905723905724,0.03152189812563108
task1725_civil_comments_toxic_language_detection,0.6440513428972063,0.44369498660543427,0.0930053232158845,0.7863899908452854,0.20488477766958782,0.03805685476619558,0.6178622120318812,0.48693293885601574,0.10602580548161161,0.7584541062801933,0.0653677462887989,0.03368254431185139,0.7992773986350863,0.11518429487179488,0.023958091036137552,0.6440513428972063,0.44369498660543427,0.08813409349486845
task190_snli_textual_entailment,0.39759036144578314,0.7575757575757576,0.17216052833796902,0.42411924119241196,0.7238156970777291,0.11249623161810385,0.42411924119241196,0.7238156970777291,0.11236825193012562,0.553993782943641,0.4915263255912949,0.03202014472039494,0.537620849096259,0.08116883116883118,0.0011420362549353913,0.39759036144578314,0.7575757575757576,0.029179059538915253
task195_sentiment140_sentiment_analysis,0.6884735202492211,0.10144927536231886,0.02718161252460513,0.677938808373591,0.11764705882352942,0.02559020979286597,0.7149192271143491,0.3150684931506849,0.17825617989162884,0.6673051718923279,0.13432835820895525,0.004095501643603394,0.719551282051282,0.05555555555555553,0.012540516931942802,0.6884735202492211,0.10144927536231886,0.03989466257484864
task196_sentiment140_sentiment_analysis,0.78,0.08051529790660225,0.06589902380072032,0.7599039615846338,0.05403000254258838,0.03411506497607919,0.78,0.08051529790660225,0.06608737602985704,0.7694235588972431,0.1458686241294937,0.10448860130264423,0.78,0.08051529790660225,0.04220669103913205,0.78,0.08051529790660225,0.08923349992632462
task197_multinli_text_categorization,0.07469979296066252,2.326319992151199,0.4494709959137407,0.6402054517322464,0.359509016191611,0.0746484193286294,0.6767064308240778,0.2584467095242748,0.054587807023099316,0.6095681063122923,0.3989865503554394,0.0916132691610408,0.7077896761026616,0.15712350411863074,0.04892930049507309,0.07469979296066252,2.326319992151199,0.25226536216944684
task198_multinli_text_categorization,0.3575342201657991,0.809799959841655,0.06469681507038495,0.31415410107705055,0.755598700514587,0.03221815169310366,0.3747079319532691,0.8374770519227464,0.04596328271047774,0.43709042836862383,0.5515086344772103,0.03278255190366651,0.43970126877103627,0.49271481091304253,0.002450628382646647,0.3575342201657991,0.809799959841655,0.17092449914813967
task199_multinli_textual_entailment,0.6904761904761905,0.12467824967824968,0.05158464514986305,0.5858260469397147,0.45662100456621,0.08045159735108065,0.4152046783625731,0.6944444444444445,0.1771834993333119,0.6791169297907842,0.23148148148148148,0.0636622597003196,0.6032956972841013,0.28135571168358053,0.0006154681534572548,0.6904761904761905,0.12467824967824968,0.10194367385839098
task200_multinli_textual_entailment,0.8276525734152852,0.09846554799146436,0.023387482556915723,0.827929418251999,0.09846554799146436,0.04834772249592717,0.8279239766081871,0.09293888165412557,0.035729450347528446,0.8250582750582751,0.1479581141756028,0.02587143603651751,0.8049093475590753,0.13153625369072994,0.008527563107486924,0.8276525734152852,0.09846554799146436,0.028021672930923308
task201_multinli_textual_entailment,0.12606102786648107,0.7044475748149676,0.012181022318072415,0.18608776844070962,0.9341576487453966,0.0602358290659229,0.1912280701754386,0.7832487485828439,0.028603448561589112,0.14607695810564664,0.6726976798205003,0.01991661423621141,0.14051279269260242,0.2621513756356033,0.0012261411116153975,0.12606102786648107,0.7044475748149676,0.001280765746141277
task202_multinli_textual_entailment,0.6543126177024482,0.09320687090186623,0.028964560394030697,0.6902636940724776,0.18942627140139065,0.0391888754768564,0.6713883837235736,0.12697646250630718,0.03980350040987071,0.7034851968956596,0.059108393437144115,0.03415146656174692,0.7134129493033603,0.01799062413363925,0.00526173024288068,0.6543126177024482,0.09320687090186623,0.08585281284176088
task204_multinli_text_categorization,0.7741389045736872,0.2705890515506834,0.12050635226206247,0.7762863534675615,0.20684973990181224,0.0737875286984386,0.7571636716852841,0.12748907236522583,0.011062123326449125,0.7762863534675615,0.20684973990181224,0.07898829138862404,0.7566909975669099,0.05871106165583638,0.0024985625111066945,0.7741389045736872,0.2705890515506834,0.14607955912787693
task209_starcon_stance_detection,0.29361130853668166,0.8822710489734713,0.26615098722055486,0.7109458218549127,0.30616459178293687,0.16130744601379376,0.43361823361823354,0.6142669521302604,0.25383888090413115,0.5034158797915217,0.22823190060434523,0.05982216536862295,0.5034158797915217,0.22823190060434523,0.04568480794494573,0.29361130853668166,0.8822710489734713,0.2992372950080271
task211_logic2text_text_to_code,0.5024875621890548,0.7142857142857143,0.13447222294330902,0.9298245614035088,0.046703595090691864,0.00938603732614951,0.4554512802687985,0.8061749571183534,0.14961490992141702,0.7331691297208538,0.31941031941031944,0.06697104371458304,0.9697550156265753,0.007289388732687692,0.0010538667639243826,0.5024875621890548,0.7142857142857143,0.19692832025029214
task212_logic2text_text_to_code,0.502560088313513,0.792761816285511,0.24764960267574987,0.7511392851454962,0.405180027680981,0.12110765536071896,0.82356266383622,0.3434913931003833,0.06333217540302251,0.8216991341991342,0.34209126118117733,0.1698958346097672,0.9305023019308735,0.15954123378961216,0.07741909307466989,0.502560088313513,0.792761816285511,0.3272198425597855
task213_rocstories_text_completion,0.9797979797979798,0.0020614306328592177,0.023517111673554747,0.9299369432489241,0.06842619745845555,0.13579831716408017,0.9798711755233495,0.018552875695732846,0.06284691663135655,0.9797077922077921,0.022675736961451226,0.007565747728983663,0.9797979797979798,0.0020614306328592177,0.03125801344536305,0.9797979797979798,0.0020614306328592177,0.0008770086051302084
task214_rocstories_text_completion,0.3443419135502671,0.9334168449988691,0.05674177539391223,0.33774834437086093,0.9803921568627451,0.15135770022458084,0.3217937038161757,0.35347472322262236,0.005735849660798487,0.31754315535929345,0.2075830332132853,0.0029884064834574398,0.32993299329932996,0.010307153164296033,0.004536494476077957,0.3443419135502671,0.9334168449988691,0.005779967211390735
task220_rocstories_title_generation,0.9393939393939394,0.013815971262779779,0.02018825664438184,0.5322245322245323,0.6392045454545454,0.22280435458164094,0.8382051558623664,0.2005347593582888,0.1059161877579311,0.9495916927109588,0.025632262474367732,0.016125519306580877,0.9597423510466989,0.03720238095238094,0.02350748487125698,0.9393939393939394,0.013815971262779779,0.026472822478026597
task221_rocstories_text_completion,0.5989322655989323,0.08041822037457921,0.02834528132531766,0.3680959910118884,0.8044242980546473,0.08069130123542526,0.6022510822510823,0.11401146432823778,0.029046531418238625,0.5440516058661622,0.48393874676392046,0.05118722119163405,0.613290802764487,0.2628073800878066,0.0020044162079933536,0.5989322655989323,0.08041822037457921,0.06734451611850473
task224_scruples_ethics_classification,0.49019607843137253,0.6163697944519863,0.058341717934559334,0.4859890565412038,0.5746365782101339,0.019361146749310387,0.6196785670469881,0.20698681607953,0.0031349916014131174,0.41976790716286516,0.6438597762798676,0.03209670883078791,0.6239316239316239,0.0791324958162006,0.0003159001222830249,0.49019607843137253,0.6163697944519863,0.15512676312084628
task226_curated_from_stack_overflow___english._answerability_classification,0.5242836596968692,0.5847953216374269,0.04389314627493471,0.6068152031454783,0.10771332492643976,0.04646236566626405,0.32432432432432434,1.0416666666666667,0.30055958670955985,0.5670995670995671,0.4305193394176445,0.0173432701946723,0.60996099609961,0.056483816729718445,0.005526210495076039,0.5242836596968692,0.5847953216374269,0.07975834033862417
task227_clariq_question_understanding,0.8768472906403941,0.10247401551749373,0.010203077950555722,0.849624060150376,0.13971772283792747,0.15168685180347197,0.8089983022071308,0.21405286516633285,0.12053445524635698,0.8768472906403941,0.10247401551749373,0.011312024470396698,0.908452853219408,0.0632620197837589,0.012098581284788357,0.8768472906403941,0.10247401551749373,0.04077503438281416
task228_arc_question_answering,0.959915910808768,0.04907251077817212,0.04234487403150787,0.9597866524892051,0.032167748084570846,0.08144495612621619,0.9406240220578672,0.04490203415903925,0.08018368043496583,0.8542697155866548,0.11251296196012525,0.19993062181883897,0.959915910808768,0.04907251077817212,0.06600248740808587,0.959915910808768,0.04907251077817212,0.03422955764861929
task229_arc_question_answering,0.8473472179993919,0.11975182817935484,0.03869736908877956,0.8422570257611242,0.14975962596668385,0.060388082173981075,0.8407581214303903,0.1004069675768366,0.09133797305246594,0.8273809523809524,0.11004703511503687,0.06631331877949413,0.8452102647902354,0.11975182817935484,0.05593386939527824,0.8473472179993919,0.11975182817935484,0.04824895300086378
task230_iirc_question_answering,0.9190559440559442,0.0645509364156928,0.08024393480524084,0.8977737845662374,0.1001690045167672,0.09543666758305303,0.9080357142857144,0.05665647542600982,0.07350409969524807,0.8696183953033269,0.04396967913756585,0.04007431757993829,0.8904877134385331,0.040622349959767295,0.013561017537740527,0.9190559440559442,0.0645509364156928,0.17578284252845283
task231_iirc_question_answering,0.5855243970580887,0.37199323989030036,0.08063804203345773,0.36894222571971935,0.8302743097682942,0.14250037392421278,0.62042842215256,0.2514390955649277,0.04632555360884094,0.6497555272108844,0.2268446905744048,0.03942719624422633,0.6530812929025441,0.2222092827629389,0.014507639207310671,0.5855243970580887,0.37199323989030036,0.2036015938856343
task232_iirc_answerability_classification,0.628178072555522,0.18325617283950618,0.0030644379554795043,0.38650306748466257,0.78125,0.09406729963653471,0.54226426609704,0.560290404040404,0.02884503800707522,0.6553308823529411,0.2542162698412699,0.0215355197003064,0.6471418489767113,0.15357905982905984,0.001235980757710059,0.628178072555522,0.18325617283950618,0.0056218923655004804
task233_iirc_answerability_classification,0.4499449944994499,0.44973544973544965,0.018921341224945598,0.4117647058823529,0.7142857142857143,0.0798806726121252,0.255743716966886,1.5130568356374807,0.10410005619881946,0.5543293718166383,0.016420361247947494,0.00156318684888479,0.5151515151515151,0.2472527472527472,0.005291772888575963,0.4499449944994499,0.44973544973544965,0.0019049623475700939
task241_tweetqa_answer_verification,0.9493875898370281,0.03602000169505895,0.018748718787306468,0.8867263927504891,0.11172628417376829,0.11913532365533566,0.8492613807657522,0.16339869281045752,0.16659615540405873,0.9595959595959596,0.024322329575952758,0.003113524433324466,0.9697550156265753,0.012865846572704485,0.00566835437531385,0.9493875898370281,0.03602000169505895,0.022334254209321724
task242_tweetqa_answerability_classification,0.9694842844064693,0.00609892028080268,0.03487360806877707,0.9694842844064693,0.00609892028080268,0.0049021064239999634,0.6600291403593979,0.45219638242894056,0.2082678876400732,0.9589490968801313,0.027199782401740764,0.024588109428876542,0.9694842844064693,0.00609892028080268,0.004479946261580547,0.9694842844064693,0.00609892028080268,0.04373139061436937
task248_dream_question_understanding,0.17963875205254515,1.258277094154837,0.3052608631487428,0.13867439499623407,3.3496547981508527,0.1141357613206385,0.1754434361766485,3.945481127776419,0.1019731654157732,0.2451626504260241,0.8612402835499958,0.029170601378163366,0.2225856464116029,0.9094044676829984,0.01703757629824254,0.17963875205254515,1.258277094154837,0.18747682048824849
task268_casehold_text_completion,0.44931311236189286,0.27801253337538356,0.032676984851132934,0.43812393512967757,0.397217293916338,0.04697269238098152,0.4244947209653092,0.36337540636632476,0.04949605809100663,0.4374702843014039,0.5829979068016137,0.038265665048036024,0.4778259236942531,0.21612366524152735,0.00883836945547238,0.44931311236189286,0.27801253337538356,0.14773991861968294
task274_overruling_text_categorization,0.8563218390804598,0.16611295681063123,0.03797220529465192,0.8998397435897436,0.0644702325374594,0.055032674868365106,0.9199679871948779,0.04175583276788975,0.05143237544453089,0.9699248120300752,0.031559015358720785,0.0343627912094569,0.9294283697953423,0.07680491551459295,0.007150650001726877,0.8563218390804598,0.16611295681063123,0.13720304669646377
task276_wsc; enhanced_wsc_text_matching,0.8510730211817168,0.18138079005063767,0.1366228455346639,0.6290165801068438,0.47803809211607734,0.17945004196689096,0.6721193461710703,0.4587272015566748,0.1612849621184036,0.8174904144566373,0.31312162755504647,0.10866386692151214,0.8833802486511847,0.19546048754368792,0.042678355526113945,0.8510730211817168,0.18138079005063767,0.10415113093484009
task279_stereoset_stereotype_detection,0.28947712418300653,1.1501875414133804,0.12671369615378902,0.5129307256966832,0.1814589610101253,0.02276014118000172,0.41786738600172035,0.6867846348632369,0.09377803789902935,0.5034153243108467,0.25146031715409817,0.033810324853251,0.5327772628977449,0.17736530465637712,0.0008554599179615707,0.28947712418300653,1.1501875414133804,0.11127875802475941
task280_stereoset_text_categorization,0.820587758140245,0.07244550030886358,0.22026613709939732,0.7794622044622044,0.2962595139984404,0.15044335643845758,0.795570797488956,0.08384536105610724,0.1957116735268176,0.7330109126984127,0.10629286694043906,0.06741605448945626,0.6985663082437276,0.14008739071151316,0.09014442464973198,0.820587758140245,0.07244550030886358,0.26753373453363904
task284_imdb_sentiment_analysis,0.8076728413807066,0.21719250114311842,0.172045828257632,0.9199679871948779,0.058636140866764705,0.06888687522580722,0.8528793610760823,0.17694641051567242,0.16025252379946472,0.9298245614035088,0.02640555468979966,0.05584960304942771,0.9198717948717949,0.03675698382692716,0.040233347595855146,0.8076728413807066,0.21719250114311842,0.19705520642742602
task285_imdb_sentiment_analysis,0.9396135265700483,0.025197092511765773,0.009276257867011695,0.9099189270343309,0.027130637327345473,0.07107771939170882,0.9097744360902256,0.005073208605926372,0.04806658705205907,0.88,0.0602167804094741,0.08040941433788751,0.9396135265700483,0.025197092511765773,0.04699594444645555,0.9396135265700483,0.025197092511765773,0.005665749783169888
task286_olid_toxic_language_detection,0.34210526315789475,0.9615384615384615,0.2959418564323827,0.6396986570586308,0.39346536548029093,0.11215920927013745,0.6798719487795117,0.06952300150829561,0.012126103896352713,0.66996699669967,0.05501339456563342,0.01795763003832257,0.6794871794871795,0.018853695324283576,0.009193918891044428,0.34210526315789475,0.9615384615384615,0.2670025351506555
task290_tellmewhy_answerability_classification,0.4724573671942093,0.42188805346700087,0.013477925983891026,0.47443860487338746,0.6076759061833689,0.05392288609490836,0.4117647058823529,0.7142857142857143,0.20578024811615087,0.5200451722190853,0.4978354978354978,0.04111213113311599,0.5039272426622571,0.06410256410256408,0.0056994983354356765,0.4724573671942093,0.42188805346700087,0.059463838728871704
task291_semeval_2020_task4_commonsense_classification,0.5118845500848896,0.4646302965630697,0.011873006031509759,0.5555555555555556,0.5539920886387342,0.09008359357613693,0.6186270574066639,0.11682092191715392,0.02145658860703259,0.6578099838969405,0.1012526222610256,0.046054414428224666,0.6398559423769508,0.05127050820328133,0.0057458910117084705,0.5118845500848896,0.4646302965630697,0.04758041840381702
task296_roc_stories_text_completion,0.96,0.04006410256410254,0.06502997761688689,0.47619047619047616,0.7554945054945054,0.22616185299512231,0.96999699969997,0.02973830293417923,0.05423996400510342,0.9899909918927035,0.009712509712509735,0.011951857903654162,0.9899909918927035,0.009712509712509735,0.0013331487223202654,0.96,0.04006410256410254,0.061049685244969926
task297_roc_stories_text_completion,0.3922393641888733,0.7528712606837605,0.05220521024210073,0.34210526315789475,0.9615384615384615,0.20597318599318748,0.3603411513859275,0.7286076326774,0.04259846862663741,0.3603411513859275,0.7286076326774,0.041791226043475016,0.3899389938993899,0.014381985535831638,0.0014070094876901529,0.3922393641888733,0.7528712606837605,0.005292163531921079
task298_roc_stories_coherence_classification,0.8696741854636592,0.09762746831712353,0.05799954959997966,0.7851662404092072,0.23024180460889315,0.18049410576421807,0.949753793588584,0.033738191632928474,0.0794705338334569,0.8899009108197378,0.0738259867473351,0.04769917329596407,0.9199679871948779,0.01829013377926421,0.07242131555092068,0.8696741854636592,0.09762746831712353,0.08614177701257253
task309_race_question_answering,0.8711822660098523,0.037663117615111374,0.01913748653863473,0.8549310561291859,0.10960645629334116,0.09816239413882533,0.882397423579232,0.028313463698525942,0.02180478234540588,0.8591185625353708,0.07508522357961,0.05991573101292552,0.8936519253799524,0.03434902327238128,0.03548052808245629,0.8711822660098523,0.037663117615111374,0.034096318055155075
task310_race_question_answering,0.6726850385386971,0.33333333333333337,0.04967241738262057,0.6155585707824514,0.5151515151515151,0.07230796531160844,0.6155585707824514,0.5151515151515151,0.07881992118695205,0.7390606182256123,0.08108108108108109,0.012532324384236349,0.7390606182256123,0.08108108108108109,0.0019895850076390997,0.6726850385386971,0.33333333333333337,0.08993964998997409
task316_crows_pairs_stereotype_detection,0.5967741935483871,0.4920169436298469,0.03457987549437913,0.6376811594202898,0.02525252525252524,0.006547401669887876,0.6269785260610949,0.0432900432900433,0.009546551994668334,0.6189887756152817,0.17155683822350493,0.017825396877144267,0.66996699669967,0.08593396653098143,0.0002810376677621629,0.5967741935483871,0.4920169436298469,0.10607477400705975
task317_crows_pairs_stereotype_detection,0.5154995635704048,0.5906808059864656,0.3811214127392871,0.7244859663537825,0.3025543745519682,0.10442045183033809,0.7086210086210085,0.3147111022229961,0.12701750980705967,0.6042778288302585,0.4081126846577823,0.18438721673581238,0.7031217730389786,0.305774803658656,0.09000870485585066,0.5154995635704048,0.5906808059864656,0.4068306441132242
task318_stereoset_stereotype_detection,0.3936770300406664,0.870161255791499,0.20220731322246194,0.7809603262884687,0.23576315944605367,0.04207622188877494,0.6720999708539784,0.07899080376376545,0.07435516164590006,0.7568771798279995,0.20385550553756548,0.03072547243533394,0.7413790774633618,0.20236407977231455,0.027508552711635215,0.3936770300406664,0.870161255791499,0.26178682646083096
task319_stereoset_stereotype_detection,0.48767795778105055,0.7309561530663691,0.17393444218367876,0.7244041137326075,0.3522764606413468,0.07999000600061187,0.7775375375375376,0.2504537624886999,0.08781146678993915,0.810776439089692,0.20711232661526463,0.027356978025290385,0.8953329592218481,0.06378426733202844,0.05121224557489787,0.48767795778105055,0.7309561530663691,0.33650299158740593
task320_stereoset_stereotype_detection,0.5045188729399256,0.7153957561818235,0.16187873235539305,0.6807504444329381,0.33778283312426877,0.07464861739494699,0.6690870891847182,0.38246148546395875,0.09642884918054939,0.7497866530124595,0.23104755841336025,0.06742247968215323,0.8009259259259259,0.10460440607518429,0.012857574985288778,0.5045188729399256,0.7153957561818235,0.2421001104115651
task322_jigsaw_toxic_language_detection,0.3742177722152691,0.8893280632411067,0.24518596454548106,0.7829861111111112,0.2717391304347826,0.05208407212382604,0.7898108297467721,0.042296010925620145,0.0374734038916375,0.8333333333333334,0.15911356491066633,0.011375498387029725,0.8333333333333334,0.15911356491066633,0.032451486375753846,0.3742177722152691,0.8893280632411067,0.027964600671015527
task323_jigsaw_toxic_language_detection,0.3150684931506849,1.0869565217391304,0.10097740904862484,0.525101763907734,0.6704980842911878,0.02595809776193958,0.7681217864704104,0.19815128510780686,0.003653808097523026,0.8199279711884754,0.055967950983857644,0.006229228217460414,0.8199279711884754,0.055967950983857644,0.0002831087588228143,0.3150684931506849,1.0869565217391304,0.08204962809223043
task325_jigsaw_toxic_language_detection,0.3695175438596491,0.9062253743104807,0.14515524720362238,0.8346424142207525,0.154843149624362,0.01889231301815436,0.8787878787878788,0.053830152184226876,0.0019148769670196686,0.8089983022071308,0.23352361183186301,0.035306475017518046,0.8787878787878788,0.053830152184226876,0.00047373829223598674,0.3695175438596491,0.9062253743104807,0.1436975936136317
task326_jigsaw_toxic_language_detection,0.3710691823899371,0.9419454056132257,0.18048167329538017,0.6846709388668497,0.2084891927785607,0.03420084506609031,0.6338529134846741,0.3432142087604272,0.05894815082837623,0.6683750376846548,0.12452742290946223,0.025871470922806505,0.6491228070175439,0.09696186166774401,0.0025963167766711592,0.3710691823899371,0.9419454056132257,0.08637873307191307
task327_jigsaw_toxic_language_detection,0.8712998712998713,0.07415608288770052,0.03578132632622749,0.9007936507936507,0.1358695652173913,0.03595525483628459,0.8133333333333332,0.2543604651162791,0.09898352847161085,0.8957247132429613,0.05353102779573367,0.01691490601820711,0.8712998712998713,0.07415608288770052,0.024439113527341405,0.8712998712998713,0.07415608288770052,0.06538312543788494
task328_jigsaw_toxic_language_detection,0.4295634920634921,0.8351488743645606,0.19410510027736794,0.8084484323016433,0.13116357654172778,0.03875557511700156,0.7575757575757576,0.11162359680714393,0.0018481221263995096,0.7694235588972431,0.04495304615352634,0.015771346145462245,0.7987117552334944,0.12004801920768304,0.002118996401710982,0.4295634920634921,0.8351488743645606,0.17236301731611858
task329_gap_coreference_resolution,0.29988052568697726,1.2758809055111733,0.1256326160826719,0.3596684436962215,0.6613174449308008,0.14064753237692748,0.4128413591828226,0.6140284457687859,0.14503281511946228,0.2548643113159242,1.5034134756553261,0.1461832628755193,0.544741525302104,0.17267561127218883,0.01762450635017862,0.29988052568697726,1.2758809055111733,0.012147524624973316
task333_hateeval_toxic_language_detection,0.3197278911564626,1.0638297872340425,0.24071948325949347,0.7999199679871949,0.03512645523885985,0.04102079544611381,0.7894736842105263,0.0033030301490428963,0.03196464956059264,0.7894736842105263,0.0033030301490428963,0.031716105808622774,0.8099809980998101,0.04782649637460286,0.010444343414227925,0.3197278911564626,1.0638297872340425,0.23031501187594575
task335_hateeval_toxic_language_detection,0.36580416032470825,0.9615384615384616,0.04238216531444419,0.5985547972701726,0.14022435897435895,0.010417262616991052,0.525101763907734,0.5470822281167109,0.012363445070322054,0.52,0.49533799533799533,0.018585737197789554,0.6198479391756703,0.007754342431761759,2.23400598099166e-05,0.36580416032470825,0.9615384615384616,0.004263509230957224
task337_hateeval_toxic_language_detection,0.8795664391810518,0.008211379146746462,0.011018830937931462,0.8795664391810518,0.008211379146746462,0.01942009226934016,0.84998499849985,0.04840956856447914,0.0449007149982546,0.8795664391810518,0.008211379146746462,0.011012995329125086,0.8795664391810518,0.008211379146746462,0.010135188006930307,0.8795664391810518,0.008211379146746462,0.008031908648710812
task340_winomt_gender_classification,0.9796001631986944,0.017593244194229394,0.12798039594910735,0.9793303017775941,0.024295432458697794,0.010325558964073833,0.9897023993409535,0.01202501202501204,0.04619748473826649,0.9897023993409535,0.01202501202501204,0.042291601918795274,0.989769820971867,0.008707767328457001,0.11611679542693099,0.9796001631986944,0.017593244194229394,0.03333028204788113
task341_winomt_gender_classification,0.8346424142207525,0.1745650183150183,0.045448302572089566,0.5091164095371669,0.6962864721485412,0.17538279046005273,0.8481627695110842,0.16968325791855202,0.06774014014235957,0.8699869986998701,0.05157677571470676,0.03865438239752683,0.88,0.04006410256410255,0.006843866965204504,0.8346424142207525,0.1745650183150183,0.10356740424587957
task346_hybridqa_pos_tagging,0.7894736842105263,0.14421410954157232,0.0005958985973635311,0.6756982948007113,0.3868234964643283,0.1492809505479429,0.6996996996996997,0.2829218106995885,0.12859622227016854,0.7894736842105263,0.14421410954157232,0.0038533343544725207,0.7894736842105263,0.14421410954157232,0.016111328821567183,0.7894736842105263,0.14421410954157232,0.06644640741200097
task349_squad2.0_answerability_classification,0.7767857142857143,0.09141961603761264,0.03281239033927555,0.7297567811029927,0.29827662395050814,0.03348115386988537,0.7023809523809523,0.35966401572692347,0.15805315364527295,0.7599039615846338,0.2267447055669735,0.017637959114310486,0.7874278773155178,0.10691796866605058,0.014066956192217206,0.7767857142857143,0.09141961603761264,0.06340901067110924
task350_winomt_gender_classification,0.2907801418439716,1.2195121951219512,0.1386157274051787,0.3732193732193732,0.9898488815396628,0.06508408373568939,0.6216897856242118,0.16923315419594867,0.013165087654068819,0.6224786970121885,0.24326644830985467,0.02186242984115372,0.6598639455782312,0.2173450085810565,0.00167498576519301,0.2907801418439716,1.2195121951219512,0.01426761132745713
task351_winomt_gender_classification,0.3548387096774194,0.9090909090909091,0.1299599969421457,0.3548387096774194,0.9090909090909091,0.046214879850969615,0.47987336047037543,0.5349794238683128,0.010635444525600973,0.5495946351716545,0.15610651974288342,0.00977920060000792,0.5784825371336813,0.003483106931382816,0.00012760215225671168,0.3548387096774194,0.9090909090909091,0.048041845794054544
task353_casino_negotiation_strategy_detection,0.8,0.0,0.01264336029677926,0.4106583072100314,0.8490566037735849,0.11300491106106053,0.6266666666666667,0.3846153846153846,0.04724568078651409,0.7479584635547938,0.11999999999999995,0.01879588183108938,0.7487689679429204,0.09333333333333327,0.008966530194969902,0.8,0.0,0.07850912311204711
task355_casino_negotiation_strategy_detection,0.6884735202492211,0.16203259269602452,0.008397709012483712,0.4357366771159875,0.7609211342651728,0.058569494793930865,0.630450849963045,0.41534138282432137,0.0016201972217060323,0.5876736111111112,0.5134613641366986,0.008804991425471531,0.6691729323308271,0.1351132734560837,0.006488302820741199,0.6884735202492211,0.16203259269602452,0.030452843343563574
task356_casino_negotiation_strategy_detection,0.677938808373591,0.1989201477692526,0.027284676401325453,0.6296711929076422,0.41519455860792653,0.04741415946849842,0.6847414880201765,0.23579480101219236,0.015106244357102672,0.7099709970997099,0.09469052641128578,0.018766114286865726,0.6673051718923279,0.05467829932463286,0.0002552753544360631,0.677938808373591,0.1989201477692526,0.10663145131041077
task357_casino_negotiation_strategy_detection,0.6697027324592133,0.035450765496190535,0.030689789631117348,0.5777983729790959,0.37050683697699177,0.05697519326345324,0.5459824728117411,0.4866231601548153,0.06265203903635116,0.6510673234811166,0.16347045332552584,0.008561223418924319,0.6788438378161381,0.008288339490385562,0.0004953125049843576,0.6697027324592133,0.035450765496190535,0.0352946650168427
task359_casino_negotiation_strategy_detection,0.5464100011063171,0.4671053079220789,0.04530092950647191,0.6921182266009853,0.2896140391122326,0.025842887952145704,0.6921182266009853,0.2896140391122326,0.021939770530149783,0.6683750376846548,0.044638309855779254,0.016220205074909427,0.6884735202492211,0.16203259269602452,0.001729427532014327,0.5464100011063171,0.4671053079220789,0.08236765337063187
task361_spolin_dialogue_generation,0.5849782366636299,0.1268975089984963,0.043994003083785815,0.5664885573142454,0.09824843119440514,0.0416130019569681,0.40781681800236874,0.8339111711251413,0.15441989554610855,0.48589341692789967,0.7052507671685866,0.12378289843941653,0.5798319327731092,0.025609435346557942,0.006324240362668293,0.5849782366636299,0.1268975089984963,0.017647172490319912
task362_spolin_dialogue_act_recognition,0.8299829982998299,0.027996601791782483,0.015722699523490508,0.721964782205746,0.1931858096241658,0.02872749776367467,0.6178622120318812,0.4068047337278106,0.03920333245087504,0.7331691297208538,0.2566268191268191,0.005264184236181357,0.7889659330720531,0.12881369685167157,0.011503863886620058,0.8299829982998299,0.027996601791782483,0.06921002911627572
task363_sst2_sentiment_analysis,0.8799519807923168,0.057641633728590255,0.07183571065905467,0.8799519807923168,0.057641633728590255,0.044585124510445606,0.8897243107769424,0.023973656118257955,0.05107863909660337,0.8799519807923168,0.057641633728590255,0.04768120912445467,0.8799519807923168,0.057641633728590255,0.030638298408126513,0.8799519807923168,0.057641633728590255,0.10161768120449988
task375_ddo_text_categorization,0.2717693236714976,1.1614388969802436,0.26183908891682295,0.5803408881706793,0.25239551910012664,0.10282542588748576,0.6694256756756757,0.13112485110807137,0.08079157051801229,0.5106782320818274,0.19530399527827436,0.02784940800249354,0.48870215805699674,0.2498327220068017,0.036606435879082175,0.2717693236714976,1.1614388969802436,0.19131004873779908
task379_ag_news_text_categorization,0.2842391304347826,1.0079455105881392,0.3679840089034675,0.858788420191739,0.11139480883255143,0.05502977371170022,0.8654220779220779,0.11560622367193435,0.0701192800451231,0.8359593837535013,0.23210739681257272,0.09874716032523059,0.8664297658862876,0.1445248335190207,0.05515257056459823,0.2842391304347826,1.0079455105881392,0.2950918332236675
task382_hybridqa_pos_tagging,0.6374251409965696,0.4957127062377319,0.33105538277303403,0.676039579329053,0.4874287889838371,0.23296515563383907,0.7557641432641433,0.43264435818661784,0.1358573175782754,0.5501496976987172,0.6065227312937297,0.239622937663394,0.8176774492563967,0.3416930363468056,0.05445383017491287,0.6374251409965696,0.4957127062377319,0.5886783088068657
task383_matres_misc.,0.7266929851199515,0.11086231120477695,0.007431242551300343,0.7266929851199515,0.11086231120477695,0.005976114245047404,0.5476190476190476,0.606131100082713,0.07879794405453586,0.6053333333333333,0.4375254375254375,0.053204459745927496,0.7390606182256123,0.04114691614691615,0.004297800304309596,0.7266929851199515,0.11086231120477695,0.014132356376505117
task384_social_iqa_question_understanding,0.7275985663082437,0.29639427787575934,0.026642003556176297,0.21875,1.7857142857142856,0.13585292296111115,0.5463618218109236,0.5621693121693122,0.0640251554987375,0.6190476190476191,0.1838235294117647,0.010350965863792333,0.6072757337742869,0.18561187916026622,0.008481104650483351,0.7275985663082437,0.29639427787575934,0.12955813221235626
task386_semeval_2018_task3_irony_detection,0.3103448275862069,1.1111111111111112,0.2206448170536287,0.6053333333333333,0.5018438351771685,0.05166469869988233,0.630450849963045,0.4584304584304584,0.046925565891265564,0.7599039615846338,0.07442849548112702,0.003322566769302232,0.7497747973175859,0.06060606060606063,0.01517985344531217,0.3103448275862069,1.1111111111111112,0.024191942910768427
task387_semeval_2018_task3_irony_detection,0.26450344149459193,1.0460889550459518,0.21196328932690406,0.15847588017015116,1.6114630388390438,0.16575015673516963,0.4126135302605891,0.544161254530917,0.2206785398906344,0.40299547196098917,0.5442588019646976,0.07567117608224525,0.46183435509075615,0.09563417032131677,0.005518366759873272,0.26450344149459193,1.0460889550459518,0.043010778533866784
task391_cod3s_cause_effect_classification,0.6834011759384894,0.3759820426487094,0.06148578796405446,0.6834011759384894,0.3759820426487094,0.06308008886889993,0.6980676328502415,0.2164502164502165,0.024705795988800294,0.7398959583833533,0.1283101283101283,0.007410068036454248,0.6892230576441103,0.027814375640462616,0.007829447384982702,0.6834011759384894,0.3759820426487094,0.0267971991375118
task392_cod3s_cause_effect_classification,0.7060153776571687,0.2516387762289402,0.033284318779966626,0.7211497211497211,0.13803210524522,0.014706372664219758,0.2987377279102384,1.2295081967213113,0.08841270335743776,0.7083333333333334,0.0607164541590771,0.004924080092919114,0.7083333333333334,0.0607164541590771,0.001946834491725058,0.7060153776571687,0.2516387762289402,0.18689504768386692
task397_semeval_2018_task1_sentiment_analysis,0.7194950911640954,0.18091361374943463,0.022314643535184087,0.6290726817042607,0.2947025335085036,0.059704894981891465,0.7472426470588236,0.13742476429043593,0.010474965645611234,0.6807743795695603,0.10586068340773079,0.027596363413754044,0.6807743795695603,0.10586068340773079,0.02509767579150679,0.7194950911640954,0.18091361374943463,0.055529729684034135
task398_semeval_2018_task1_sentiment_analysis,0.7877758913412564,0.202020202020202,0.11557044824060261,0.7996794871794872,0.05050505050505048,0.018684386954626764,0.6576408341114224,0.38745665611337254,0.07670490323496068,0.8043455874781176,0.11098640728270354,0.07481306783284664,0.8095238095238095,0.03865818680633493,0.041764508573001125,0.7877758913412564,0.202020202020202,0.13610485483894985
task399_semeval_2018_task1_sentiment_analysis,0.6124031007751938,0.49427679500520294,0.20027055617654285,0.8597778017473843,0.07464434166617877,0.0208785803168883,0.8430798200648604,0.007490262658543931,0.001398025833857841,0.8585858585858586,0.1312828207051763,0.06909353930361528,0.8487750781328763,0.14231499051233398,0.04107171966410328,0.6124031007751938,0.49427679500520294,0.02316920314390916
task400_paws_text_matching,0.6875,0.20703933747412015,0.005533425644772327,0.7266929851199515,0.07114022897227187,0.00339802536599057,0.33542319749216304,1.0441292356185974,0.13705987453884527,0.6637242538881883,0.2450980392156863,0.008460677769904223,0.7293233082706767,0.011580967507114,0.005324105596931,0.6875,0.20703933747412015,0.028227705114163254
task420_persent_sentiment_analysis,0.2667096704832554,1.0225414308436032,0.09885998043918118,0.31435800126502217,0.8104761158468008,0.06932109787733126,0.25925925925925924,0.8567318447272014,0.23279452054569166,0.29796893667861407,0.8834095147274921,0.013610336448743765,0.3452406835674218,0.7091662786335365,0.04043331455850735,0.2667096704832554,1.0225414308436032,0.10412334701732795
task421_persent_sentiment_analysis,0.24194847020933974,0.8810735255216862,0.0849850649510979,0.27644787644787644,1.1219859936566918,0.09090727415689973,0.2570869990224829,1.1701727331177105,0.07497613476826417,0.33512610083781524,0.7069269581696246,0.026823238704197727,0.3447116264017673,0.6025480336304455,0.03931898570927514,0.24194847020933974,0.8810735255216862,0.17641018776967557
task456_matres_information_extraction,0.6072757337742869,0.41631755341432763,0.043095809805199614,0.6006725514922235,0.4817762882279012,0.05961513760534626,0.5305164319248826,0.6379585326953748,0.0931791155768272,0.6875,0.16813543599257885,0.052631416872110204,0.6398559423769508,0.0900466720779221,0.007920430236838916,0.6072757337742869,0.41631755341432763,0.08169251793746168
task457_matres_word_semantics,0.6108031607500884,0.5239758653540807,0.14719462689311102,0.6259934548854604,0.5006257822277846,0.14086615579661976,0.6381727725011307,0.44158972300281,0.11361112817557872,0.7198879551820728,0.03233864133101388,0.0026905479140392208,0.7050147492625369,0.12354334760065819,0.018352225973411684,0.6108031607500884,0.5239758653540807,0.02114140237443457
task458_matres_word_semantics,0.4171928120446819,0.849050788954635,0.1697193669195799,0.5174632352941176,0.6617484526967286,0.11316801874451626,0.5174632352941176,0.6617484526967286,0.11820728748168771,0.6892230576441103,0.11264399851356374,0.009097930435522289,0.6673051718923279,0.1746077305778798,0.00238623792502321,0.4171928120446819,0.849050788954635,0.06731478133338056
task462_qasper_question_understanding,0.5214285714285714,0.7647775206218285,0.0852749548534319,0.6585122938064115,0.2107971546956458,0.06342741067619961,0.5085015290519878,0.7976763457044114,0.10146205891638453,0.7085916987877773,0.29632824195248064,0.005661771229139717,0.6772844272844273,0.2932272394859373,0.03195480795314351,0.5214285714285714,0.7647775206218285,0.17613827622655356
task472_haspart_kb_entity_relation_classification,0.625,0.41666666666666663,0.0726376124476647,0.625,0.41666666666666663,0.0893769382607928,0.6798719487795117,0.13071895424836602,0.0013932165725558665,0.625,0.41666666666666663,0.09981269181654956,0.6697027324592133,0.1462385044474597,0.011099772353485055,0.625,0.41666666666666663,0.055736052897082305
task475_yelp_polarity_sentiment_analysis,0.98,0.0200080032012805,0.02039215505588521,0.9899989998999901,0.009902951079421688,0.0057636300356821435,0.9899909918927035,0.010307153164296033,0.05183816102111172,1.0,0.0,0.016096821561183916,0.9899989998999901,0.009902951079421688,0.047161818718658016,0.98,0.0200080032012805,0.014913391594258196
task476_cls_sentiment_analysis,0.9899909918927035,0.010307153164296033,0.027269445675075332,0.9899909918927035,0.010307153164296033,0.026200205430592094,0.9598554797270173,0.04251700680272108,0.07513934629568741,0.98,0.0200080032012805,0.003838294366499684,0.9799919967987194,0.00040832659594449073,0.02506500853067342,0.9899909918927035,0.010307153164296033,0.026188571918544346
task477_cls_sentiment_analysis,0.9597423510466989,0.003354804079441718,0.018547892392760057,0.9597423510466989,0.003354804079441718,0.014113111492247948,0.949753793588584,0.0063564708873633646,0.04351939669414409,0.9597423510466989,0.003354804079441718,0.02052348009491345,0.9597423510466989,0.003354804079441718,0.005302771901631531,0.9597423510466989,0.003354804079441718,0.00667354910485507
task478_cls_sentiment_analysis,0.90292309351742,0.10073260073260068,0.10502240406837138,0.90292309351742,0.10073260073260068,0.11755572882768278,0.9586606035551881,0.013020833333333346,0.095002216941007,0.947207264280435,0.04385964912280698,0.04372562902788629,0.9686159640129721,0.017182130584192438,0.027778882836513807,0.90292309351742,0.10073260073260068,0.10204144815460536
task493_amazon_polarity_sentiment_analysis,0.9579655317360235,0.05081300813008129,0.04510019068809576,0.9579655317360235,0.05081300813008129,0.046379446343323694,0.9592003263973888,0.03531073446327686,0.09163506836146743,0.9375,0.033863122619686326,0.023985308795036298,0.9691071980228607,0.0049010624651065655,0.024914680346861978,0.9579655317360235,0.05081300813008129,0.06174020899183641
task494_amazon_polarity_sentiment_analysis,0.948849104859335,0.043859649122807036,0.018071295941638976,0.7178260336155073,0.37337662337662336,0.14684009454179414,0.9388004895960832,0.05319148936170212,0.014607828554776381,0.9066293183940243,0.009157509157509125,0.04950342634199412,0.8891017239641092,0.10299625468164794,0.04520421379838524,0.948849104859335,0.043859649122807036,0.023127241817502697
task495_semeval_2020_task_7_text_categorization,0.3333333333333333,1.0,0.12939490650666483,0.3605015673981191,0.9183673469387755,0.04956895458336641,0.45599999999999996,0.5102040816326531,0.010401746218457963,0.4782608695652174,0.30612244897959184,0.0016295788542682044,0.5392628205128205,0.07407407407407403,0.0004896702902869032,0.3333333333333333,1.0,0.026833600162047916
task496_semeval_2020_task_7_text_categorization,0.9004314636574842,0.07064364207221349,0.10476498840467813,1.0,0.0,0.025183509064172938,0.7916666666666667,0.17857142857142855,0.1371438832049614,1.0,0.0,0.036729011578629955,0.9882061563863663,0.00721500721500719,0.07616082752121417,0.9004314636574842,0.07064364207221349,0.08949876008792168
task498_scruples_ethics_classification,0.13545971074380164,1.4244577428309733,0.28148360521794236,0.13030226060452121,1.4275565917671518,0.1369384587470725,0.25134600260990553,0.45534681737202226,0.008915087637976632,0.3428923572401833,0.46202150393570346,0.01853276713170507,0.32413419913419916,0.20679801614486099,0.0016837167607126197,0.13545971074380164,1.4244577428309733,0.034905689052158975
task502_scruples_ethics_classification,0.6138996138996139,0.30934343434343436,0.013061743371400647,0.5777983729790959,0.3920561547680192,0.05278410324920793,0.5944849959448499,0.4739704739704739,0.006081488934828627,0.6254681647940075,0.07535674202340874,0.017213822203052898,0.5985547972701726,0.0,0.0011612883930980367,0.6138996138996139,0.30934343434343436,0.016031176954117488
task503_scruples_ethics_classification,0.264,1.489135032665403,0.03847624946856698,0.35064935064935066,0.9146835033187631,0.015665061370798455,0.40828402366863903,0.7042253521126761,0.06113758669064551,0.3226600985221675,0.0614233065737222,0.006112258881002308,0.43227899432278993,0.3709205877591444,0.001192113302482034,0.264,1.489135032665403,0.003861463200295373
task508_scruples_ethics_classification,0.3710691823899371,0.8474576271186441,0.08457463619819117,0.2753623188405797,1.2195121951219512,0.03002454828304102,0.3710691823899371,0.8474576271186441,0.044807904779533364,0.46960424316605465,0.48746038307840706,0.012784800690011422,0.4373401534526854,0.15846768637177897,0.0005306319990713848,0.3710691823899371,0.8474576271186441,0.10756398023895805
task512_emotion_sentiment_analysis,0.26795004512395815,1.1176341391652853,0.2536577749024645,0.4161681777974347,0.4942661264340929,0.15468094263865892,0.4406093454873942,0.5108848643552834,0.12364372922656824,0.501291980192236,0.24040280690580382,0.07064801407712856,0.5333844396344397,0.29806403528753445,0.017075348699995413,0.26795004512395815,1.1176341391652853,0.3299927488601143
task517_emo_sentiment_analysis,0.6468095727989753,0.23035218726444684,0.07469771192260671,0.5060713518160326,0.6190099326776135,0.21477488013334012,0.5280107151176333,0.6420533165988079,0.1715773329276084,0.6813234579628022,0.21517039464400584,0.042984551778087965,0.7143776815584899,0.11951100527096581,0.007961655255253386,0.6468095727989753,0.23035218726444684,0.13147586005951445
task520_aquamuse_answerability_classification,0.9384236453201971,0.030816774742397836,0.08524906898301515,0.8998397435897436,0.09746588693957114,0.05165503587710374,0.8712998712998713,0.15856236786469347,0.15929028865955047,0.9491404740107823,0.0032210268633640834,0.06261057753248078,0.9696325539022168,0.027129679869777563,0.0038825576712747667,0.9384236453201971,0.030816774742397836,0.08687115171181475
task521_qanta_text_categorization,0.8755436720142603,0.19054996603527066,0.17736816395492538,0.8950729009552539,0.18584747615265595,0.102617963639186,0.8826417158821341,0.20998711013472748,0.03904168376562865,0.9035238650951103,0.18838304552590268,0.06477257847632438,0.8851141130913733,0.18323689028066856,0.05345185635793907,0.8755436720142603,0.19054996603527066,0.14922552236643594
task564_discofuse_discourse_relation_classification,0.013186813186813187,2.9607706112288508,0.1254694115060592,0.1427122694850034,1.1186019634859408,0.030063057949538636,0.12518975944229935,1.2755290444833065,0.04019133226739841,0.18978527095936,0.7850148802711197,0.008533547210604314,0.15720451348815245,1.2113181804639666,0.00039505335481785503,0.013186813186813187,2.9607706112288508,0.09667173882468671
task566_circa_text_matching,0.7150997150997151,0.18315018315018317,0.05314814697169001,0.7099709970997099,0.314192849404117,0.053290268025276255,0.5479204339963833,0.5808477237048666,0.13979615782530397,0.6702181633688482,0.35343035343035345,0.09693430111492957,0.7777777777777778,0.18878557340095797,0.012192953789845973,0.7150997150997151,0.18315018315018317,0.10563387854356598
task573_air_dialogue_intent_identification,0.3851102941176471,0.7811543711058673,0.3278621812426502,0.867214158390629,0.058285156477462935,0.06807731211578247,0.928411513859275,0.05770624326378119,0.030954909775282216,0.5538762698465339,0.4591826240691666,0.26017758943781744,0.8647751502229113,0.05770624326378119,0.10620111564070225,0.3851102941176471,0.7811543711058673,0.3547663902210237
task575_air_dialogue_speaker_identification,0.9597423510466989,0.03720238095238094,0.10751478744752155,0.9796001631986944,0.02319109461966603,0.0541966580293283,0.9397832195905259,0.056990881458966546,0.12753742474693855,0.9797979797979798,0.018221574344023318,0.08510034537695915,0.9797979797979798,0.018221574344023318,0.0817377995727111,0.9597423510466989,0.03720238095238094,0.12211918054308502
task577_curiosity_dialogs_speaker_identification,0.949874686716792,0.04784688995215313,0.06504891583955874,0.9798711755233495,0.018552875695732846,0.03295597375879333,0.9,0.10101010101010098,0.0875683167552514,0.9899183385421918,0.009182736455463731,0.01859052679678469,0.9798711755233495,0.018552875695732846,0.017701196839611022,0.949874686716792,0.04784688995215313,0.09278891187502836
task579_social_iqa_answer_verification,0.35064935064935066,0.9259259259259258,0.1701400832720963,0.35064935064935066,0.9259259259259258,0.10352071970713878,0.35064935064935066,0.9259259259259258,0.20317908903075985,0.43227899432278993,0.649647942913075,0.013636208750701095,0.5288220551378446,0.01443198736061745,0.002443507629804359,0.35064935064935066,0.9259259259259258,0.017853077371032977
task580_social_iqa_question_answering,0.6996434937611409,0.0932624572948269,0.05983833487540932,0.6750512678823601,0.2029116452382102,0.11189634766451778,0.7192928798629801,0.032392696434436326,0.033105526610372804,0.6474578603371173,0.22000937175320393,0.09868755157585082,0.7193357332589311,0.032392696434436326,0.012987740360695166,0.6996434937611409,0.0932624572948269,0.07541091452575605
task585_prepositional_paraprasing_preposition_prediction,0.391439809374592,0.5355744208636586,0.24971298113095886,0.39358403214535287,0.7072762676444988,0.1541706021091456,0.33041783754850795,0.9951581991016321,0.08588464946506896,0.3819920907185058,0.8591330426601997,0.1286421698676305,0.2907731157731157,1.1051413539421011,0.05219238603211625,0.391439809374592,0.5355744208636586,0.3262311902295286
task586_amazon_fine_food_reviews_sentiment_analysis,1.0,0.0,0.0183819644715128,1.0,0.0,0.011952380125181322,1.0,0.0,0.13695192629150502,1.0,0.0,0.028491266807248505,1.0,0.0,0.016440297451591562,1.0,0.0,0.021289937527423114
task587_amazon_fine_food_reviews_sentiment_analysis,0.8368013055895553,0.14672535680939044,0.06838890273769546,0.92,0.020008003201280527,0.05289158233984159,0.8684077335762729,0.10647937335853885,0.039650640330540415,0.9095568284594513,0.05694585526518304,1.232632128311817e-06,0.9095568284594513,0.05694585526518304,0.015550512276963968,0.8368013055895553,0.14672535680939044,0.0894947870326479
task588_amazon_fine_food_reviews_sentiment_analysis,0.5545969498910676,0.4253753606889962,0.05432532759439235,0.5082112332112333,0.5329348547551486,0.06366408628248899,0.5714555814555815,0.3785720228491837,0.1033627148187092,0.7034483947425124,0.26768831469238435,0.06685628589044085,0.6424847478497734,0.17410117544115103,0.05701467106997149,0.5545969498910676,0.4253753606889962,0.18483795454265592
task590_amazon_fine_food_reviews_text_matching,0.6579785352046232,0.4538341158059468,0.07564642116592774,0.5974235104669887,0.2356902356902357,0.017766799712089443,0.6114618746964546,0.5228758169934641,0.08940022976340856,0.5866518802298619,0.25509330594076357,0.02215891523685176,0.6290726817042607,0.020843354176687555,0.0010369545919377554,0.6579785352046232,0.4538341158059468,0.10515038988308792
task607_sbic_toxic_language_detection,0.6296667000300271,0.12844107047005593,0.006979586116538927,0.6032956972841013,0.2950027718381247,0.02149434358584873,0.5755517826825127,0.322061191626409,0.025437340178411816,0.6491228070175439,0.0030967422271770233,0.004560989646594099,0.6496847162446202,0.034064164498947086,0.004435245557870671,0.6296667000300271,0.12844107047005593,0.014399315990677536
task608_sbic_toxic_language_detection,0.6989160979526294,0.14624075242300852,0.024137186469120664,0.6995192307692308,0.11756609508516377,0.0019566687491411328,0.6995192307692308,0.11756609508516377,0.01705512370317197,0.6921182266009853,0.2896140391122326,0.08186710115387302,0.6995192307692308,0.11756609508516377,0.004555933313377225,0.6989160979526294,0.14624075242300852,0.061557999568223
task609_sbic_toxic_language_detection,0.6080795899909557,0.11059888780931514,0.00036651055954617373,0.60996099609961,0.21396233436007694,0.03431178686319547,0.6398559423769508,0.2640290037831021,0.04646632090765079,0.648,0.1609230016374621,0.05341046130469568,0.6080795899909557,0.11059888780931514,0.0027661205346591056,0.6080795899909557,0.11059888780931514,0.0029768414117437025
task616_cola_text_quality_evaluation,0.2125984251968504,1.8518518518518516,0.26442516967132723,0.7292562509953815,0.34873130268410013,0.14182240384057815,0.42196531791907516,0.684931506849315,0.26501243717291356,0.7738579828132067,0.04439370877727042,0.003122256681007962,0.7333333333333334,0.16066294605107392,0.03596989360154146,0.2125984251968504,1.8518518518518516,0.030425700559348623
task621_ohsumed_information_extraction,0.8081140350877194,0.13953488372093023,0.11418673600358531,0.8081140350877194,0.13953488372093023,0.11175014985967915,0.8289248585340177,0.08429118773946358,0.045418367114553576,0.8511904761904762,0.0,0.023432448466084665,0.8129967274427303,0.0634920634920635,0.04735548390981692,0.8081140350877194,0.13953488372093023,0.17763171574161427
task623_ohsumed_keyword_tagging,0.9194847020933977,0.08695652173913045,0.06901318225778208,0.9599358974358975,0.04166666666666665,0.049446660544855636,0.8357963875205254,0.19047619047619047,0.08683279334670499,0.9899989998999901,0.01010101010101011,0.015482575786202546,0.9899989998999901,0.01010101010101011,0.016458291883160503,0.9194847020933977,0.08695652173913045,0.12235560153320943
task629_dbpedia_14_text_categorization,0.6651999851999852,0.4398357810960153,0.1561658058380734,0.5679701251129823,0.5450267805361318,0.06682308606377613,0.6470684738541881,0.4589740780081295,0.05889750817754143,0.5783968418285188,0.5012200288120772,0.07426550841967004,0.7032141139283997,0.38315663974468533,0.02481976624774429,0.6651999851999852,0.4398357810960153,0.2355258342386522
task630_dbpedia_14_text_matching,1.0,0.0,0.026580558657394837,0.9791666666666666,0.016728002676480447,0.0897454112594383,1.0,0.0,0.06314936459479073,1.0,0.0,0.01893586751812637,0.9895386546709908,0.008279516476237796,0.04612749597373714,1.0,0.0,1.9089627447038682e-05
task632_dbpedia_14_text_categorization,0.9799919967987194,0.00040832659594449073,0.004757807247540546,0.9799919967987194,0.00040832659594449073,0.03490228497900244,0.7477931904161412,0.3095975232198142,0.2061499948570706,0.9799919967987194,0.00040832659594449073,0.005460063924019182,0.9799919967987194,0.00040832659594449073,0.03653638944378507,0.9799919967987194,0.00040832659594449073,0.00047864507232420195
task633_dbpedia_14_text_categorization,0.9888972243060765,0.018365472910927442,0.04955552939751329,0.9766051317775457,0.028848246851430046,0.051329762613724156,0.9746080964685616,0.028848246851430046,0.039421656326123156,0.9671189521518311,0.03350173262837371,0.06870967822204274,0.9888972243060765,0.018365472910927442,0.07652405152836118,0.9888972243060765,0.018365472910927442,0.04285800849427465
task638_multi_woz_v22_speaker_identification,0.46374946374946374,0.4428341384863124,0.009064880590165025,0.40476190476190477,0.7710888145670753,0.029309743671838806,0.5398159263705482,0.04323969702391601,0.009433623271032199,0.5276856597326902,0.05241090146750526,0.002373891877948675,0.5276856597326902,0.05241090146750526,8.000671207142318e-05,0.46374946374946374,0.4428341384863124,0.0248991629124089
task673_google_wellformed_query_question_understanding,0.625,0.43881899350649356,0.07479424045239669,0.7159090909090908,0.04734848484848488,0.009055677672293566,0.3055555555555556,1.1363636363636365,0.2681425171220426,0.7171717171717171,0.019164862914862853,0.01594896374404331,0.7181964573268921,0.009018759018759022,0.008383034152890323,0.625,0.43881899350649356,0.053955527339764775
task679_hope_edi_text_categorization,0.7455470737913485,0.17253544418230327,0.02046492394471361,0.7612847222222222,0.12624613643289362,0.007748983345555682,0.5208333333333334,0.6476765390177954,0.04662793973245294,0.7312939231087227,0.0034414720323039834,0.004290449100065596,0.7406369955389562,0.014148273910582931,0.00842131919114042,0.7455470737913485,0.17253544418230327,0.07400236832855772
task681_hope_edi_text_categorization,0.2355912061794415,1.1850815841183886,0.10462870278954761,0.2699398683911958,1.1533302493806459,0.09856767210172132,0.557523309725156,0.3920233934753846,0.03353439687629017,0.5269611780455153,0.45163461839078245,0.040289126863328306,0.5610003165558721,0.31684432962545034,0.016396239531336565,0.2355912061794415,1.1850815841183886,0.1767444152370108
task682_opp_115_text_categorization,0.952586223342437,0.08199843864163907,0.19697570341999598,0.944689343826531,0.07424553502601129,0.02583744218479562,0.8611566484517303,0.21922235073527346,0.06885601684861015,0.7067635189669087,0.45325469089113113,0.1795292302907218,0.8012727214625402,0.3674030347511622,0.07824766066818847,0.952586223342437,0.08199843864163907,0.2518440716092154
task683_opp_115_information_extraction,0.5239095638255302,0.6229145459541768,0.36776322804157596,0.7887530429965482,0.4023957080795463,0.1574037539180863,0.6895737064983711,0.5466200119093486,0.13780997535181544,0.7027097863011177,0.5228626382853667,0.1199065823379907,0.7695689386865858,0.4103121515697555,0.030049032321841286,0.5239095638255302,0.6229145459541768,0.45256523649443564
task738_perspectrum_textual_entailment,0.7270444371656295,0.34722222222222227,0.2154829790110807,0.8498648783905515,0.07541478129713423,0.04494689926923923,0.6693333333333333,0.40296358231140844,0.1091151217519025,0.8874680306905371,0.1287453183520599,0.07347684907222282,0.898538961038961,0.09348290598290596,0.05380483410740117,0.7270444371656295,0.34722222222222227,0.1591786081654379
task744_eurlex_text_categorization,0.9830979888746256,0.02290595339120662,0.03473321516750055,0.9915394912985275,0.011337290062314388,0.03626615284384782,0.9915394912985275,0.011337290062314388,0.01984973458885461,0.9915394912985275,0.011337290062314388,0.007692264208394167,0.9915394912985275,0.011337290062314388,0.045007316296325456,0.9830979888746256,0.02290595339120662,0.025175647147017893
task746_yelp_restaurant_review_sentiment_analysis,1.0,0.0,0.06500285076880119,1.0,0.0,0.06882322072933558,1.0,0.0,0.029506911307801698,1.0,0.0,0.048462973121948194,1.0,0.0,0.04899538969730258,1.0,0.0,0.03662594199758576
task767_craigslist_bargains_text_categorization,0.8589753673179702,0.1832857280091707,0.32441562179335404,0.9495739809611444,0.04011982604907802,0.07771828955329535,0.9592287189738465,0.0434027777777778,0.06115288487500743,0.9392085582388429,0.053584134951602615,0.19317153766806897,0.9495739809611444,0.04011982604907802,0.09727598478055977,0.8589753673179702,0.1832857280091707,0.367375935677237
task827_copa_cause_effect_classification,0.9485119967047678,0.019445164635727256,0.015106736170323626,0.8461538461538463,0.1937984496124031,0.09121198445428655,0.9375,0.05415225517940118,0.013170124352916923,0.9491404740107823,0.02376631233255553,0.050381541546862474,0.969309462915601,0.005501667428435968,0.008495252554360067,0.9485119967047678,0.019445164635727256,0.00750190391932537
task828_copa_cause_effect_classification,0.7552019583843329,0.2450928606139999,0.056697500882457064,0.4944852941176471,0.7053965705109824,0.14014323994533084,0.4944852941176471,0.7053965705109824,0.138888913087174,0.8098288459613652,0.023045928304860415,0.006643979814237033,0.7799119647859143,0.08595044725112974,0.015498130402465837,0.7552019583843329,0.2450928606139999,0.140486713096968
task834_mathmatics_dataset_question_understanding,0.22595628902765386,1.1521653677561152,0.38079131902739877,0.9196477428180575,0.11940157806429468,0.06000685644952161,0.9013482491075298,0.1304903559049556,0.031549362061208966,0.9064063886424135,0.1304903559049556,0.07585805431850476,0.9013482491075298,0.1304903559049556,0.050459295318906125,0.22595628902765386,1.1521653677561152,0.37346478050624055
task843_financial_phrasebank_sentiment_analysis,0.8747008547008548,0.07532826761128662,0.05499211293992656,0.7480215257993036,0.3661193656931528,0.08859452815072648,0.5274170274170275,0.7029528535822159,0.21309161183554845,0.8932950589103318,0.07076982837579507,0.07613099446266022,0.862901912901913,0.11432685022165429,0.022169807253012014,0.8747008547008548,0.07532826761128662,0.11397950977455706
task844_financial_phrasebank_sentiment_analysis,0.6072757337742869,0.23115473770088452,0.02922919774823307,0.5783475783475784,0.4973460011597306,0.06500769582750088,0.4285714285714286,0.8322267856591421,0.07941590117693298,0.5783475783475784,0.4973460011597306,0.06518638495154949,0.6090225563909775,0.022046580805654456,0.0018115827899454762,0.6072757337742869,0.23115473770088452,0.08142329766069267
task846_pubmed_qa_answer_verification,0.8798076923076923,0.025464731347084324,0.02106730082185243,0.8689384010484928,0.08348166852948076,0.006746225851764487,0.3288590604026846,1.0204081632653061,0.25706391369968773,0.8572011423908609,0.1428478368091422,0.0229370005478097,0.92,0.020008003201280527,0.025398939320239178,0.8798076923076923,0.025464731347084324,0.050478783611278555
task848_pubmed_qa_intent_identification,0.3497730339835603,0.9564238952536825,0.05757460350907129,0.47733333333333333,0.45091754650578175,0.027068747050270597,0.36000000000000004,0.9230152859960552,0.08635472775766062,0.4625878462174452,0.41566506410256415,0.00934614501017747,0.468671679197995,0.06648936170212766,0.0006609686210963805,0.3497730339835603,0.9564238952536825,0.05739179151065077
task875_emotion_sentiment_analysis,0.09382716049382715,2.4018847977892177,0.24381888823493636,0.5329573934837092,0.15167008033640897,0.08296669092578796,0.48551839464882945,0.38321734843577976,0.1056672233320079,0.4953724347947904,0.4611113719077621,0.0945367236938732,0.560304640327105,0.2612777087368837,0.015030731101855932,0.09382716049382715,2.4018847977892177,0.21460300080036263
task879_schema_guided_dstc8_dialogue_act_recognition,0.6515679442508711,0.38389781859931116,0.11706046275777604,0.6666666666666666,0.3346530920060331,0.088281301082199,0.5766488413547237,0.557020264681555,0.18014162053617155,0.7894736842105263,0.1034566699123661,0.0232558809565675,0.7699769976997699,0.027056277056277032,0.012088616133766994,0.6515679442508711,0.38389781859931116,0.1709537901342224
task880_schema_guided_dstc8_dialogue_act_recognition,0.36576344086021506,1.0940814673352506,0.20938973018477075,0.6392763095576395,0.3632926805921195,0.031790415978299,0.6682931970821684,0.32587961137802324,0.025812902067275156,0.6464406139392794,0.38035585603641253,0.0268389094825192,0.6942427191765261,0.3217554075455743,0.011833327783762837,0.36576344086021506,1.0940814673352506,0.22518647536008857
task881_schema_guided_dstc8_text_categorization,0.6992939487015837,0.480034817937767,0.23216468114588412,0.8030818953448373,0.3731834187886028,0.13161109198365678,0.8894551174025391,0.2156546767724566,0.1286378748873354,0.9418184595409936,0.10217299762709389,0.04716221735240102,0.9646761984861228,0.07731958762886598,0.05113371155289538,0.6992939487015837,0.480034817937767,0.2739831612644792
task888_rotten_tomatoe_sentiment_analysis,0.9393939393939394,0.026552917394730532,0.012263764503097407,0.9393939393939394,0.026552917394730532,0.01926546599033574,0.9184006527947777,0.07263880137226075,0.09255132890710718,0.928796663615095,0.060170034457084506,0.03953542018856593,0.9393939393939394,0.026552917394730532,0.03884455780800963,0.9393939393939394,0.026552917394730532,0.021577650752418492
task889_go_emotions_sentiment_analysis,0.24703649575772335,1.0278524621397571,0.24436086864614062,0.4823710518690235,0.5979790818692629,0.13478911900702628,0.48029173724825897,0.589186520303895,0.1567245648651267,0.551792969029397,0.3629035059021193,0.08570040659540146,0.6509178139340842,0.16940976668392838,0.016534387792993196,0.24703649575772335,1.0278524621397571,0.24903314238341884
task902_deceptive_opinion_spam_dataset_sentiment_analysis,0.9899507587177168,0.009352787130564894,0.012547827383594723,0.9899507587177168,0.009352787130564894,0.00231230885431305,0.9899507587177168,0.009352787130564894,0.02358490021971038,0.9899507587177168,0.009352787130564894,0.010215991838416039,0.9899507587177168,0.009352787130564894,0.007319653440536117,0.9899507587177168,0.009352787130564894,0.00011133113748101886
task903_deceptive_opinion_spam_dataset_sentiment_analysis,0.7546666666666666,0.2851315351315351,0.08551027807342229,0.9699729756781104,0.009086703674332508,0.05592018624194853,0.8346424142207525,0.1745650183150183,0.04056993241542428,0.8563218390804598,0.14628056052474658,0.027473011852631846,0.8776009791921664,0.11928175990675986,0.0033672496288382203,0.7546666666666666,0.2851315351315351,0.11654977850564885
task904_hate_speech_offensive_toxic_language_detection,0.14987080103359174,1.6255328303139025,0.2593548041572522,0.5517079660416726,0.4860746034752375,0.11330228382171274,0.6901098901098902,0.17707881796274277,0.03151562365289737,0.690695842056685,0.14400444259856784,0.015365244998286204,0.6905495148690934,0.14400444259856784,0.03983425514372324,0.14987080103359174,1.6255328303139025,0.14600607670059093
task905_hate_speech_offensive_toxic_language_detection,0.5552350042072365,0.50368806526442,0.030975290107156495,0.3894165535956581,0.9227529092596558,0.09089749636486305,0.3670886075949367,0.8620689655172414,0.11884019911483101,0.5512035903712771,0.42077175697865354,0.04687643531155011,0.6587715776796468,0.07090610538886401,0.00472585904268788,0.5552350042072365,0.50368806526442,0.12448960092338923
task909_dialogre_speaker_identification,0.6368428389704985,0.29407424786479625,0.08939647403250148,0.2964019726247987,1.0815042922166427,0.06933600391609136,0.4902534113060429,0.4804630653723924,0.02104456271111939,0.46372062096292677,0.544156797184956,0.01629056039054136,0.43469551282051283,0.5461952689120363,0.04720729145559621,0.6368428389704985,0.29407424786479625,0.2809330161470421
task923_event2mind_sentiment_analysis,0.29363813574339886,0.706664966587333,0.037672630224407755,0.36225186353315664,0.38460330605723553,0.02114388786215718,0.42647058823529416,0.45736124182460575,0.033251388640170465,0.4482213438735178,0.2502441062186965,0.009419917379768328,0.44084507042253523,0.11817656508674083,0.004267100301867194,0.29363813574339886,0.706664966587333,0.10900357740426277
task925_coached_conv_pref_speaker_identification,0.5324675324675324,0.5965532479010164,0.09664986464546857,0.5899589958995899,0.4243231036204151,0.03211435461883283,0.6894409937888198,0.36501600316467075,0.04288979779298868,0.7956485154465681,0.1332116685535973,0.01516328302050901,0.7303419264372775,0.023375409069658737,0.006177201415175471,0.5324675324675324,0.5965532479010164,0.22884603905542278
task929_generated_reviews_enth_sentiment_analysis,0.8693598633303186,0.04052460949012671,0.01013354374669062,0.8585858585858586,0.07640131186642819,0.017294058741093188,0.7992773986350863,0.11518429487179488,0.11580976787202335,0.8481627695110842,0.08955505279034692,0.029011672399868155,0.8693598633303186,0.04052460949012671,0.0065615387035204975,0.8693598633303186,0.04052460949012671,0.02407332061641887
task935_defeasible_nli_atomic_textual_entailment,0.6961805555555556,0.34944800569800577,0.07222312105363293,0.7647058823529411,0.15505328005328,0.004313373536741466,0.7175436761167486,0.24806814190375837,0.03731081288281199,0.7536945812807883,0.17079959514170037,0.012301460574375478,0.7992773986350863,0.03505608974358969,0.006722002011450123,0.6961805555555556,0.34944800569800577,0.10033722048723642
task936_defeasible_nli_atomic_textual_entailment,0.7993876042656531,0.1858087043272228,0.09070448410178589,0.7973333333333333,0.21074947000872923,0.11042830057419203,0.8089983022071308,0.1946292190194629,0.0951322833645454,0.8894583458948849,0.021563954148223825,0.00793695359697505,0.8585858585858586,0.016443504815597816,0.013003318298799083,0.7993876042656531,0.1858087043272228,0.1845654528519124
task937_defeasible_nli_atomic_textual_entailment,0.6692848284415047,0.3469262100975656,0.08998074038813259,0.7198879551820728,0.052558597244587585,0.03878517575550294,0.6846709388668497,0.2701346589185279,0.07238033173675332,0.7395833333333333,0.0261130695913305,0.027036784624451693,0.7390606182256123,0.0010880445663054407,0.046817665522346535,0.6692848284415047,0.3469262100975656,0.1426129661674832
