,macro_f1,rsd,bias_score,cc_macro_f1,cc_rsd,cc_bias_score,dc_macro_f1,dc_rsd,dc_bias_score,looc_macro_f1,looc_rsd,looc_bias_score,affine_macro_f1,affine_rsd,affine_bias_score,temp_macro_f1,temp_rsd,temp_bias_score
task050_multirc_answerability_classification,0.3150684931506849,1.0869565217391304,0.12743758189221654,0.3150684931506849,1.0869565217391304,0.11318331269048199,0.3150684931506849,1.0869565217391304,0.11001243973220914,0.5650635281224672,0.36557668500367674,0.03434198088108181,0.5794030888637154,0.0862663906142167,0.0019421802929724397,0.3150684931506849,1.0869565217391304,0.013293155557640102
task056_multirc_answer_verification,0.4663260067574828,0.047843642117986605,0.005170196015516604,0.33945077175844685,0.9303052731151474,0.027142139149799682,0.5225513373197979,0.41988809487842066,0.030472351240299067,0.3666385172674341,0.6138785796347965,0.017136997805989207,0.4578839988341591,0.05030534642410311,0.0007991642019877787,0.4663260067574828,0.047843642117986605,0.004099916005106979
task065_timetravel_coherence_classification,0.39488636363636365,0.8474318403115872,0.030777491224678516,0.34210526315789475,0.9615384615384615,0.09518907640834984,0.38850387280880555,0.8738982371794871,0.03803240272819525,0.5833287036522627,0.04578754578754581,0.0028053260747056274,0.5663582992350116,0.00707013574660631,0.0006993070976316074,0.39488636363636365,0.8474318403115872,0.08838879719442927
task066_timetravel_coherence_classification,0.3937963686780041,0.8394831214249725,0.06262716659966144,0.39290917921321034,0.9259259259259259,0.07719845984720869,0.48290013679890564,0.6714235474855165,0.04602248366807493,0.7028499392193057,0.24192568286087562,0.01817068260800106,0.6995192307692308,0.023004370830457734,0.001267567513003276,0.3937963686780041,0.8394831214249725,0.06740938169579938
task069_abductive_nli_coherence_classification,0.5631528964862298,0.5348284881099118,0.01625617270732993,0.3258426966292135,1.0344827586206897,0.050236320322342765,0.5021446078431373,0.669371196754564,0.02055547726728421,0.6176778480724592,0.21158260951885077,0.00431101023258873,0.6154317753675692,0.058623695998556914,0.00039510611573184695,0.5631528964862298,0.5348284881099118,0.060836271689347104
task070_abductive_nli_coherence_classification,0.33542319749216304,1.0136634512163203,0.02262721205387397,0.34497816593886466,0.949367088607595,0.04191153266237621,0.3183226606073125,0.8523168410216299,0.014168187405262822,0.36597644376899696,0.5712423534775785,0.006612285256137773,0.3942368834993697,0.10663384626448193,0.0002541934556097303,0.33542319749216304,1.0136634512163203,0.0022657282039449944
task073_commonsenseqa_question_answering,0.5274809098984281,0.4456564268726468,0.08398835374277175,0.5454794804269145,0.3857317704863411,0.06555520701079143,0.561233811714293,0.36303979703137734,0.06781328258279726,0.5544569802291244,0.19030470754234338,0.07605983701638785,0.5733952492480101,0.25350766094568605,0.011292908324233311,0.5274809098984281,0.4456564268726468,0.10572210274451257
task083_babi_question_answering,0.4206145805338794,0.660650274135268,0.1887738123413916,0.3236844447116285,0.911131452104249,0.21916211939712954,0.4842956598966373,0.5180465383172027,0.09748871627299639,0.5083020713380596,0.42559983990429073,0.09502170702876227,0.6038379100686804,0.2253042923765652,0.01596337325243724,0.4206145805338794,0.660650274135268,0.2532248084399197
task092_synthetic_mathematics,0.40869468658042307,0.8615877703152854,0.05405713890955366,0.5786516853932584,0.32799838573049694,0.01035839794769261,0.6260029919760641,0.23442764093733623,0.003832371165314985,0.5526259727565509,0.5447745652020151,0.027171840257669416,0.6421843475159121,0.10143426764643014,0.0016171074664627083,0.40869468658042307,0.8615877703152854,0.12153753208481019
task104_semeval_2019_task_10_question_answering,0.15822581177805056,1.208350781457305,0.07387488197603555,0.101849631902256,1.6997643130440636,0.08202171294494154,0.15271495023827103,0.821286930043057,0.03177291765067597,0.21873535584397966,0.5199794503100438,0.02238879691354609,0.21472544639794097,0.23919187376119658,0.0036064031184454975,0.15822581177805056,1.208350781457305,0.008668492868569633
task106_scruples_ethics_classification,0.3368416549009541,0.9928109174704364,0.04441406243841772,0.4776392961876833,0.37149995133188407,0.011271734397312272,0.5039983804028747,0.1957645803419406,0.004855807744591711,0.49622470552703113,0.5081535719878013,0.01394388509886979,0.4957197404014204,0.06727523224054723,0.0006966508273263394,0.3368416549009541,0.9928109174704364,0.004457592969132923
task108_cad_toxic_language_detection,0.4197292069632495,0.6912442396313364,0.15889771651911394,0.44283188202715773,0.6425271440218446,0.06512491008595589,0.5556568303520565,0.4521558994118161,0.01756597055707068,0.5568181818181819,0.33431950316076686,0.004799279767844333,0.5851637929979564,0.04992492704250554,0.016851464530166282,0.4197292069632495,0.6912442396313364,0.3168995327202999
task109_sms_spam_collection_v.1_spam_classification,0.5166612962366248,0.6320836965998256,0.1125068537347278,0.5911345457795254,0.46310355299119343,0.09656109987824607,0.8613998613998614,0.07447171626276104,0.003354310796046256,0.8492063492063492,0.02856644078018124,0.023043590116944346,0.7603021645440898,0.1461520692289923,0.02581550181613179,0.5166612962366248,0.6320836965998256,0.05483585125244403
task1135_x_csr_question_answering,0.32809435085873845,0.6367720175370296,0.07697760266474851,0.32195488647927856,0.6845861217685238,0.0849283078051427,0.3868336645514129,0.30186652388575574,0.04101534005570073,0.3526910260695999,0.4145247592898684,0.052875121208105016,0.36830304531399305,0.21966004991629956,0.00203335547002291,0.32809435085873845,0.6367720175370296,0.09338796877472585
task115_help!_need_advice_on_identifying_advice_text_categorization,0.28369704749679076,1.3017917133258678,0.11551011676534384,0.5796922492401215,0.17551312669093827,0.005857757577415912,0.5625118277654707,0.18850830021042783,0.027720002037036312,0.48219476744186046,0.5883923437114925,0.053776499057333005,0.5923134806096205,0.08564551459475984,0.004968079123476604,0.28369704749679076,1.3017917133258678,0.011811162522921248
task1162_coda_19_text_matching,0.33763214458042723,1.000088308018368,0.1454977002143869,0.33035714285714285,1.0135135135135136,0.18328555508402755,0.5540454448927585,0.15108474374153544,0.0019434627233149149,0.4210977701543739,0.8083488346646241,0.07036722028446157,0.5453735068639687,0.1109140269923325,0.0006756169023647285,0.33763214458042723,1.000088308018368,0.04392410568005789
task1163_coda_19_section_classification,0.2176339237426585,1.3111074236746159,0.12145133270997611,0.26644965005472254,1.0404517234532182,0.1039766661253449,0.31278576293795524,0.9792274920259767,0.09321631623378213,0.3776744186046512,0.651362312850585,0.04478846166170106,0.4382943173536678,0.21758251576931895,0.0019479067034139375,0.2176339237426585,1.3111074236746159,0.1358478381537152
task1164_coda_19_section_classification,0.2901424447494203,1.3571428571428572,0.061226952899503334,0.31369443564565513,1.2585034013605443,0.05363682653316443,0.5653730122206883,0.5038759689922481,0.04636173818940975,0.6390590643193981,0.2671585065951263,0.026826864836490105,0.5376659550908115,0.12265512265512271,0.007231151787548934,0.2901424447494203,1.3571428571428572,0.006180945493568596
task116_com2sense_commonsense_classification,0.5232856618995232,0.04103946180773077,0.006377504672948009,0.5036039711682306,0.33392941863435643,0.009514520378288427,0.5250082582497066,0.23276341412937507,0.018023623053202265,0.5123434411947001,0.357435837337396,0.027303041201863776,0.52,0.060216780409474126,0.0009940373439784045,0.5232856618995232,0.04103946180773077,0.02984448103299761
task1186_human_ratings_of_natural_language_generation_outputs_text_quality_evaluation,0.6313322106413,0.11475789331044763,0.013439248112590452,0.5664885573142454,0.28920148059746914,0.00477221626931823,0.5180111618467782,0.6253014312794966,0.03670862879302006,0.5966621851353904,0.12305441420017403,0.004342423360896214,0.6161506024766631,0.06830309237825388,0.0033276456559826473,0.6313322106413,0.11475789331044763,0.08181056027041533
task1187_liar_text_categorization,0.646273637374861,0.19537575658157622,0.010060365692152184,0.3450130464880984,1.0577915376676987,0.06994571668112864,0.6440513428972063,0.26824263017836153,0.02733034953123059,0.6497127644668628,0.19379844961240308,0.022972863356328865,0.64793061438902,0.022492127755285606,0.0008802884818478462,0.646273637374861,0.19537575658157622,0.045931806419644894
task1196_atomic_commonsense_classification,0.4675,0.5564728184430991,0.037256921520207875,0.4685531270897124,0.3855547990359779,0.019451007757662175,0.48897614013893087,0.45751931860764233,0.028254993922936067,0.4401913875598086,0.6396493111468958,0.03876371904304898,0.4299936665962955,0.07271342795441212,0.0005860524525998501,0.4675,0.5564728184430991,0.010977297308183642
task1197_atomic_commonsense_classification,0.3945551147050344,0.8562091503267973,0.05537298163862625,0.4375,0.6666666666666667,0.0324095369066274,0.4652777777777778,0.41095890410958896,0.02391757608161793,0.4793025603793491,0.292517006802721,0.015962192503490347,0.5111607142857143,0.12987012987012986,0.0011383254361906348,0.3945551147050344,0.8562091503267973,0.005597591987393402
task1198_atomic_commonsense_classification,0.358974358974359,0.8928571428571428,0.10403877721091992,0.36645962732919257,0.8681105479885969,0.05817468451974356,0.3724645030425964,0.868699752628324,0.06327564728008994,0.4264164875591714,0.6572056975282781,0.025210511149243497,0.5032836616995033,0.10159542444310653,0.00113379140317299,0.358974358974359,0.8928571428571428,0.18004443589576302
task1199_atomic_commonsense_classification,0.5208333333333334,0.07031658817373106,0.01964401086951123,0.4004360465116279,0.7301742036765079,0.027451011080599858,0.5160127690248172,0.0155504872486004,0.017262001932148135,0.38411074537509604,0.8219864551033383,0.040110722920223274,0.5250082582497066,0.016271439297171345,0.00011536953531599003,0.5208333333333334,0.07031658817373106,0.034482629720486935
task1200_atomic_commonsense_classification,0.3244879182606169,1.0879300352984564,0.04868535556383391,0.31777113987535494,1.1461772331337547,0.05181495279087553,0.44632525277686563,0.04211719540186688,0.004594013158017107,0.38650306748466257,0.7936507936507936,0.1002446228262327,0.44343891402714936,0.03659121306180124,0.005354766195603433,0.3244879182606169,1.0879300352984564,0.004906316920288978
task1201_atomic_commonsense_classification,0.4040178571428571,0.4372024319797423,0.019441664829362743,0.2896486229819563,1.2520505251061331,0.0856309862617359,0.38828812316715544,0.7164906504389867,0.03596270637113791,0.38271604938271603,0.8021390374331551,0.16862297824955563,0.5108171420697258,0.10126702085663339,0.0009823463523676579,0.4040178571428571,0.4372024319797423,0.0032621563172783308
task1202_atomic_commonsense_classification,0.44258639910813824,0.7144764957264956,0.05659865236785894,0.4632796612994633,0.3272382094324541,0.007550701779982738,0.49881371874605157,0.5174762124002454,0.028121859182490327,0.4783742664638122,0.5036740956072351,0.02633308452452182,0.49138563049853373,0.06738852339181285,0.0011424770923063043,0.44258639910813824,0.7144764957264956,0.13260282705357135
task1203_atomic_commonsense_classification,0.5907898571844943,0.06064973278088029,0.02294303485860616,0.5532539118065434,0.3561498742221634,0.0020613556378999975,0.585454287772673,0.10868912508256769,0.029397045864775817,0.5840821566110398,0.2999084249084249,0.03837578377922618,0.6032956972841013,0.0954782921996037,0.0020329936458634013,0.5907898571844943,0.06064973278088029,0.09556712218151217
task1204_atomic_commonsense_classification,0.6910124938426403,0.1450580232092837,0.007794727991894956,0.5505560916154588,0.6026586458759328,0.040856221036977836,0.6910124938426403,0.1450580232092837,0.007932177847144561,0.6726203732573159,0.04932666135761235,0.0032842428011436997,0.6931151040740082,0.01846892603195129,0.0011042711837485064,0.6910124938426403,0.1450580232092837,0.03663389867467942
task1205_atomic_commonsense_classification,0.4168640243085035,0.09521253482606136,0.004670943941050609,0.3398974812848029,0.8540610319266445,0.02338338682646457,0.3814149560117302,0.5166398282340311,0.00920953498322924,0.3464205397301349,0.6808486594909174,0.01139991284073305,0.40571581196581197,0.018478920831023482,0.00041074453671605116,0.4168640243085035,0.09521253482606136,0.0004697061291414617
task1206_atomic_commonsense_classification,0.3745094191522763,0.625725535044419,0.030608244416018504,0.35205183585313177,0.9202453987730062,0.10347113417950213,0.32670083408702644,0.12640397979164716,0.006625023259238388,0.316573756432247,1.048387374570707,0.05297597825160816,0.3192436040044494,0.01763243921006673,0.0004011203055814261,0.3745094191522763,0.625725535044419,0.0030735079123982434
task1207_atomic_commonsense_classification,0.41094941094941095,0.8270679961212164,0.05400979132313255,0.5339271942864168,0.08977918141761963,0.005260818830738367,0.5303274288781535,0.09694241397753614,0.005904738309679358,0.512987012987013,0.17794204369351457,0.008706985003604395,0.5288220551378446,0.04112326214271543,0.0018733350045089803,0.41094941094941095,0.8270679961212164,0.13756637180697484
task1208_atomic_commonsense_classification,0.18897180392332097,0.47679711077029635,0.025784110806495536,0.2857142857142857,0.9146341463414633,0.05347671042480828,0.2265961262553802,0.3093615494978479,0.007114110163954884,0.20311197554876353,0.011466001834560239,0.01401581801938745,0.2265961262553802,0.3093615494978479,0.0003830693334494484,0.18897180392332097,0.47679711077029635,0.002652922915417688
task1209_atomic_commonsense_classification,0.39863200257073345,0.7995261111875602,0.05224872282695428,0.44107744107744107,0.3786933790350573,0.016383915189833065,0.5416687201222217,0.39594138147463,0.018736358009569964,0.48970846134574564,0.5613142594859242,0.02778225951562474,0.5023314203730272,0.038369224296205665,0.00021222165072298793,0.39863200257073345,0.7995261111875602,0.005265210530226411
task1210_atomic_commonsense_classification,0.6319444444444444,0.3567218781612373,0.027935666367636003,0.3901342810913969,0.9179467965530161,0.08694913839502358,0.6415770609318996,0.1558142857109888,0.006771205698304361,0.6457131288591963,0.12283160249843242,0.012698386931742522,0.6458955057681173,0.025553932573434808,0.0017766296994166098,0.6319444444444444,0.3567218781612373,0.042327883066652305
task1211_atomic_commonsense_classification,0.3023255813953488,1.1450381679389312,0.12160940576878576,0.3039443155452436,1.1450381679389314,0.15607515990897325,0.2587675627834937,1.0834438608954169,0.05196998061455879,0.33774834437086093,0.8875739644970414,0.12783535424335954,0.21885521885521886,0.31963822161051963,0.002428623910181865,0.3023255813953488,1.1450381679389312,0.01250679532280638
task1212_atomic_commonsense_classification,0.4726678550207962,0.6995157438515681,0.051921256348140266,0.3203177444618483,1.0802880768204854,0.09989507986418489,0.5723981900452488,0.14430226112146557,0.005234061140579033,0.5969728180556177,0.05821503739196636,0.010608466462772664,0.6013800958027669,0.029577593371056428,0.0016669515972863036,0.4726678550207962,0.6995157438515681,0.03308828200811209
task1213_atomic_commonsense_classification,0.511877643996095,0.6638004575594245,0.053853296647158544,0.6968444260713793,0.35110886278119163,0.036744100238857436,0.7477931904161412,0.19786396586876087,0.013198510005812347,0.7516758962401633,0.19218359406815239,0.01252589334597587,0.8017273246631045,0.01886418974026204,0.003325168747586399,0.511877643996095,0.6638004575594245,0.18585993576150142
task1214_atomic_commonsense_classification,0.410734193342889,0.7302646333258579,0.03692991371324528,0.2799619878409825,1.2922756854795692,0.04100912135870266,0.4409053944158309,0.6839729819053127,0.024472581977057123,0.4657104863221885,0.22076138147566718,0.003415824159090808,0.4901474438473198,0.05364114269189455,0.0011251175268602864,0.410734193342889,0.7302646333258579,0.0576464579246703
task1215_atomic_commonsense_classification,0.33916823308270677,0.9068111593748601,0.08413762345043613,0.2503853159590865,0.8605723819114736,0.022795409987891674,0.31568724874655585,0.30336705906221695,0.024957080498439116,0.3061732787760185,0.17493716085846736,0.0068600312465783575,0.3063892223556089,0.021611602510061112,0.013513896368171463,0.33916823308270677,0.9068111593748601,0.008592778499072695
task1216_atomic_commonsense_classification,0.33454150054367526,0.935722836112516,0.06002124064910758,0.4120307553143374,0.7638393653057587,0.04636257140687744,0.3514177779800646,0.3658892364543997,0.0019614386724561006,0.3219244430093639,0.9349375553933748,0.042826589920333,0.3891787848106899,0.04079981348656691,0.0021171865733690676,0.33454150054367526,0.935722836112516,0.006060347604988858
task1283_human_ratings_of_natural_language_generation_outputs_text_quality_evaluation,0.5186307719736138,0.1495564699876311,0.02465816586259567,0.5196584237680129,0.004625457834668983,0.0018126836953933079,0.4923494923494923,0.5415168561181624,0.08249441274124769,0.5098638510697415,0.07951958120560587,0.013324872971532092,0.5061179087875417,0.11270157934589715,0.00394172875687418,0.5186307719736138,0.1495564699876311,0.10737879917497903
task1284_human_ratings_of_natural_language_generation_outputs_text_quality_evaluation,0.6571428571428571,0.43246649100698825,0.04227674378139179,0.7,0.30228392297357815,0.026039594200998717,0.6961196820944366,0.3628012248701904,0.036048550311843425,0.6815662224318906,0.38407899768315457,0.04014649156992592,0.6865915697674418,0.0528925097890615,0.0024708319185042515,0.6571428571428571,0.43246649100698825,0.1342486507818309
task1289_trec_question_understanding,0.2679381910548074,1.6334170391871075,0.2424525608577419,0.5664288097621432,0.4471684601926124,0.1474983959917324,0.6808796565931102,0.27860399211659054,0.1034101445379924,0.6120020929017044,0.24450430878454124,0.12675628081991136,0.6094401014430401,0.3345056542100394,0.026939743124159282,0.2679381910548074,1.6334170391871075,0.19953665361481857
task1308_multilingual_amazon_reviews_text_categorization,0.45701979472140764,0.3728804222284683,0.009579381885844479,0.3969768439108062,0.8333703720165341,0.044811399024304754,0.4488080474025079,0.3923983923094994,0.009870832562550808,0.47769162913784297,0.40668474154406864,0.026157511216776674,0.4566606295625507,0.01396655747554714,4.045132221397463e-05,0.45701979472140764,0.3728804222284683,0.0009625493851569411
task1309_multilingual_amazon_reviews_summarization,0.47323968705547653,0.054874702762026724,0.0052137095901684805,0.45980885544115613,0.4297500444760719,0.023039476354398375,0.48002189381499727,0.3512407621996663,0.01957836940022928,0.4610507771300084,0.4476746682698502,0.023816572381364393,0.47274749721913234,0.04378700597106928,1.3392213296686828e-05,0.47323968705547653,0.054874702762026724,0.000522353944251569
task1310_multilingual_amazon_reviews_sentiment_analysis,0.5230325961551259,0.5008032265006185,0.054242341535057095,0.5319447675988239,0.49129108273628136,0.05695300735917394,0.5705740686997959,0.38515376576874005,0.03703468891670522,0.5520119785281163,0.4448329098884043,0.055296362937127516,0.5585091494372738,0.40077024144552914,0.010363080291761001,0.5230325961551259,0.5008032265006185,0.13301472319660732
task1311_multilingual_amazon_reviews_sentiment_analysis,0.6373836891078271,0.25917373521602427,0.009321895451400053,0.6009880296408892,0.41065585018463585,0.02423542485263619,0.604449621730949,0.12582448974492072,0.014399817953479332,0.5950423364830041,0.4369955159753535,0.02623401509561435,0.6316530554773303,0.33995095943082004,0.003664418088647481,0.6373836891078271,0.25917373521602427,0.015189357682929505
task1312_multilingual_amazon_reviews_sentiment_analysis,0.9833316664999834,0.003502980546781371,0.08093007149227627,0.9699916643512088,0.02384985724451445,0.12825349538733083,0.9833331481460905,0.0032769818018277322,0.09668271730539707,0.9866660740477355,9.009409427206988e-05,0.08434343009959178,0.9833287024173382,0.010282942895390418,0.00048468909425888884,0.9833316664999834,0.003502980546781371,0.01811571258568781
task1313_multilingual_amazon_reviews_sentiment_analysis,0.36426863725277114,0.9908536585365854,0.07809998167323584,0.32541224807062347,1.0737009544008482,0.08801946534345029,0.7863899908452854,0.07184951782503678,0.006299543280578579,0.7799608819345661,0.07690928153625429,0.008583470420555545,0.7862010600864104,0.03431017921844222,0.0032021245295964507,0.36426863725277114,0.9908536585365854,0.19340395140300803
task1328_question_&_answer_zre_question_understanding,0.6735010262358875,0.5374540390676084,0.3057714279273142,0.7420966410030642,0.4430962703789379,0.21099693164781025,0.739456178140145,0.4399302218511433,0.17687847622288694,0.6520783890734135,0.5555835105324699,0.23921086668494573,0.8382573492388069,0.2939554180906467,0.07909248535523176,0.6735010262358875,0.5374540390676084,0.36912215727179093
task1336_equity_evaluation_corpus_gender_classification,1.0,0.0,0.017245643790422427,0.9799991110716032,0.019878081102570905,0.07391020267448295,0.9866642958748222,0.013162513162513167,0.017608101013634164,1.0,0.0,0.00242034334582078,1.0,0.0,0.02635537171619462,1.0,0.0,2.022937399817626e-05
task1338_equity_evaluation_corpus_sentiment_analysis,0.9452528837622006,0.08714531604661821,0.04470671673045469,0.9121040153028549,0.11617310625439514,0.1249479210273986,0.9223316685164631,0.10353813022881139,0.08913246756255941,0.9317389366173479,0.10478346337096023,0.06283245188691818,0.9456183912705652,0.07306643817369164,0.014691651589752816,0.9452528837622006,0.08714531604661821,0.05245236100846297
task133_winowhy_coreference_resolution,0.31708400421964356,1.0962566844919788,0.09163370485695743,0.5766243290995766,0.08349389852280029,0.008388385854078917,0.3769636295862399,0.9567901234567902,0.04003208168538708,0.4800950683303625,0.707070707070707,0.026402291200357864,0.5699952221691351,0.09510307755921792,0.0013987552636344769,0.31708400421964356,1.0962566844919788,0.009301311983545002
task1344_rte_textual_entailment,0.48748869460355737,0.1696444455739954,0.002525339800906884,0.4105934941125278,0.81532592418921,0.02428860760469509,0.4776785714285714,0.11230208148016366,0.0014529722084131447,0.3828571428571429,0.8242596095545495,0.02243715455060588,0.4929727806440135,0.027406876721945188,4.761879638498501e-05,0.48748869460355737,0.1696444455739954,0.0002528469462862448
task1346_cola_grammar_error_detection,0.6555760659132862,0.13192825692825697,0.004670444478845848,0.6691729323308271,0.03468235744355143,0.0014704358804870366,0.4692770373864843,0.7502913752913752,0.0389540508463021,0.6527777777777778,0.3405448717948718,0.018637440232050606,0.6731008717310087,0.00039667428281289524,0.0007090563187555077,0.6555760659132862,0.13192825692825697,0.017764711964440932
task1347_sts_b_text_matching,0.1307227183001232,1.6496733079194463,0.030555167009162915,0.2116771337473408,0.589166789182368,0.03070005406797066,0.26016258560054667,0.6485716996808852,0.016983221012782698,0.273094386252281,0.6240440723790895,0.003854584982796061,0.2682582105749955,0.5813121128538843,0.0009306233604211012,0.1307227183001232,1.6496733079194463,0.06597020659491702
task1354_sentence_compression_text_matching,0.3511111111111111,0.9480334644896112,0.16785016541948114,0.5924457707897198,0.10539329840545786,0.013658048720234794,0.36229689592918296,0.9220409549532482,0.14271132075151105,0.5899954443938267,0.03233938107399916,0.008025004371548294,0.5520591905865573,0.06976848864949209,0.0027981243610549766,0.3511111111111111,0.9480334644896112,0.0749878227390568
task1361_movie_rationales_sentiment_analysis,0.3512426900584795,0.9427281579180314,0.21849258240640287,0.39673982800667434,0.8419593866054628,0.10875343569029419,0.5377952469337992,0.5507562648315935,0.04806162387628593,0.5821533033102744,0.39196472317491426,0.028771050513749508,0.6130581747020103,0.0031953645910998926,0.008285150595425866,0.3512426900584795,0.9427281579180314,0.023969469551261058
task1384_deal_or_no_dialog_dialogue_state_tracking,0.7777777777777778,0.07963343677960245,0.030786711408148926,0.7264797200729387,0.01312719628091627,0.060875382953540086,0.745,0.005339918608398438,0.0531320793808569,0.8061560150375939,0.1851669474027385,0.05614545193963105,0.7562338124016048,0.027490339240916692,0.023570365865771464,0.7777777777777778,0.07963343677960245,0.023118250420067737
task1391_winogrande_coreference_resolution,0.5236093596749335,0.38917487770183534,0.01468673276366575,0.4685494223363287,0.6657973763236921,0.0388354203188056,0.5410846481090678,0.1155215596610495,0.0009662912474224239,0.4786610577787366,0.5360092690313402,0.03349785992376311,0.5399182076813656,0.011360044254781085,0.004773954270675396,0.5236093596749335,0.38917487770183534,0.034876867038269754
task1393_copa_cause_effect_classification,0.656341642228739,0.2334993773349938,0.016823977719197664,0.3273542600896861,1.0273972602739725,0.11378455741447069,0.439327731092437,0.803635656439196,0.05051873013012981,0.6519290340749084,0.20447704718617726,0.010514925377790751,0.6993452407465146,0.04002846468599894,0.0019489638249656216,0.656341642228739,0.2334993773349938,0.0877859504238152
task1408_dart_text_matching,0.3135011441647597,1.094890510948905,0.07721389636254933,0.360060229625447,0.907957984689336,0.08662469337126463,0.5023819318196898,0.6093387155587684,0.027841382889845834,0.5437598116169544,0.6140058052198126,0.028716756542466415,0.5875758625699947,0.04360435330076229,0.0007577437146465416,0.3135011441647597,1.094890510948905,0.1174100577299893
task1418_bless_word_relation_classification,0.24207574970559873,0.9106328294281629,0.21990799763469498,0.28831904448442164,0.8574091885876469,0.0630240934945748,0.3599656705536904,0.5081683067086563,0.02298472161334217,0.303797588003958,0.7783100569810538,0.04905468325600609,0.40003416361359956,0.42372206988555355,0.006696613599580903,0.24207574970559873,0.9106328294281629,0.03270174158795901
task1429_evalution_word_relation_classification,0.20675394442382336,0.972349809078312,0.11799210392863158,0.19771649107479514,1.156746549013188,0.10850217489585012,0.36573830970568777,0.3808942000408887,0.03142331918150724,0.325916119422182,0.588294773584461,0.04008550269144373,0.3535290827143199,0.45016713067940733,0.012445091908341907,0.20675394442382336,0.972349809078312,0.17771814617375623
task1431_head_qa_question_answering,0.4564614022028611,0.4044673894013326,0.06093402739185541,0.4750066236015041,0.23663618900584407,0.034929481237615065,0.4952464775309019,0.3028238910796831,0.033225517050300316,0.45214659679821845,0.33697528102963104,0.026483523540661136,0.4826613442287423,0.1768770922801394,0.013014136107825328,0.4564614022028611,0.4044673894013326,0.14307851602214156
task1434_head_qa_text_categorization,0.04514889529298751,2.3787957207444568,0.3975414525429475,0.47951221343536815,0.5213714220910465,0.060489669690500625,0.4246696754111847,0.5424763681670052,0.07423178430114809,0.4538551205509955,0.32131471566206565,0.10457218817462244,0.4869545928164854,0.40754555746982757,0.019627542383498273,0.04514889529298751,2.3787957207444568,0.1526699866913453
task1439_doqa_answerability_classification,0.33916823308270677,0.97350640113798,0.116407591052163,0.3629041952157711,0.8591598317242216,0.05245722074146669,0.4574652777777778,0.5467638691322901,0.02641693758892877,0.497737556561086,0.2498689825559631,0.010176217568398066,0.491888037083259,0.09479162661950714,0.001287967911919874,0.33916823308270677,0.97350640113798,0.011961400884934525
task1442_doqa_answerability_classification,0.42539164096050325,0.6736511961562844,0.09398657222485318,0.41291585127201563,0.6976744186046511,0.11425099772979536,0.4332880124171289,0.1810911386834779,0.012870132724810857,0.44087009803921573,0.32991632170838736,0.0011194102675091688,0.44689607593581615,0.12028869286287087,0.0015771835332984985,0.42539164096050325,0.6736511961562844,0.2070650233471204
task1488_news_headlines_dataset_for_sarcasm_detection_text_categorization,0.3576017130620985,0.8982035928143713,0.1830997060709364,0.3071593533487298,1.1278195488721805,0.2693524590782495,0.5814000975598689,0.3609068342224688,0.04668910056681477,0.6025,0.4073629347769078,0.01596376849710046,0.6624895572263994,0.03845032193519027,0.0025009131080580005,0.3576017130620985,0.8982035928143713,0.019326575165182103
task1495_ade_corpus_v2_text_categorization,0.336283185840708,0.9868421052631579,0.11552548115584105,0.59429330279365,0.4843189053715369,0.030545473943259016,0.5100256294286145,0.5867709815078237,0.016868455033431484,0.639872570294104,0.30930668853601184,0.021569617310360834,0.5963033396723718,0.06362397387096,0.0003367200044595009,0.336283185840708,0.9868421052631579,0.011795544009074566
task1500_dstc3_dialogue_state_tracking,0.4202583324534544,0.8888325044798845,0.22195697634906483,0.5928739987278719,0.5671043539444126,0.2351182052509978,0.73805807193861,0.3336565136903172,0.047381326889267605,0.7875051834957495,0.21389109304018822,0.029203109752704057,0.7826111029881121,0.2224881857095336,0.013616458782644045,0.4202583324534544,0.8888325044798845,0.31921986721807294
task1501_dstc3_dialogue_state_tracking,0.6181372784475719,0.1005154639175257,0.02078259432003529,0.5731514521884458,0.12931034482758624,0.006810513753986003,0.630634705261571,0.19306930693069307,0.02678552736443704,0.5361252624554436,0.552439024390244,0.05468386353750432,0.5915285071911578,0.05801104972375695,0.0009260699343935919,0.6181372784475719,0.1005154639175257,0.06446678579831666
task1502_hatexplain_toxic_language_detection,0.16791354945968415,1.4002114478941534,0.30057525961710124,0.23032028060491058,1.182522589184887,0.11847242768190157,0.44823281143401167,0.5609967659894995,0.03186707196932689,0.484881814201797,0.4220644634471347,0.02020470147443515,0.506465984188852,0.23180163882497262,0.005629568315976968,0.16791354945968415,1.4002114478941534,0.06112835210053219
task1503_hatexplain_toxic_language_detection,0.20486663146772116,1.1196372973235675,0.37566268056048757,0.5432794191856668,0.5259980787921507,0.0968942610171806,0.6155874435125449,0.3887827307031772,0.0627408043989701,0.4911994585948075,0.574568255080383,0.21107832803767326,0.6296782213758245,0.3524242719959819,0.02391107149062214,0.20486663146772116,1.1196372973235675,0.33791552924573787
task1505_root09_word_relation_classification,0.24156378600823045,1.140413261195974,0.17583083360710527,0.3174972648502285,0.8866228523513722,0.0386219723953842,0.4227065361677855,0.33051658016926827,0.01252753717530386,0.44218297668452927,0.15415599757935863,0.016837193965224734,0.4396700762589674,0.05577317272585633,0.008239075707553029,0.24156378600823045,1.140413261195974,0.021588505526202006
task1516_imppres_textual_entailment,0.16161616161616163,1.473139127471974,0.29197356673650626,0.4791580400276052,0.5978493811216467,0.07107729649083902,0.4917718388234982,0.536919219468437,0.057547126083655864,0.38022474652470156,0.8740872841446151,0.12280996869007024,0.5171292839801127,0.20027506641005088,0.03906534553701904,0.16161616161616163,1.473139127471974,0.02876365976509232
task1517_limit_information_extraction,0.6533179252411219,0.06371865915201873,0.005834391111650322,0.6747549485308089,0.060138219100723936,0.021731357428854958,0.6632996632996633,0.03836708950349896,0.0033510018183979806,0.6313508199651459,0.16960523969935543,0.020537256661554704,0.6715670941507663,0.055736095984353265,0.0037238101529823986,0.6533179252411219,0.06371865915201873,0.006458899910676441
task1529_scitailv1.1_textual_entailment,0.42344650864830236,0.8180411583424597,0.09176268746895555,0.7306052855924978,0.1507152774024294,0.012120631394864578,0.48364888123924266,0.7100500008103859,0.07021994440211407,0.6051703877790835,0.4268880181167804,0.04373186536017676,0.729130206998027,0.024361532468610822,0.0017913676606647055,0.42344650864830236,0.8180411583424597,0.009344750526003809
task1531_dailydialog_dialogue_act_recognition,0.04954954954954955,3.9364791081110844,0.33500318820656094,0.4767849903719469,0.2189900367751466,0.042287290269089006,0.5676852524573742,0.12526058588056307,0.04945627823309616,0.43126117631397953,0.42624899977509473,0.08516714174900948,0.4919578637495001,0.177068425453971,0.022650947113293796,0.04954954954954955,3.9364791081110844,0.07989786088667891
task1533_dailydialog_dialogue_act_recognition,0.3723849372384937,0.8379888268156424,0.13647969806884208,0.4447581404103143,0.723831780205574,0.08100460307577384,0.5020885547201337,0.3040352434437576,0.042925078762970886,0.5477841422972565,0.06862568153486484,0.025340635506291842,0.5430492716995182,0.0321092638374138,0.009383567111196811,0.3723849372384937,0.8379888268156424,0.20207178331065817
task1534_dailydialog_dialogue_act_recognition,0.48444444444444446,0.45103878861817787,0.008682819853322393,0.40902872777017785,0.8008898776418243,0.01782866130589314,0.48796140366847207,0.2736373748609566,0.0046967147824630295,0.4772602355252541,0.41083175566670843,0.0073309885899262295,0.4830518838034041,0.08169997315024359,0.00011392172063570682,0.48444444444444446,0.45103878861817787,0.004599626212922092
task1535_dailydialog_sentiment_analysis,0.5414350253059931,0.2753473176885381,0.018158148748900427,0.5144758137025716,0.1785885347529183,0.005331155410275762,0.4500683994528044,0.7570041775356183,0.049452338894675485,0.5205078564675161,0.1886573630981469,0.006189929964328433,0.5399795546468732,0.014331178714740371,0.0016126356364585537,0.5414350253059931,0.2753473176885381,0.09678747624924
task1536_dailydialog_sentiment_analysis,0.3252636218763775,1.221297375649097,0.016200800930583042,0.5504331193118824,0.014268340955048048,0.006604475933660536,0.5404673696209746,0.47044803527387385,0.02548379208941845,0.5751883982486694,0.38030973846215305,0.021392838717675444,0.5523528769516323,0.02961064305725036,0.00014142177530535038,0.3252636218763775,1.221297375649097,0.0016222346105534413
task1541_ag_news_text_categorization,0.7438711931823445,0.19337385321220837,0.018179677905707098,0.7015729419877206,0.10252231544529433,0.022555439763478125,0.746628244420659,0.14671138138284,0.012867266052320747,0.7549586043761087,0.1385678616311927,0.005885312343886062,0.7628884149894177,0.10602079275680745,0.008704661591401056,0.7438711931823445,0.19337385321220837,0.07568861317957792
task1548_wiqa_sentence_ordering,0.5684765702658138,0.05806006032849257,0.005824539297726694,0.5457457340865413,0.4681926504618465,0.013193772013379568,0.48985829397054736,0.4037666611497577,0.01843394872004006,0.5361252624554436,0.557180978546439,0.024862645808579442,0.5567662403619742,0.011802044993560945,0.003781495769136889,0.5684765702658138,0.05806006032849257,0.035134900568695254
task1554_scitail_textual_entailment,0.3288590604026846,1.0204081632653061,0.24494310554277446,0.3288590604026846,1.0204081632653061,0.2783793532075761,0.5124676248032096,0.6365336832407381,0.03951060074565338,0.4826505016722408,0.71076049467406,0.04478158969900434,0.6833016634996834,0.0346480055436809,0.004100733766368103,0.3288590604026846,1.0204081632653061,0.026958659969842313
task1559_blimp_linguistic_probing,0.3392070484581498,0.9740259740259741,0.14606421805991376,0.34375,0.9329008390746052,0.050323768462256335,0.3782103271154366,0.7724437777655478,0.038777538659014565,0.34375,0.9329008390746052,0.052043618191316865,0.36943248924031624,0.05445313664491748,0.00010226669560542412,0.3392070484581498,0.9740259740259741,0.015107477832807109
task1560_blimp_linguistic_probing,0.43561872909698995,0.7848454963839578,0.08286192567123193,0.6076839826839826,0.15590161649944267,0.014217711335543948,0.569377990430622,0.40509259259259267,0.03474755422981218,0.5767911825761833,0.3399789946400117,0.029047460450275342,0.5933152584559314,0.0513180639585134,0.0011273184693004201,0.43561872909698995,0.7848454963839578,0.09161401302463623
task156_codah_text_completion,0.5579136881856441,0.16936960902951928,0.019844947566137625,0.3717299941437872,0.6123411543934192,0.05866580067110738,0.5664008009732235,0.2894672953713828,0.013792965106375302,0.5471425954880024,0.31025573875564855,0.013305196268920766,0.5800063108247251,0.1857653433636959,0.0037255789251744303,0.5579136881856441,0.16936960902951928,0.10385875795018212
task1583_bless_word_relation_classification,0.7806795559604548,0.11383981800769907,0.019683726724945894,0.7716179302315167,0.13883435883908252,0.007238591649883719,0.6707299985988511,0.3473019864827286,0.03194508501289717,0.7927438045997504,0.09396037368870343,0.002947695186126309,0.7996794871794872,0.07672122398149794,0.0038672155419559318,0.7806795559604548,0.11383981800769907,0.07640412456195841
task1584_evalution_word_relation_classification,0.8082078085218543,0.07283351232395821,0.002174915727001847,0.7960116373688846,0.11805346799883487,0.02141287328183661,0.7076199299731685,0.3330540849081989,0.03262287710895104,0.7757976430008624,0.18778484017676322,0.016408079714776314,0.8165015180328963,0.009953649626079104,3.8692655106586926e-05,0.8082078085218543,0.07283351232395821,0.010148965447961622
task1587_scifact_text_matching,0.3273542600896861,1.0135135135135136,0.14894981225566536,0.6398559423769508,0.017919852418207642,0.03949997214468684,0.6466666666666666,0.013335704125177754,0.03666146790273639,0.557203171661003,0.31163434903047094,0.003210171701513609,0.6104070574537638,0.15466517719092088,0.001836018066214029,0.3273542600896861,1.0135135135135136,0.015651242921782715
task1589_scifact_text_quality_evaluation,0.39673982800667434,0.8297796596047659,0.11538029567880997,0.3731831395348837,0.44089757610155184,0.011257216203791193,0.34172453703703703,0.7746531581489975,0.03580530678434346,0.3678263988522238,0.3111200321156162,0.004474068633316036,0.41431742879773314,0.09233239662786032,0.0030099193120886047,0.39673982800667434,0.8297796596047659,0.016652280223482085
task1592_yahoo_answers_topics_text_categorization,0.29275868148267165,0.9558517281879023,0.1005493806580276,0.4570953428037129,0.5262334016321321,0.02472896187520667,0.4664507733790429,0.47861871231982656,0.021352940604714987,0.4587507199186673,0.4546192180286191,0.02924991768687478,0.4683732065071684,0.4550195657118414,0.013321339373462589,0.29275868148267165,0.9558517281879023,0.3349770311173389
task1593_yahoo_answers_topics_text_categorization,0.2764940124758332,0.5628790734096651,0.0323027318130923,0.24688982805869278,0.7624255500732521,0.034558965693028125,0.2590780712365152,0.706177615909573,0.019287914437716963,0.26157814629665477,0.721034735777039,0.03793270316587715,0.30247027142304356,0.5046828225656373,0.008092798976243473,0.2764940124758332,0.5628790734096651,0.10003162232744195
task1599_smcalflow_speaker_identification,0.5666474065514022,0.5013422377311327,0.03243220881812914,0.3114325733589143,1.2974218922352476,0.11211355413245766,0.4747474747474747,0.7368603227008892,0.05478338035121405,0.5003967766091806,0.6697455837840564,0.047892274588655526,0.6052232007288187,0.2711871212961112,0.0028180495658182148,0.5666474065514022,0.5013422377311327,0.05650780213039647
task1604_ethos_toxic_language_detection,0.7532314923619272,0.23874223602484473,0.12529810561274124,0.7033248081841432,0.27917505030181083,0.03311604446236904,0.7956654272602419,0.0212940824865511,0.05797178073694839,0.7154343014589638,0.24367559523809523,0.020214510203919567,0.7933333333333333,0.06696428571428568,0.0053153661661915486,0.7532314923619272,0.23874223602484473,0.16271243103633903
task1612_sick_textual_entailment,0.505403238736572,0.6833120396938696,0.02526135308991953,0.46903103320849865,0.6931279555027554,0.059898901911324826,0.5157109526205678,0.663118608822299,0.01863382014301429,0.617277307740938,0.45295599488717014,0.027516564737096183,0.5885899976788616,0.4469422727543991,0.008187465575577618,0.505403238736572,0.6833120396938696,0.192537013571832
task1615_sick_textual_entailment,0.6057385800169033,0.40397206941231806,0.012527855759444484,0.4258241758241758,0.7810261880132177,0.03877417794940105,0.49594914951009345,0.666818357407544,0.02428329344742952,0.5084735830077445,0.5841459335728273,0.01838732736571158,0.6171860588121377,0.24682495659758583,0.0044686177498189095,0.6057385800169033,0.40397206941231806,0.06724496644803327
task1623_disfl_qa_text_quality_evaluation,0.3435448577680525,0.9554140127388535,0.24737131308367022,0.5939399696048632,0.45626245544059385,0.036944661835278614,0.530069299114024,0.6251710073366123,0.05016502186743327,0.6855345911949685,0.04080082924928637,0.00036257736055225753,0.6823132057384267,0.036339301524947014,0.0025380835210114805,0.3435448577680525,0.9554140127388535,0.02726124572507116
task1624_disfl_qa_answerability_classification,0.3561182351662682,0.9800120711758823,0.07206321173988095,0.3561182351662682,0.9800120711758823,0.07004525235976028,0.32352443767968886,1.064773735581189,0.12415220571486404,0.5015766453056658,0.33001001464082663,0.013869486916016277,0.512987012987013,0.021500908493178036,0.004809929230998933,0.3561182351662682,0.9800120711758823,0.007318311613779521
task1630_open_pi_text_categorization,0.3666300860929518,0.9362815469025635,0.14730436512156916,0.7000659330055741,0.2752603470816526,0.05876810643529469,0.7046468015571804,0.3089386391354081,0.023500979535390223,0.6591274914068126,0.27066871777316104,0.01863964972557776,0.6342454580826674,0.34587850951674876,0.006240034020086979,0.3666300860929518,0.9362815469025635,0.3067582125259476
task1640_adversarial_qa_answerability_classification,0.3869793034167057,0.5637522823371132,0.03496815516672058,0.4004360465116279,0.5125304763690923,0.0328805484028285,0.4754304160688666,0.048828125,0.0031076377149730217,0.4694452266967052,0.10024495852984228,0.0012235295422683978,0.4827817831713761,0.03210616438356164,0.002224820557667845,0.3869793034167057,0.5637522823371132,0.0035504935695964135
task1645_medical_question_pair_dataset_text_matching,0.33184855233853006,1.0,0.12425357729393877,0.3760522927602258,0.9084967320261439,0.0769857194418464,0.34324030445813697,0.9731543624161074,0.09088446251666643,0.47349947349947347,0.2827586206896551,0.011565329207809394,0.49598905194761844,0.07382550335570467,0.0029242272739532504,0.33184855233853006,1.0,0.015104593925583859
task1661_boolq_question_answering,0.6316964285714286,0.13875065862654415,0.0012930492910883107,0.46006137431860267,0.7360144812386433,0.01657183341406676,0.6253178107854944,0.06248077059617075,0.004602800770699356,0.6022857142857143,0.2386709870871017,0.009709818855627717,0.6297984458205023,0.0037078235076009715,0.00121072380239029,0.6316964285714286,0.13875065862654415,0.012403362565607784
task1712_poki_text_categorization,0.5567662403619742,0.11834696020106257,0.01161913895108907,0.5605118392729012,0.3929243813574243,0.04599770659593916,0.4065116071129193,0.7637382803376598,0.035473973758456706,0.5609119318556416,0.2416780665754674,0.019936346638095515,0.5725683890577508,0.01367989056087556,0.0022930342678135207,0.5567662403619742,0.11834696020106257,0.0011674645579008436
task1720_civil_comments_toxic_language_detection,0.5817142857142857,0.328280464972657,0.05153424506195059,0.5978372581437955,0.1692574940982584,0.02853078830628608,0.6304207778116842,0.15786561122873521,0.01857199374186516,0.6335574607016061,0.20767160630531478,0.027684043863162033,0.622994027958496,0.0014648657313597842,0.0016714025416226796,0.5817142857142857,0.328280464972657,0.09781942738764193
task1721_civil_comments_toxic_language_detection,0.6125293410752591,0.16090805236989508,0.02110010464643597,0.6179966044142615,0.3683497044313081,0.05268766218093368,0.6025770219318607,0.21738671081191954,0.02562884142730118,0.6199831103604605,0.00408620311440362,0.004818386400311098,0.6166624073600818,0.012072608632455724,0.0006758530832305931,0.6125293410752591,0.16090805236989508,0.0021434472177363217
task1722_civil_comments_toxic_language_detection,0.6290726817042607,0.11282377244557443,0.002744009432244232,0.6111111111111112,0.2861335289801908,0.029045560021283834,0.6517857142857143,0.06878390955937436,0.013076684082163614,0.6100097497562561,0.2967836603318107,0.03051491496270961,0.6399359886201992,0.0542269187986652,0.001123349630691245,0.6290726817042607,0.11282377244557443,0.01055237173862733
task1723_civil_comments_toxic_language_detection,0.3087557603686636,1.079136690647482,0.08877850227307513,0.537037037037037,0.2226789996574169,0.004438474067172127,0.5453735068639687,0.17181830963043532,0.0018397586631455631,0.3775,0.8240334588730239,0.043863541162065145,0.5580357142857143,0.045961456212137625,0.00194487873493851,0.3087557603686636,1.079136690647482,0.13038148237876082
task1724_civil_comments_toxic_language_detection,0.5691910365018757,0.09606181653948127,0.0006164748577728307,0.5860042735042734,0.04820109862126676,0.01448844713005279,0.5819910601821404,0.0771737266335105,0.016957176655324674,0.546811623508701,0.4652728143280433,0.03754418700932999,0.5827723939963729,0.04287429257417252,0.0025042734016934576,0.5691910365018757,0.09606181653948127,0.0012674942601056394
task1725_civil_comments_toxic_language_detection,0.5731514521884458,0.2452318583636487,0.01453509962714955,0.499607535321821,0.5346891664967175,0.04560427033610706,0.5271384052652477,0.5181593959254656,0.036121806135145346,0.5583206686930091,0.4054398279180347,0.03494327660925278,0.5733143695275345,0.015049461529232134,0.0045035654141463155,0.5731514521884458,0.2452318583636487,0.04515678288822303
task190_snli_textual_entailment,0.3782314137992512,0.4745134573449769,0.007283968788987655,0.3933333333333333,0.3209492316669909,0.0009109942635488477,0.40476190476190477,0.5543668546975296,0.04228929096423137,0.41927990708478513,0.2382804901770084,0.02563585536136237,0.412862409539848,0.07225916650457108,0.0011063710350043,0.3782314137992512,0.4745134573449769,0.0007326157752060303
task195_sentiment140_sentiment_analysis,0.45033590583532285,0.7844251676488518,0.1333361247509743,0.7395833333333333,0.06739936949752032,0.01145849594581333,0.7366403306997367,0.026912778460766135,0.016200126649444258,0.7332266239829266,0.013941872494504062,0.0200197976407267,0.7332266239829266,0.013941872494504062,0.00848960412314892,0.45033590583532285,0.7844251676488518,0.14570540488703138
task196_sentiment140_sentiment_analysis,0.6686251468860165,0.3331539654189593,0.050952710230499326,0.7466216216216216,0.024524899519343755,0.014851630814162159,0.7461137588526123,0.05583581492510781,0.0008270715031465647,0.7197702115734903,0.3066802969020845,0.06538091971565985,0.7466554069069737,0.0022620052954734574,0.008380895336833394,0.6686251468860165,0.3331539654189593,0.140384962934816
task197_multinli_text_categorization,0.24392369731397717,1.0369996705748734,0.14367667866592776,0.3985070311184559,0.5801585028789065,0.08288381645615757,0.42458179340852265,0.4182553265961679,0.036809785195529285,0.4210551989554922,0.5267257027337398,0.06693974338914044,0.4671570629178149,0.38497302989032267,0.00894221420952672,0.24392369731397717,1.0369996705748734,0.1817758329266905
task198_multinli_text_categorization,0.18030682733368547,1.095797029161622,0.045409974551238755,0.1623079272714309,1.4670306344468014,0.03714307743082952,0.22971163858208704,0.833458796063828,0.02393565541259192,0.24045858863588773,0.6258071292811616,0.016467748990676448,0.2570333552127485,0.48724191038844805,0.001726737778398768,0.18030682733368547,1.095797029161622,0.0044207410605681535
task199_multinli_textual_entailment,0.45288132126604286,0.6483489101791643,0.06497757797417997,0.33333333333333337,1.0254596888260255,0.0228877735403627,0.42968949761536834,0.33234339095988386,0.0012932731726202906,0.4629244629244629,0.5359209390326788,0.04029373355201804,0.4513888888888889,0.08623167576889909,0.0006337980651423547,0.45288132126604286,0.6483489101791643,0.006555814472881033
task200_multinli_textual_entailment,0.5830183289568166,0.3077288192272581,0.024835985420946616,0.48037018710485846,0.5280023840490562,0.051104872853833555,0.5738338075713311,0.15965341871537256,0.010725060641614409,0.5615237510980838,0.29925790655411844,0.03296155421162186,0.5753550487303433,0.09099155552060474,0.000565996464779589,0.5830183289568166,0.3077288192272581,0.07960721787690195
task201_multinli_textual_entailment,0.22068030763682936,1.1230646607517838,0.04582404505012583,0.24970924964994645,1.0307651559339457,0.041907445869967336,0.28207569337473254,0.5817531826652395,0.017432342304178478,0.26649147299553805,0.531119712244551,0.01262015304790226,0.29676093787768915,0.06871244615210059,0.0005396719351878354,0.22068030763682936,1.1230646607517838,0.004733232312716329
task202_multinli_textual_entailment,0.22571184995737426,0.24210879246250536,0.004946232412440854,0.19471166482678862,1.2426652666153464,0.0481301043064602,0.2649488058889649,0.6185222210962164,0.019265761914488616,0.20807780003729973,0.621058056810921,0.010390309767610212,0.21860271799419873,0.43587949434962625,0.0011737522746366469,0.22571184995737426,0.24210879246250536,0.00047816985103632526
task204_multinli_text_categorization,0.2537313432835821,1.4563106796116503,0.07571369692635005,0.5346758504653242,0.37149041880203476,0.017119299259805543,0.3891402714932127,0.7170666798087822,0.02673481008029388,0.5324131223581341,0.27985665706822865,0.011819713265870724,0.5375467958599427,0.057590206212187495,0.0003290172592859686,0.2537313432835821,1.4563106796116503,0.007651929544731317
task209_starcon_stance_detection,0.22718603938774098,1.015825664863452,0.2088800675471459,0.5837762237762237,0.19569553945466794,0.0653841840417198,0.5445542259684393,0.12918917443548994,0.03500120431299675,0.5876131175361711,0.04013672560333164,0.027089199624204252,0.5169943566269187,0.1641279757667205,0.03414594337610985,0.22718603938774098,1.015825664863452,0.23799028407418138
task211_logic2text_text_to_code,0.3288590604026846,1.0204081632653061,0.2666866778663082,0.3503118503118503,0.9803921568627452,0.14298134431507797,0.3360899190495603,1.0068892421833597,0.162054530920285,0.6336996336996337,0.4701880752300921,0.07924681256778549,0.806658073692164,0.02827577311916505,0.0020441488638752725,0.3288590604026846,1.0204081632653061,0.09698816031812396
task212_logic2text_text_to_code,0.03940886699507389,2.187044413199266,0.4776757232303044,0.4270019586286532,0.7799934345452709,0.26682413900345126,0.721723399649627,0.41453937607722113,0.10291631640661456,0.69986900756307,0.434781849267572,0.11965057204403262,0.7354941879448406,0.38429089638629926,0.05107691949950665,0.03940886699507389,2.187044413199266,0.39949687592798
task213_rocstories_text_completion,0.555022135667297,0.1963645219213756,0.008558701973954808,0.5558146313028272,0.4233110874987095,0.024440931013127165,0.4445235721407207,0.768084607185585,0.04429100120386517,0.5966621851353904,0.05236730319461702,0.0011818790200322782,0.5932610241820768,0.02424756235677303,0.0008070702806151908,0.555022135667297,0.1963645219213756,0.033176624452596504
task214_rocstories_text_completion,0.3512426900584795,0.930692264303391,0.05488931513518655,0.3197278911564626,1.0638297872340425,0.17351569131480846,0.32352443767968886,1.0494924585651202,0.05350322549845485,0.5093403353397346,0.011938403087717134,0.0004704109518962052,0.5093403353397346,0.011938403087717134,0.0004825772179155585,0.3512426900584795,0.930692264303391,0.031704461370232195
task220_rocstories_title_generation,0.6592579395127165,0.18643505879560082,0.007770150219352678,0.38197261663286003,0.8624502432551968,0.14021535144563832,0.5593020222682903,0.5727801866367387,0.048357981540828154,0.6033342914630642,0.4159735801715,0.021442634070522076,0.6782698065150364,0.005561632153649367,0.003214372257948628,0.6592579395127165,0.18643505879560082,0.02574978094076885
task221_rocstories_text_completion,0.3203540918657917,0.6713360942877051,0.025346987615528116,0.177757048092869,1.3527205818321286,0.0729608035451611,0.33713248131852785,0.5660066148467885,0.013038367634956555,0.3605237028737142,0.3895825163248614,0.006755847458280534,0.37814779435669627,0.1360368285051455,0.001704078082970517,0.3203540918657917,0.6713360942877051,0.021085348373051677
task224_scruples_ethics_classification,0.5291781436166805,0.4340988610139209,0.03696003725417116,0.5075239398084815,0.3025140977443609,0.010897847014449846,0.5240836152798641,0.31625688552933134,0.013469180180682827,0.5180111618467782,0.32856839679844774,0.014689138485054265,0.4463111069045478,0.027167528195488726,0.00294960743720446,0.5291781436166805,0.4340988610139209,0.10388362141444873
task226_curated_from_stack_overflow___english._answerability_classification,0.35356123696930875,0.9409026768602177,0.21421874538066477,0.4708994708994709,0.6612460935294364,0.0967855142251488,0.42544459644322846,0.7928171268507402,0.13986077313727413,0.52083940542116,0.3789245759653555,0.053243341756778695,0.5633872195602525,0.13299437422027632,0.0022638942085123626,0.35356123696930875,0.9409026768602177,0.12399221216041134
task227_clariq_question_understanding,0.36251230051769134,0.9541564970359006,0.09367142341460902,0.5346874961223957,0.5745155204939119,0.03141494467731348,0.36251230051769134,0.9541564970359006,0.0878868767427533,0.6309020845907424,0.33972351827328867,0.01136411243637464,0.6766630740341559,0.024936082807507247,0.0007245005263202264,0.36251230051769134,0.9541564970359006,0.009523971265406161
task228_arc_question_answering,0.665206508135169,0.3453343221408193,0.03726096549943607,0.7113434513401222,0.2911453269930673,0.06641627775362063,0.6968417170710062,0.23254454336987937,0.07637011173542511,0.6847614120356836,0.21756620292027695,0.06092710781441664,0.6986246073301999,0.2442147908286384,0.04244760552987831,0.665206508135169,0.3453343221408193,0.1006791430733785
task229_arc_question_answering,0.5208201069273398,0.449421533763921,0.041816433127540645,0.4598233013023755,0.6145296734269169,0.13534126528863782,0.5780640203560995,0.3487352785753228,0.040639916676303386,0.5082745048054967,0.5027237636644827,0.07066501625990382,0.6140902432846356,0.2636677428912986,0.025673778087810434,0.5208201069273398,0.449421533763921,0.10646479792127196
task230_iirc_question_answering,0.17936507936507937,1.386817063552017,0.06294008805703313,0.3525755795414173,0.6170567126979261,0.014322996372632874,0.34292669106889706,0.4501522690501141,0.016297728259565075,0.35077064642282035,0.4369811029595609,0.015113950256943065,0.38049083942376677,0.028677062473180435,0.0004772019369282676,0.17936507936507937,1.386817063552017,0.006620376585113025
task231_iirc_question_answering,0.22709281393351244,0.886969743007733,0.041405461413610165,0.12431693989071038,1.620042095202518,0.13642079606933996,0.16438231554234478,1.2983413907123438,0.05447522964260661,0.2836360006171327,0.27858061291257713,0.0088583146699788,0.28368859229942944,0.30940034475960376,0.0023637695402910913,0.22709281393351244,0.886969743007733,0.08411061218754586
task232_iirc_answerability_classification,0.5090016366612111,0.5447846989966556,0.02198091895047985,0.34093524427241345,1.1219831872005785,0.061266587424237184,0.4448381762343492,0.6754919310322435,0.04868144741959618,0.5090016366612111,0.5447846989966556,0.022185559878736938,0.5305926123390396,0.019952873213742776,0.00011815438034259995,0.5090016366612111,0.5447846989966556,0.015175734438282351
task233_iirc_answerability_classification,0.43764397669271426,0.27722057008192114,0.0159847306114638,0.5197273290642429,0.18903793574846212,0.010870933064810906,0.5321477428180574,0.2717226534077129,0.019821298112419283,0.5101982868771,0.04829782790309106,0.0036172302665612444,0.512888888888889,0.04389328382305459,0.0006930496897240013,0.43764397669271426,0.27722057008192114,0.0016031904591873314
task241_tweetqa_answer_verification,0.3416493416493417,0.9864816808273423,0.12308179944417402,0.700910710085022,0.1146491340429979,0.002629449782422272,0.5654445288753799,0.4403779148752537,0.05276148446198692,0.6815032135070035,0.2234213618652978,0.00989832535530627,0.7094544199663814,0.04770801194077699,0.005640427405252252,0.3416493416493417,0.9864816808273423,0.07752534630199293
task242_tweetqa_answerability_classification,0.4724573671942093,0.7346798368470195,0.07692007121646094,0.483110950835437,0.6995780768447731,0.06777695486808621,0.7200855673387647,0.19108560855534878,0.030367795325164537,0.753322369883106,0.011154904439651928,0.010520619014711824,0.7632675743262017,0.04185080145595359,0.003198691885404087,0.4724573671942093,0.7346798368470195,0.11483306919569392
task248_dream_question_understanding,0.10443349753694582,1.1320754716981134,0.37124422017877684,0.19722408896248483,1.6448549312547271,0.12706970761412595,0.203803618101577,1.6123640948600577,0.069332037467234,0.1972075531671063,1.5518370043073104,0.025794367451026076,0.23611347728114054,1.2830628754728253,0.03189865457976333,0.10443349753694582,1.1320754716981134,0.3165953315875212
task268_casehold_text_completion,0.3371310466825944,0.687380089790061,0.034951367240233636,0.11780846439074286,1.6690710684597867,0.0940329303144601,0.35094707860665303,0.5749493745866766,0.02116668356579543,0.34084042304826034,0.4684327149441235,0.02125037787221927,0.4149138638228056,0.2421127684247959,0.0014740432526109265,0.3371310466825944,0.687380089790061,0.03560409468305123
task274_overruling_text_categorization,0.37538171117650326,0.949367088607595,0.08899475132747825,0.8532289628180039,0.02214632733107502,0.0010384417769865872,0.8522233666203931,0.04836674318060257,0.005058564905324248,0.859775641025641,0.006841164739393059,9.723598504485231e-06,0.8466053087901828,0.07717490029381915,0.002353490754643528,0.37538171117650326,0.949367088607595,0.1559541357614832
task276_wsc; enhanced_wsc_text_matching,0.1383365256604693,1.3011808173491741,0.31682969551794005,0.13239105440940305,1.5780834838149247,0.2556253968731372,0.2492758468423564,0.8436930918637237,0.060808669500117166,0.2668380826152878,0.8345009734406115,0.03046233790793544,0.2907378054670144,0.6575282546575816,0.004196754599108135,0.1383365256604693,1.3011808173491741,0.23940614194065724
task279_stereoset_stereotype_detection,0.17802197802197803,1.5061062711083104,0.11067395945530896,0.19052279165593614,1.6177191595628333,0.10642833958431336,0.23556517300870208,1.3221790476532256,0.05530825497297434,0.4926839826839826,0.5214084695777654,0.025128133586975437,0.5059182209469153,0.17524104728670506,0.0006572426648024932,0.17802197802197803,1.5061062711083104,0.08940153174939322
task280_stereoset_text_categorization,0.7638333888333888,0.047680369704772844,0.16294929400065675,0.5612728195596218,0.4282737282263338,0.1354794654487347,0.7033073034758043,0.08786656156207015,0.1375916696362165,0.6727444448882912,0.16968485918696025,0.1337276504492024,0.63564030803356,0.21369326371226335,0.07164712239720557,0.7638333888333888,0.047680369704772844,0.24066192272941647
task284_imdb_sentiment_analysis,0.8572011423908609,0.12960136585870605,1.4171692405501313e-05,0.8897243107769424,0.022871855119921028,0.03186513823734424,0.8722202295552368,0.0736186942234374,0.022991857253860992,0.7344497607655502,0.3210056404854952,0.06001197874537045,0.8612223714050389,0.10964563801048786,0.005916274077556849,0.8572011423908609,0.12960136585870605,0.04204303834887024
task285_imdb_sentiment_analysis,0.6629389632107023,0.446521287642783,0.08462095322293922,0.8888888888888888,0.12513191617669228,0.03562124801904176,0.8732826463918901,0.07787801680931454,0.03764402506381992,0.82977113675052,0.14563303719930223,0.05388795588349082,0.8826435381296733,0.013340956737183154,0.023784358335664002,0.6629389632107023,0.446521287642783,0.14835100552562627
task286_olid_toxic_language_detection,0.3181818181818182,1.0714285714285714,0.2871237973697216,0.5138443602448266,0.47249334516415264,0.05315020179051458,0.578229915308567,0.2563775510204082,0.032336273972747825,0.5915178571428572,0.04589686998394866,0.0018233797117087613,0.5832916624995833,0.04974489795918369,0.0008487929571259212,0.3181818181818182,1.0714285714285714,0.2515899884014491
task290_tellmewhy_answerability_classification,0.24050632911392406,1.5789473684210527,0.10704596513761441,0.4190705128205128,0.313588850174216,0.013286139123965118,0.48895676691729323,0.5056650108835186,0.0163227111277785,0.48670759586490486,0.4891524053362081,0.01447903255833033,0.4763676450323825,0.0020816708878326237,0.0033138996925016206,0.24050632911392406,1.5789473684210527,0.010899172609683982
task291_semeval_2020_task4_commonsense_classification,0.358974358974359,0.9540774911633498,0.06401124692309423,0.4999751231404548,0.5837207222596774,0.01879335389866399,0.3693181818181818,0.9277605320470383,0.051048666004680804,0.5501621508525996,0.37510439060449474,0.015199511587135367,0.5555555555555556,0.09649131445096827,0.002973360137146275,0.358974358974359,0.9540774911633498,0.18028514727852504
task296_roc_stories_text_completion,0.4715869715869716,0.7336843438455553,0.08078697231681933,0.35064935064935066,0.9259259259259258,0.24705113339231066,0.4188403838356535,0.8199847444698704,0.09535924645850596,0.6762313777411854,0.13505152185811858,0.0010034763982099681,0.7108142037302726,0.051168600538775255,0.0010309226051229414,0.4715869715869716,0.7336843438455553,0.14769565769748477
task297_roc_stories_text_completion,0.3659329125390002,0.8543912840762117,0.04550405008894859,0.35205183585313177,0.9202453987730062,0.19041267633737607,0.3571428571428571,0.9078062882191671,0.07753372136429618,0.4001317629653602,0.38076019459548666,0.016289212470395692,0.3920092646207296,0.0322194046582656,0.0001648985955977067,0.3659329125390002,0.8543912840762117,0.06635856104827537
task298_roc_stories_coherence_classification,0.6081876899696048,0.41340682788051214,0.08568092275677586,0.69662098545873,0.2824915352713722,0.06455002137677301,0.6586876936074345,0.1892463741181012,0.036624585331537673,0.7099709970997099,0.027422715525013526,0.009301906400984827,0.7099709970997099,0.027422715525013526,0.018202911494490992,0.6081876899696048,0.41340682788051214,0.16372827999327794
task309_race_question_answering,0.5001229586031529,0.4364996333642634,0.06096474346286977,0.4936717213956199,0.4855010157197945,0.11856259886846146,0.544834801053718,0.2949927964657468,0.04574423655342057,0.53758708395095,0.20324910290675627,0.055319505570784244,0.5532931083812763,0.1906980903187896,0.017010424492336695,0.5001229586031529,0.4364996333642634,0.0961672953250805
task310_race_question_answering,0.4070257228151965,0.8322580645161289,0.07074530116158814,0.41317104977178876,0.8205128205128205,0.06964983305923661,0.45385800308080104,0.6815286624203822,0.0466067535501255,0.5751891916987789,0.34831460674157305,0.018596849336008248,0.5999288762446657,0.02222222222222218,0.001105542351001132,0.4070257228151965,0.8322580645161289,0.022050760557285942
task316_crows_pairs_stereotype_detection,0.39148073022312374,0.8093023255813953,0.08496533485852875,0.4473684210526315,0.7350293542074363,0.035013987180773976,0.5331465919701214,0.18389610389610384,0.011158685627393083,0.5049074958742291,0.426005132591959,0.02761378786608268,0.5362796312802518,0.06205083260297981,0.0006331742327533585,0.39148073022312374,0.8093023255813953,0.03577533280251344
task317_crows_pairs_stereotype_detection,0.2962374367611608,0.7711198140461547,0.4525248969726511,0.6119441982695076,0.3360926951521546,0.10963227347811666,0.6292424835677706,0.30061608961265796,0.06483960021399247,0.5667762173669572,0.44070292237180997,0.1704464787825035,0.6179281358586182,0.2885154496989393,0.099049039451296,0.2962374367611608,0.7711198140461547,0.46854181079099577
task318_stereoset_stereotype_detection,0.17038875103391235,1.3730228760903835,0.41218274946533534,0.41226403468801137,0.42546500663261205,0.050472294305228815,0.42284843712835146,0.49054237145381613,0.08356278752821297,0.4591535591566241,0.4218494615422494,0.07736895878329875,0.4647852276146312,0.2962231788845708,0.011180965605209536,0.17038875103391235,1.3730228760903835,0.24289605396911496
task319_stereoset_stereotype_detection,0.1564625850340136,1.5371886547533642,0.2819296730932935,0.17839221710189454,1.3404416444882292,0.21885651368079656,0.4655582673809178,0.5387460877935087,0.0052678711705124726,0.418398368200999,0.6562088614748065,0.025589078913694024,0.48452202894393565,0.29568669421454097,0.007255067381117253,0.1564625850340136,1.5371886547533642,0.02845520271482957
task320_stereoset_stereotype_detection,0.16666666666666666,1.4142135623730951,0.3655256459941111,0.3633701512795439,0.707814043669817,0.1489040463045339,0.4757105943152455,0.3463454929006752,0.02144002896680447,0.5422619351718453,0.16954618899105728,0.06884389540310928,0.5252072292431037,0.2509063626477281,0.017968601840287174,0.16666666666666666,1.4142135623730951,0.03770738015789346
task322_jigsaw_toxic_language_detection,0.3435448577680525,0.9554140127388535,0.28302012460215487,0.6695738176586945,0.20553010715084252,0.027472687021867115,0.6991442324835087,0.12312528236095117,0.0014964427750411569,0.6643043640432674,0.35507278653221613,0.10845511033538169,0.6989160979526294,0.03913284168061233,0.042962498545693534,0.3435448577680525,0.9554140127388535,0.034328742326131145
task323_jigsaw_toxic_language_detection,0.34065934065934067,0.9677419354838709,0.1615219343750909,0.589448035692431,0.028845609999811436,0.00021018133982367293,0.5728491531022541,0.2354997616399174,0.014960445248338727,0.5611428571428572,0.3243914426882582,0.025567954567753348,0.5860042735042734,0.03488724845788247,0.002088131106013802,0.34065934065934067,0.9677419354838709,0.04385037547954573
task325_jigsaw_toxic_language_detection,0.3467585709780601,0.9611135660627484,0.11232189502908868,0.474811872909699,0.7259780984818119,0.06713326532099256,0.70560685133146,0.058280437577413524,0.0030053876943356705,0.7132583860543444,0.18642886793571725,0.014380993099759432,0.7090657778867697,0.05318335918374503,0.0005946216396978399,0.3467585709780601,0.9611135660627484,0.13392751120327778
task326_jigsaw_toxic_language_detection,0.33184855233853006,1.0067114093959733,0.13253052826023404,0.5302731624894397,0.2107340036368766,0.0053213370959535045,0.5398159263705482,0.03037172022460251,0.008791713262063405,0.46281397174254313,0.6040961127853879,0.04721461632374588,0.5398159263705482,0.03037172022460251,0.00013035942765601827,0.33184855233853006,1.0067114093959733,0.06922791182873889
task327_jigsaw_toxic_language_detection,0.2822966507177033,1.2711864406779663,0.31934448289087003,0.6582137508160627,0.3177138549457611,0.0387130253555078,0.6632397888302306,0.19718166170768164,0.055206157937982225,0.6599395448079659,0.2023400328485074,0.055623804527694665,0.6721530844373076,0.13014758357936748,0.03110113365283862,0.2822966507177033,1.2711864406779663,0.03903966637617845
task328_jigsaw_toxic_language_detection,0.3742601048537122,0.9352264534312117,0.1852613085006283,0.4636942005363058,0.7467098554636142,0.13177319496121473,0.5598883157446406,0.44743939124387444,0.08015349327922255,0.6124894214066188,0.10282674442888859,0.03165596039159846,0.6166283294996167,0.042913399077782625,0.0013252602343910291,0.3742601048537122,0.9352264534312117,0.11417953750909546
task329_gap_coreference_resolution,0.384155572280037,0.5294076361118373,0.11011119148763626,0.06606606606606606,4.2854956435548335,0.21662235826999918,0.3421082857119362,0.19291239020541662,0.020083550516993898,0.3643185028248587,0.135873415354435,0.013274690768456165,0.3772442434114756,0.056558776428486716,0.006480667769459464,0.384155572280037,0.5294076361118373,0.17092213446744223
task333_hateeval_toxic_language_detection,0.3387710406985723,1.0217201505840605,0.17022951015955878,0.6592579395127165,0.010745755426606421,0.01613800175674096,0.6560207500751412,0.006011489076411053,0.01648450710534416,0.651813754494561,0.17294583733764787,0.0032609402354672745,0.643329370326337,0.06541684780234754,0.0042154765858755106,0.3387710406985723,1.0217201505840605,0.20376644184111856
task335_hateeval_toxic_language_detection,0.3258426966292135,1.0344827586206897,0.08602233986941807,0.5603354978354979,0.17862985016030888,0.010323939658170356,0.5859728506787331,0.25833947832173065,0.014485026945477986,0.5808697790345475,0.1649451771809948,0.008187045641101565,0.5988589766446781,0.055617352614015514,0.0002535901953644726,0.3258426966292135,1.0344827586206897,0.008746918738719245
task337_hateeval_toxic_language_detection,0.7136338238033153,0.3341125617501764,0.07586961566548148,0.8365776922991406,0.012130963326182473,0.02030000119559372,0.7368299552149222,0.2994076236263736,0.06666446504759405,0.8399715504978662,0.05596255596255596,0.004989803471329768,0.8399715504978662,0.05596255596255596,0.00012213008893274813,0.7136338238033153,0.3341125617501764,0.14279735842181496
task340_winomt_gender_classification,0.8946998946998947,0.11921548519420587,0.04294145292175924,0.9799857676570005,0.0061292592676669855,0.03053967080825626,0.9631527819649617,0.03937477627968025,0.002836094856058291,0.9766227694225824,0.011047542396367559,0.01570594234546835,0.9799679487179487,0.00749131688270415,0.04143617318005052,0.8946998946998947,0.11921548519420587,0.056462517225201625
task341_winomt_gender_classification,0.6509308510638299,0.4307963333327449,0.09972264612221848,0.6296695789738611,0.46582586180838814,0.10174065910640162,0.8665717843800036,0.0226284679841464,0.018607057228109736,0.7796087207133896,0.2199163198962155,0.0628238919837237,0.8566523318998567,0.04177901968279161,0.011141269308437063,0.6509308510638299,0.4307963333327449,0.1594483236289539
task346_hybridqa_pos_tagging,0.4668016337292106,0.4831982092567277,0.010042738344568036,0.3416493416493417,0.9796831811143559,0.04314827119836617,0.4499449944994499,0.028890172896573165,0.003848267589667609,0.4070588235294118,0.8103628135106659,0.03798087936697625,0.4499449944994499,0.028890172896573165,0.0005412892437379746,0.4668016337292106,0.4831982092567277,0.02561758875824538
task349_squad2.0_answerability_classification,0.5804389787214369,0.33629055146088427,0.027848479584915403,0.569804721655494,0.3739149235257914,0.03117682764129448,0.5899954443938267,0.012316931599973222,0.0023719260983887935,0.569804721655494,0.3739149235257914,0.030832721114007866,0.5896306676008407,0.044182754638435975,0.0047826796718775655,0.5804389787214369,0.33629055146088427,0.08172179497368554
task350_winomt_gender_classification,0.32432432432432434,1.0416666666666667,0.1014183059634376,0.4944364929128769,0.41729104229104236,0.016575748934813783,0.5597674496757066,0.11995524199666208,0.006396893386390989,0.5323148189390228,0.1277043269230769,0.0029823859709582345,0.5664932639722555,0.004713423831070873,0.0004536382264319627,0.32432432432432434,1.0416666666666667,0.010317726037496505
task351_winomt_gender_classification,0.33774834437086093,0.9803921568627451,0.10862319625513983,0.393658517746109,0.7565263867784876,0.021989053392123176,0.44704189893903973,0.2553962761575218,0.003439238521244864,0.40919352514529994,0.6231904526516491,0.011747579789471496,0.46994699469946993,0.041293112989876785,3.7440059260845926e-05,0.33774834437086093,0.9803921568627451,0.037399826241281464
task353_casino_negotiation_strategy_detection,0.3744125939849624,0.9170756910359081,0.12866168919410328,0.5416666666666666,0.33727776825015715,0.019543823565470797,0.5280995280995281,0.4444634996855885,0.028011195041259734,0.5242836596968692,0.5240692768335405,0.03992869366271476,0.54995499549955,0.0018189093819344988,0.00016087503168335515,0.3744125939849624,0.9170756910359081,0.013273925648597862
task355_casino_negotiation_strategy_detection,0.4299642253410387,0.7351327627825323,0.037615167846164005,0.5520591905865573,0.07641610861211953,0.04066492116394213,0.5367005813953488,0.2483920397427264,0.021978707341310827,0.5328218243819267,0.256176090067929,0.02160137441731319,0.5520591905865573,0.07641610861211953,0.0008050907582658473,0.4299642253410387,0.7351327627825323,0.003834690391858464
task356_casino_negotiation_strategy_detection,0.4779491974442886,0.6670137934691949,0.06905027275292464,0.5598883157446406,0.4006147913710939,0.034353350454337406,0.593352393753346,0.23976441405291396,0.0143395855377563,0.6131221719457014,0.1951318161673272,0.009153336538096885,0.5993589743589745,0.04668534080298788,0.0017725066923099941,0.4779491974442886,0.6670137934691949,0.007124454551051179
task357_casino_negotiation_strategy_detection,0.5278678998595709,0.5125718005767577,0.09759036380735403,0.5332792207792207,0.2155651362282768,0.004151340277813026,0.5432358604630334,0.16521059472561922,0.04741300603685278,0.5362796312802518,0.22033699111916907,0.005207154437357225,0.5466666666666666,0.0066669629761322595,0.005078558216960599,0.5278678998595709,0.5125718005767577,0.021310019857311513
task359_casino_negotiation_strategy_detection,0.5490455362289357,0.18727410885769327,0.008087387630965726,0.5435138081395349,0.31240726122162693,0.07523058554765044,0.5481927710843373,0.1464232950688326,0.011081637322885779,0.5455114989007985,0.32881988906246123,0.08046974428106826,0.5535664335664336,0.10325880687069136,0.008130554586435856,0.5490455362289357,0.18727410885769327,0.0008585801095534751
task361_spolin_dialogue_generation,0.3611651506388348,0.868560207805059,0.11003585794998977,0.4140625,0.6221395881006864,0.07006176464234182,0.4749807715887684,0.10556655293497397,0.011385088275143174,0.3552588733311625,0.8653390232337601,0.10618770529568172,0.45272525027808674,0.08687819010961427,0.008546888053974133,0.3611651506388348,0.868560207805059,0.011427687507785916
task362_spolin_dialogue_act_recognition,0.41702293043140304,0.8308702609004844,0.027996468549246756,0.5179704016913319,0.5023376953812718,0.012284140978109787,0.45001032844453626,0.7022253028404639,0.020584299136981926,0.5102683820591559,0.3187827456167196,0.01003143894414188,0.5291157840834456,0.07509767729718805,0.0029778853541407857,0.41702293043140304,0.8308702609004844,0.18419099005908918
task363_sst2_sentiment_analysis,0.8422377622377623,0.07884576755603429,0.020508631677722322,0.823840281855549,0.17329512450141346,0.09295915104747776,0.8485851119909376,0.1337790017967971,0.07969470763307457,0.8279178054458953,0.11257515054214452,0.038843243208974476,0.8566650740563784,0.01611539557457222,0.01062691940296731,0.8422377622377623,0.07884576755603429,0.014107906065197962
task375_ddo_text_categorization,0.2959926580202743,1.1398596937582672,0.06223893890949744,0.48629530160081075,0.3454856373206084,0.03850376543962898,0.5052303618268301,0.2752419765941877,0.03699842144144497,0.4547118581601407,0.40922775714744924,0.036369355761447106,0.44343000574250013,0.46639430642796703,0.015716902784055395,0.2959926580202743,1.1398596937582672,0.08026506766677483
task379_ag_news_text_categorization,0.09016393442622951,1.9682395540555422,0.4045462695731692,0.662241923260314,0.4858485539340767,0.0770898973277919,0.7540964837572728,0.2808995852050152,0.07240527234916985,0.6590844247443584,0.48668743023844263,0.07386314524890568,0.7995150050681219,0.11292324672055976,0.049297481135371704,0.09016393442622951,1.9682395540555422,0.1719718692469745
task382_hybridqa_pos_tagging,0.22591329730097484,1.1335008079739708,0.41777775161236014,0.32925171987928126,0.6942397529456545,0.22328926026853718,0.36973955547654447,0.7489689774589544,0.14037558915522227,0.33432243511932264,0.7283610439617105,0.2037856472606326,0.3494633134719391,0.6918321506369195,0.04912007804515468,0.22591329730097484,1.1335008079739708,0.4893671325113332
task383_matres_misc.,0.5965431348013706,0.41668072065647394,0.005673049452213169,0.6147790841791445,0.060351847657962844,0.05044577229735869,0.47862356621480706,0.7281317363328417,0.04380529113335052,0.5042346622598637,0.5995348007977213,0.1042485356740212,0.5966263292995966,0.07029305455816724,0.00530312454543147,0.5965431348013706,0.41668072065647394,0.01515362006398946
task384_social_iqa_question_understanding,0.417693491107245,0.5776636713735558,0.043848286664518094,0.3866394061958309,0.40370058873002523,0.00029476255399685236,0.44299529564533946,0.027266849695004786,0.0136283149410385,0.45708841189371874,0.20444383179260975,0.025031383383304656,0.4486238427379308,0.01634635808682959,0.003193276985158866,0.417693491107245,0.5776636713735558,0.02474261116339016
task386_semeval_2018_task3_irony_detection,0.3909243697478991,0.8524110475717681,0.08666881239089586,0.3869455463397043,0.8502191772868465,0.07528369165052262,0.5555555555555556,0.07650062605940329,0.02545105557154323,0.5562673072431855,0.04056609398557085,0.019289101403328124,0.5498749652681301,0.04364412259149105,0.0022000344804055105,0.3909243697478991,0.8524110475717681,0.008861923350143353
task387_semeval_2018_task3_irony_detection,0.15905245346869712,1.504482513162867,0.23442062778963874,0.2267864783910997,1.2135916256319765,0.1322444331558153,0.3037248791046502,0.9095063541056393,0.06888924696418236,0.39946425155368703,0.3312269603118671,0.03543252423699669,0.3809370263194158,0.14749363865838114,0.0036278150811517307,0.15905245346869712,1.504482513162867,0.0222530742617838
task391_cod3s_cause_effect_classification,0.34065934065934067,0.9677419354838709,0.11924991481514291,0.5087719298245614,0.0647778577504417,0.007850852703517514,0.474751546145029,0.6070927669805649,0.04361090487168395,0.45529145444255803,0.5270696512106298,0.035572853883195255,0.49333333333333335,0.033370411568409364,0.005352214239664921,0.34065934065934067,0.9677419354838709,0.012269469004897282
task392_cod3s_cause_effect_classification,0.3743379237288136,0.8502727289885436,0.08008761474151527,0.29577464788732394,1.1904761904761905,0.13400063125328712,0.3112965936384506,1.1419908718306764,0.07173308242400828,0.39116202945990175,0.8270824003582623,0.07268259912404934,0.6150556030795551,0.02339460070272087,0.0002937221775822785,0.3743379237288136,0.8502727289885436,0.02349470780483931
task397_semeval_2018_task1_sentiment_analysis,0.33561347643196915,1.0994968771686329,0.13742538398003656,0.6366626295847732,0.173304570788104,0.014316490992322461,0.5194762988068156,0.5732730531117628,0.06233790098493697,0.5372075888745625,0.5265011659541391,0.05552290168223584,0.6457131288591963,0.004229641326415516,0.014794195987573283,0.33561347643196915,1.0994968771686329,0.014743002169308017
task398_semeval_2018_task1_sentiment_analysis,0.3533683878142204,1.010339353897636,0.14397254057776007,0.7094571691443514,0.3065449171758787,0.012725384229352543,0.6929922135706341,0.038881789027326606,0.028709464285065905,0.6760443307757886,0.3084960095940129,0.04754217968007324,0.7053571428571428,0.007731024559310453,0.014443884385260786,0.3533683878142204,1.010339353897636,0.015007431921622516
task399_semeval_2018_task1_sentiment_analysis,0.448096546310832,0.8198980294887694,0.11130663763425175,0.6142270861833106,0.46617193175387406,0.09111930745234637,0.6555760659132862,0.36349438995160366,0.051531562216283106,0.70703125,0.026464940714669274,0.008804251678848851,0.7199446637648885,0.028861375858935442,0.010260603496679177,0.448096546310832,0.8198980294887694,0.011813506768593135
task400_paws_text_matching,0.42668999815804015,0.3274293882095976,0.0077207979928396175,0.3834886200343021,0.8663089889088395,0.049316026795129364,0.36983615740092424,0.8937111429937828,0.033068187046334296,0.4541077543823958,0.3771946574734474,0.011066695036047403,0.4593993325917686,0.02105295989021269,0.0009542702186217389,0.42668999815804015,0.3274293882095976,0.025260595418940823
task420_persent_sentiment_analysis,0.28640809557653907,0.9040271655968655,0.07090641908150033,0.2691386557154339,1.05162958713609,0.11615560410451578,0.3730822300165366,0.4892358763936596,0.03736254689022808,0.38387709226811967,0.5110693826493498,0.03545117259458244,0.3956089631951701,0.3305747118084998,0.03717582246907247,0.28640809557653907,0.9040271655968655,0.023104772820904257
task421_persent_sentiment_analysis,0.16285714285714284,2.197225927973808,0.22382877063611184,0.2720990335581576,0.9335253340137091,0.10744512535464969,0.32357559550433485,0.724668566607355,0.05204625240560237,0.2752456629952427,0.8755766446252926,0.08461930819912375,0.34553723640944733,0.5328104775492177,0.06015409463804264,0.16285714285714284,2.197225927973808,0.021477971072927593
task456_matres_information_extraction,0.48258020006898933,0.4447058011605771,0.03656588128288307,0.4212168688738978,0.8039645366540766,0.05567284500812483,0.47916666666666663,0.48651206165914673,0.045213773333797,0.5065285702941544,0.2247252399657233,0.021424987461328232,0.48972218207690854,0.005730586047933191,0.002140343877378048,0.48258020006898933,0.4447058011605771,0.021828463285216843
task457_matres_word_semantics,0.3420959549512585,1.007481426985051,0.0938087165132821,0.3966063272993966,0.07203362392571837,0.0010701071669598217,0.37078702094011823,0.30396580478312063,0.01105817722086172,0.4066666666666667,0.04676851810609768,0.0013009951864484393,0.4065611664295875,0.013910074471837022,0.0032047310362668113,0.3420959549512585,1.007481426985051,0.009576003143758033
task458_matres_word_semantics,0.3288590604026846,1.0204081632653061,0.19055179822497426,0.3288590604026846,1.0204081632653061,0.14483562338005554,0.4294718539447946,0.820328131252501,0.08759378624055178,0.6063867639210105,0.06398163661068829,0.016269853058862915,0.6033289258769542,0.025535075908816564,0.0021029504507351637,0.3288590604026846,1.0204081632653061,0.044272209954557995
task462_qasper_question_understanding,0.22945137651020006,1.0786942346940813,0.08869263220190313,0.4800785294980403,0.10099855509352328,0.003030966240231886,0.41080941046939,0.593204381354472,0.036746242206556395,0.3351242564357319,0.7285734253610314,0.035868755148029674,0.45399022984624393,0.21276192725722984,0.008255473705460481,0.22945137651020006,1.0786942346940813,0.13149606277921383
task472_haspart_kb_entity_relation_classification,0.4899216401360209,0.5604711020210553,0.03846416422317056,0.643329370326337,0.02519142371974694,0.017743963371765425,0.643329370326337,0.014824582682814042,0.011745249371920063,0.5815610194695162,0.3385711826630093,0.046056622417576465,0.6466666666666666,0.020008003201280503,0.0014677155417871512,0.4899216401360209,0.5604711020210553,0.0039042872939300532
task475_yelp_polarity_sentiment_analysis,0.9529232424677188,0.04469589957199154,0.0006427374254135976,0.9166435120866907,0.07171915266049694,0.0635477662817443,0.9466453247965854,0.03229844389926653,0.0475493096796516,0.9427217286806905,0.05636763732189618,0.0095760150584272,0.9631165405550401,0.02632632552354999,0.02964585446530721,0.9529232424677188,0.04469589957199154,0.044325804733937546
task476_cls_sentiment_analysis,0.9499994444382716,0.003508771929824584,0.01827961682928239,0.9433276660999433,0.010600706713780928,0.0030088474907389307,0.9433276660999433,0.010600706713780928,0.01669133582190971,0.9466666666666667,0.0,0.03207367375348724,0.9433276660999433,0.010600706713780928,0.024704543224645548,0.9499994444382716,0.003508771929824584,0.03880557356378528
task477_cls_sentiment_analysis,0.8738277919863597,0.1247075803274491,0.06680733450064347,0.8825174825174825,0.04777700367172787,0.00845204789006998,0.8997817469155049,0.005196502011788648,0.017385497906001107,0.8894583458948849,0.032054827016538924,9.418135041366904e-05,0.8825174825174825,0.04777700367172787,0.0018899025241442824,0.8738277919863597,0.1247075803274491,0.06211120712627041
task478_cls_sentiment_analysis,0.7785829307568438,0.16315144777609653,0.01953688899327599,0.661367020510111,0.33927965920030556,0.07561144218969895,0.7578857630008525,0.13699974931587777,0.04524128087684953,0.5326398311472939,0.641856136637349,0.14968851690934576,0.7795198432141108,0.1202620030400039,0.02356566270123442,0.7785829307568438,0.16315144777609653,0.07428373041657022
task493_amazon_polarity_sentiment_analysis,0.9559973372747684,0.015789332497928868,0.06640613523140848,0.9453825497246371,0.049271360910499246,0.1023906841670445,0.9559973372747684,0.015789332497928868,0.06304763945489866,0.9594155844155845,0.011818468326504905,0.04699471089256663,0.9428705850724199,0.01816023098731995,0.023112075924286768,0.9559973372747684,0.015789332497928868,0.09031645133932364
task494_amazon_polarity_sentiment_analysis,0.4890405316650154,0.3822868860462846,0.02004478976402113,0.5032385243593354,0.5333520968195891,0.03387009890792564,0.38673432403044583,0.6946826758147513,0.06223029576677777,0.4269949066213922,0.27459954233409617,0.023328494641909142,0.45972716221691956,0.025632262474367753,0.0017368312640742567,0.4890405316650154,0.3822868860462846,0.0020253493553830104
task495_semeval_2020_task_7_text_categorization,0.3288590604026846,1.0204081632653061,0.12235955102819429,0.49582169473452403,0.3736978662432715,0.011499536796023058,0.5084429475217331,0.27498178758682956,0.006580571373303007,0.5073891625615763,0.2878074306645735,0.007477482002561431,0.4899943332703697,0.013202559935538835,0.0004031431106526484,0.3288590604026846,1.0204081632653061,0.02699934825176431
task496_semeval_2020_task_7_text_categorization,0.2393638315682207,1.6327274621113483,0.2947986473721178,0.38524590163934425,1.0372154455753244,0.2238387710563116,0.6775782544444942,0.3345413994981879,0.17999483528624963,0.9842263000157736,0.009606763161265517,0.05403816863249722,0.928203448753637,0.048068003575584856,0.1080590847028643,0.2393638315682207,1.6327274621113483,0.10653191441618975
task498_scruples_ethics_classification,0.09558325638658048,1.8736342771076726,0.34615055565438124,0.14271123967979552,1.476499032124753,0.19236098327467233,0.23306143688686792,0.639122797010205,0.04183547216503078,0.24892176333995358,0.6022613479402326,0.03935275181277276,0.24822378504663978,0.2133279323902746,0.003624501893200377,0.09558325638658048,1.8736342771076726,0.04237206352722714
task502_scruples_ethics_classification,0.5808697790345475,0.018330685567640264,0.004074525144507013,0.5127536077533414,0.5795033233355877,0.03987219736807668,0.4728343465045593,0.6213137634505425,0.04508473709908675,0.5910693301997649,0.2705768587049504,0.01162170148342323,0.5627454689081988,0.048872313654490185,0.002283367751255927,0.5808697790345475,0.018330685567640264,0.02268158485245242
task503_scruples_ethics_classification,0.2502702514209994,1.6788131181676211,0.06366868467388709,0.5157098984171982,0.5402881975911122,0.04574976643866191,0.5200967364058898,0.11934667287882282,0.015677261305604012,0.49541756770672435,0.23319779956948095,0.00011729432715557042,0.5075055213709534,0.0716417511338635,0.0045132765353162185,0.2502702514209994,1.6788131181676211,0.006436085905441535
task508_scruples_ethics_classification,0.3834886200343021,0.8663089889088395,0.049747169975371985,0.3119266055045872,1.1029411764705883,0.05160677654985735,0.484375,0.044036575539002754,0.003836842934892948,0.4538254972463702,0.23730528796884603,0.009806817572710735,0.4879460948917324,0.03623400579744094,0.0003329474557696166,0.3834886200343021,0.8663089889088395,0.10361464382803709
task512_emotion_sentiment_analysis,0.4492834987206589,0.4427037311558165,0.1136321900058247,0.500395065310202,0.2530275581807528,0.043707269732098625,0.4782500022960412,0.3439077596833446,0.09467048811833526,0.4569260801800883,0.4371455888700124,0.09459453421981781,0.4956154169637316,0.19868768509868281,0.010872153446851635,0.4492834987206589,0.4427037311558165,0.18367410048995098
task517_emo_sentiment_analysis,0.48665578750150984,0.648860204229086,0.16234977842046272,0.5705148364452599,0.5402762304656449,0.057932391446851916,0.6743268193132123,0.361845580600711,0.02190970825366914,0.5845787564202727,0.5373996319276502,0.08619042604504357,0.652448525839128,0.38553268675190944,0.009512024113859346,0.48665578750150984,0.648860204229086,0.20545366978836574
task520_aquamuse_answerability_classification,0.49813825481625384,0.5931201151789387,0.042821606704706305,0.649341541338736,0.06787330316742074,0.008401945837605673,0.5324918186068257,0.5090497737556562,0.0328950994486083,0.6523444464253878,0.2188567734786222,0.018993593167066725,0.6517857142857143,0.03185889740511595,0.002498059633483374,0.49813825481625384,0.5931201151789387,0.1310488701499939
task521_qanta_text_categorization,0.5534497153700191,0.544125684080281,0.2480940378181442,0.8135208436967154,0.19750525415991804,0.07797959379441274,0.7669463738879567,0.24443074393597472,0.0994575083628247,0.8008135244271812,0.20161496410194268,0.058337646279040214,0.8086054290721798,0.19277561360351989,0.034271599297958893,0.5534497153700191,0.544125684080281,0.3274201308830208
task564_discofuse_discourse_relation_classification,0.029791977988092695,2.2432192037090677,0.2711501769011174,0.026731211543376123,3.2811276850207483,0.05370779427437932,0.05044310360767765,2.1047511635178786,0.030370155885297456,0.07429599248286542,1.2767459073781495,0.02001981031050757,0.09185291465620858,1.0830629795961737,0.0009174139502505785,0.029791977988092695,2.2432192037090677,0.029016359634820077
task566_circa_text_matching,0.6889467592592593,0.05887479602432878,0.010363677503356816,0.21875,1.7857142857142856,0.14911332976395617,0.600252947287592,0.2867172510029652,0.0232066763512932,0.6862322515212982,0.3234805318138651,0.07526011573668798,0.6812282859155434,0.08133980290378394,0.007859890563255617,0.6889467592592593,0.05887479602432878,0.051002237326927824
task573_air_dialogue_intent_identification,0.9606605268369974,0.06609084363726019,0.17768368053806682,0.8476296613984888,0.04103495444227341,0.11756121560107312,0.9513291268948978,0.037539803309708374,0.06527804259559558,0.6624971179470132,0.25170082458484366,0.23510116292692812,0.8454308664385566,0.025039259082911228,0.11205926462886076,0.9606605268369974,0.06609084363726019,0.0018706556485154208
task575_air_dialogue_speaker_identification,0.5581737849779087,0.5433573535812739,0.09644029872955717,0.6037273644267256,0.4654294245067619,0.07927288710225344,0.5895318175033584,0.48299279901645104,0.07009413294200861,0.643806990881459,0.34705228031145724,0.02240338344754561,0.6632148093841642,0.2243416777717816,0.020638160367515174,0.5581737849779087,0.5433573535812739,0.09106436162547357
task577_curiosity_dialogs_speaker_identification,0.5280672268907562,0.6568605434538514,0.10473774523772972,0.7931862657890055,0.006951722158352724,0.005381641232271028,0.7008023935808514,0.2249398314272959,0.04420702314191649,0.8059681520139168,0.04774745236649459,0.0022963826633150275,0.7996794871794872,0.0233499377334994,0.0043751671252468816,0.5280672268907562,0.6568605434538514,0.1528035106995892
task579_social_iqa_answer_verification,0.36038011695906436,0.9123883928571429,0.1375478116445309,0.4300385109114249,0.6599506578947367,0.042136690184044534,0.4034090909090909,0.8119419642857143,0.07746177118207351,0.5205150272155223,0.2141151046405824,0.026976906951887425,0.5016835016835017,0.13128524436090222,0.005414648430145053,0.36038011695906436,0.9123883928571429,0.014254536173794241
task580_social_iqa_question_answering,0.584695582767684,0.4023850297515766,0.042096784544864624,0.4849132230564203,0.6062767859853199,0.0982088625728356,0.6258655587514648,0.32295714952192783,0.020044599966635768,0.6453763336722999,0.08657825910214807,0.04348213344761748,0.639677780617281,0.12944038428800947,0.009173771381541296,0.584695582767684,0.4023850297515766,0.13173334386240676
task585_prepositional_paraprasing_preposition_prediction,0.29081541019805757,0.5254854188823574,0.1951064132909818,0.24820834359448557,0.9864117318499723,0.18046953182091652,0.2788892328601631,0.6064223045609205,0.07983113287852792,0.3664481418542428,0.3122909945487747,0.11456581294758747,0.28645398938709776,0.6127979897109057,0.06747835683902134,0.29081541019805757,0.5254854188823574,0.19670766099306097
task586_amazon_fine_food_reviews_sentiment_analysis,0.9698791820524548,0.03199431212228938,0.04639207576919546,0.9665178571428572,0.035671819262782414,0.06487867645057205,0.9833108957598549,0.003959201372523147,0.0238535086149958,0.9732369864846782,0.028341993386868207,0.027996376211452567,0.9899811868953925,0.010449320794148401,0.0248056391871469,0.9698791820524548,0.03199431212228938,0.025260989424813085
task587_amazon_fine_food_reviews_sentiment_analysis,0.5317460317460317,0.5953198587127159,0.0802841328806283,0.5464852607709751,0.030215592334494768,0.012254473699965629,0.5464852607709751,0.030215592334494768,0.011011723640173832,0.5157819225251077,0.1133241758241758,0.03046082007122128,0.5464852607709751,0.030215592334494768,0.003821619591054093,0.5317460317460317,0.5953198587127159,0.15667862819915546
task588_amazon_fine_food_reviews_sentiment_analysis,0.503471675885469,0.4861610805425432,0.0517189486197287,0.5704954339151094,0.3962928393441229,0.028328220867235673,0.5656018547382607,0.396400416327816,0.01814620018735673,0.5723437282808133,0.27060021926170497,0.04939949114460994,0.5932499130915716,0.306425540481159,0.05350468237430615,0.503471675885469,0.4861610805425432,0.1989292359077656
task590_amazon_fine_food_reviews_text_matching,0.5030627786239175,0.1547853964042391,0.02388884834113461,0.509578191195432,0.2506151566401636,0.023244426620510517,0.4994124559341951,0.3402425117056171,0.0344715416365631,0.5104039167686658,0.16443500753876583,0.008674280789585875,0.5188371336600904,0.07894492696520465,0.0004931209525704527,0.5030627786239175,0.1547853964042391,0.002445453763999156
task607_sbic_toxic_language_detection,0.5865179802029821,0.2962323127497344,0.01771600472500154,0.38557993730407525,0.9167048354380685,0.0650073099127606,0.5788362402991947,0.2107103130462418,0.014651672841273333,0.6025870801839008,0.03853268518120194,0.002243040813393826,0.6097875509999889,0.004923503346158772,0.0029368439539694258,0.5865179802029821,0.2962323127497344,0.08655340274640505
task608_sbic_toxic_language_detection,0.6546366979244671,0.09014870811686052,0.02335554102297363,0.5271898404428526,0.6162296416371568,0.06540896584383699,0.6715670941507663,0.13567403707102607,0.00715139799064235,0.6815032135070035,0.263569069405877,0.006003997241093462,0.6865412831799387,0.055832583429338334,0.0018917975414550758,0.6546366979244671,0.09014870811686052,0.07890396711361877
task609_sbic_toxic_language_detection,0.4993581514762516,0.6017025312641648,0.047611596350121355,0.5732096649527842,0.20317850846918256,0.019527688546328414,0.5701043392593257,0.10472419004488322,0.000832770732031668,0.5798319327731092,0.012210499801099405,0.006001796552384531,0.5832175604334537,0.07540230470166777,0.0022176695845028127,0.4993581514762516,0.6017025312641648,0.03010572842143966
task616_cola_text_quality_evaluation,0.376,0.9949357423230601,0.09552664149870643,0.5199146514935988,0.5179681067641022,0.06358393255448058,0.6335572705568819,0.2700728533578757,0.033735432342614724,0.6373836891078271,0.1907976830886442,0.0262028810541714,0.6321448783248445,0.04711080875185158,0.0152240094743131,0.376,0.9949357423230601,0.009899460085875167
task621_ohsumed_information_extraction,0.7075742390752207,0.12722258086381294,0.015770540995683424,0.6824003305102251,0.052101095568070084,0.0064274334132587985,0.6521153630344518,0.006350281529147795,0.0017304977474940086,0.7209538305428715,0.15002180933792136,0.019862288599441724,0.6422908138805915,0.019595522458387447,0.01743044587552467,0.7075742390752207,0.12722258086381294,0.10293608932197407
task623_ohsumed_keyword_tagging,0.3937963686780041,0.8755112474437627,0.07532741637334747,0.7170453324418868,0.31797482306532077,0.034083326363182426,0.8431922063190205,0.07569423330292895,0.003040414448907791,0.839421918908069,0.03147893772893775,0.006847821409345922,0.8599937775012223,0.04782846352613797,0.002895211781437812,0.3937963686780041,0.8755112474437627,0.14364740039629312
task629_dbpedia_14_text_categorization,0.30259205393754707,0.9573787166757205,0.05947538612355384,0.28994698371747074,0.975421699495848,0.07725889859264487,0.328363885787355,0.8809562074694999,0.0638133776582904,0.4123935121449645,0.6922518207235766,0.04944925107187295,0.41811092566514974,0.656650791535887,0.00457843549483198,0.30259205393754707,0.9573787166757205,0.22692772054478327
task630_dbpedia_14_text_matching,0.3705263471182607,0.9173715029277814,0.13735213603189672,0.8167420814479638,0.12941208388724604,0.01236693644350595,0.6688579277864992,0.40521214047354204,0.04375540090315713,0.4651205233676349,0.7594179788718357,0.08357435991823586,0.8562049247026563,0.032851027730768756,0.008648711440343515,0.3705263471182607,0.9173715029277814,0.03928568312413405
task632_dbpedia_14_text_categorization,0.5262675990923447,0.6618710371166895,0.08039297692011532,0.8067338012409724,0.16716792351264992,0.012677469804293934,0.5317460317460317,0.6527030016962903,0.07619689494925219,0.8244113277204989,0.1437698306304653,0.00787904660411054,0.8531701890989989,0.03239727321214271,0.006231993437182448,0.5262675990923447,0.6618710371166895,0.06513946683488214
task633_dbpedia_14_text_categorization,0.5023062581962426,0.5189787968968926,0.04053681571694781,0.42553724378285784,0.681897818552898,0.06653984380798846,0.6179673407518129,0.2571065691276112,0.006776179767001317,0.5787997228489704,0.297360018674936,0.01957748632069825,0.5727857529249935,0.2982387520965681,0.004619470732349543,0.5023062581962426,0.5189787968968926,0.18291960458268774
task638_multi_woz_v22_speaker_identification,0.2907801418439716,1.2195121951219512,0.03227131687941598,0.3710691823899371,0.8474576271186441,0.06076193871219526,0.31384405068615595,1.1538941055270118,0.017923918549785478,0.3989010583766641,0.8875900338862353,0.011273893961517761,0.49927748092885704,0.0012319687682228089,0.0005726255842716244,0.2907801418439716,1.2195121951219512,0.0032333348928899885
task673_google_wellformed_query_question_understanding,0.40003116721209286,0.9139832769969756,0.08252366846331305,0.5732574679943101,0.14534883720930228,0.014341628186482769,0.40910670837678137,0.8878876225815001,0.07662079989332204,0.5320357608493201,0.5129283367235176,0.04686096911403903,0.5930439423590108,0.07615277980446515,0.0013835642663553305,0.40003116721209286,0.9139832769969756,0.008388049236793538
task679_hope_edi_text_categorization,0.6533672891907187,0.2846330032708352,0.016253867465031296,0.6894167937571662,0.010588342720368694,0.0029578433922157754,0.6991442324835087,0.0028725910132586046,0.002413990421692519,0.6632148093841642,0.1850877701381113,0.009754217873716886,0.6992396508025909,0.09304381286704766,0.007117408797079394,0.6533672891907187,0.2846330032708352,0.09595870186868308
task681_hope_edi_text_categorization,0.16541353383458646,1.428498547851611,0.10684784487068238,0.3473028659308967,0.9013439380862054,0.0598331485178433,0.44829073966862404,0.2707257396203307,0.011637776293121072,0.39662118258609486,0.6038204900175876,0.024366934973260035,0.4986144038775618,0.17879147339185278,0.0025500346488514514,0.16541353383458646,1.428498547851611,0.010432117736700719
task682_opp_115_text_categorization,0.5191272881890082,0.5720731045645315,0.25325367813446,0.8124079720559018,0.1642030314259434,0.08161117215786823,0.7248206370880971,0.23056480228445936,0.1031537752932898,0.5848588663654578,0.47675916228653153,0.1535687303262955,0.7893039114272976,0.1854119985186072,0.055679060594988235,0.5191272881890082,0.5720731045645315,0.40625199025708203
task683_opp_115_information_extraction,0.36903039220420414,1.0505512477156933,0.45552044818104015,0.648954000503229,0.45866389673604335,0.16580664183344798,0.6383133432355533,0.49768437115889586,0.17091936800702567,0.662837646270964,0.38796308594566264,0.12311586757781856,0.7011541489616941,0.4206163603745895,0.028421730248018272,0.36903039220420414,1.0505512477156933,0.5106100919598
task738_perspectrum_textual_entailment,0.7085720028137876,0.11863900489773375,0.03935228949271807,0.5982222222222222,0.4212380139221465,0.097479585441332,0.746384872080089,0.024652718230149147,0.01331730107529916,0.6838343108504399,0.27010804321728693,0.06978316181242564,0.7196885428253614,0.06632282542646682,0.013136855672471942,0.7085720028137876,0.11863900489773375,0.09303870812700882
task744_eurlex_text_categorization,0.9238683928324339,0.06719373609311968,0.1475774634038817,0.9903643424282741,0.007639908049171707,0.056489161813533445,0.9768664131291328,0.012627643810668953,0.06323742280672914,0.9846267581777345,0.014376641854853659,0.08403458168793834,0.9864984174579376,0.010726805428316692,0.055073704577860205,0.9238683928324339,0.06719373609311968,0.15963490778237427
task746_yelp_restaurant_review_sentiment_analysis,0.9933143162774113,0.00035896288443427077,0.06210358384003295,0.9766456477496414,0.022681124983799202,0.11420442507474529,0.9966559284814571,0.0035329031042441892,0.045987998338048786,0.9899597273508183,0.01067008109261629,0.02930427281754952,0.9966559284814571,0.0035329031042441892,0.030760280408513363,0.9933143162774113,0.00035896288443427077,0.05543474135888521
task767_craigslist_bargains_text_categorization,0.8970338776640681,0.1020810071731045,0.20085754525753965,0.9251725060111918,0.04410822847069661,0.14046774474989904,0.9583220324581937,0.04898668157864716,0.06906148312646365,0.9219122053272089,0.06713281082084624,0.1607559708037424,0.9515418883290573,0.04469594347771565,0.12625852448082098,0.8970338776640681,0.1020810071731045,0.21028680579327447
task827_copa_cause_effect_classification,0.38183678831713014,0.901155164052376,0.03450729107275097,0.4357366771159875,0.7985012186692858,0.03883146579950181,0.525101763907734,0.5664334699397001,0.022281293197470464,0.60993543758967,0.13222680376498422,0.005651532785008101,0.6165601555987774,0.007029838962612073,4.505023780071449e-05,0.38183678831713014,0.901155164052376,0.00346566815003313
task828_copa_cause_effect_classification,0.3948910939340201,0.8545448550676853,0.03869103625964823,0.42528735632183906,0.7842744476655203,0.048382212246241174,0.5347564313081554,0.27939926447628627,0.01732679635429571,0.5347564313081554,0.27939926447628627,0.017446454934294753,0.5063156022060131,0.06597664146140605,0.0022077437914218845,0.3948910939340201,0.8545448550676853,0.003886530434935198
task834_mathmatics_dataset_question_understanding,0.7780839143356771,0.13199098258839642,0.15509402817763887,0.7414837428482045,0.29554407413888006,0.03399695958517286,0.7527228189492279,0.280650119794472,0.052294880246597716,0.7941348541622077,0.2005182183952588,0.10130880799720993,0.7903182646133466,0.23152585066187292,0.01576005624203046,0.7780839143356771,0.13199098258839642,0.19889666630518604
task843_financial_phrasebank_sentiment_analysis,0.7404261084771178,0.23254969784723167,0.03184587677207046,0.6508453482638933,0.41905665781702395,0.06563143931270166,0.7835619188830197,0.147396658277645,0.04297250586833751,0.7541651240281376,0.2485529880979819,0.07403423630237058,0.7853492775825117,0.10155800552977881,0.014346772022477222,0.7404261084771178,0.23254969784723167,0.0824599484531012
task844_financial_phrasebank_sentiment_analysis,0.5885714285714285,0.360082304526749,0.02166181687355151,0.5698805223673242,0.1099434038666176,0.007710240989228984,0.525870453219218,0.601496637302264,0.02875834074236966,0.5550445530324806,0.24319386765356765,0.013452591815606263,0.5714285714285714,0.036512751376249826,0.0017690148837721797,0.5885714285714285,0.360082304526749,0.06650666924475995
task846_pubmed_qa_answer_verification,0.5863970588235294,0.549264313655761,0.09246683811416334,0.5984037179228127,0.5228420905984661,0.08621503236554995,0.7289972899728997,0.2961363534882534,0.05095712435585459,0.8429406850459482,0.07263478373318186,0.014741919792707892,0.8128008557675166,0.05224972599864747,0.016935712722274454,0.5863970588235294,0.549264313655761,0.2376368451674936
task848_pubmed_qa_intent_identification,0.5325854700854701,0.04836772816224865,0.0008697729699776169,0.45052918833204264,0.6430179636203405,0.04114020872341631,0.5230741279069768,0.2485100515922434,0.011749947642251679,0.49862234066579336,0.2768635474114926,0.016109115414798314,0.5333125916707409,0.014176747909624664,0.001395615586968435,0.5325854700854701,0.04836772816224865,0.0014074786896512426
task875_emotion_sentiment_analysis,0.33690247965122994,0.8146577583332849,0.13399563967620423,0.4926769491678275,0.2637724212815128,0.05033446934530807,0.4195999088353158,0.5073309359164624,0.057398383290218985,0.4279683572053345,0.5046914679726309,0.06317080515623447,0.5157392980194624,0.21756909834673355,0.0199433262610388,0.33690247965122994,0.8146577583332849,0.22969067380096447
task879_schema_guided_dstc8_dialogue_act_recognition,0.3567904135338346,0.9225149850149851,0.09804420421466312,0.6466509622649895,0.0503899021940259,0.0027126928683720575,0.606281083072389,0.26149365867107804,0.026828068267294447,0.6409051899363114,0.15612609040444098,0.020365420904820464,0.6466038406827881,0.060715701823949295,0.000995316304415017,0.3567904135338346,0.9225149850149851,0.07142449270661469
task880_schema_guided_dstc8_dialogue_act_recognition,0.08689381429712151,1.7245615511378598,0.28851265288897887,0.43213875143699704,0.538908136823526,0.07067515859398993,0.3919020276173843,0.4686365889725323,0.04499678939212612,0.31271642502916314,0.46995427766815523,0.13575618955491647,0.4858720547111554,0.38338262022323427,0.005285481763051159,0.08689381429712151,1.7245615511378598,0.10222311778977877
task881_schema_guided_dstc8_text_categorization,0.751526228357348,0.4527919748063355,0.2229574280837613,0.9373116286026114,0.11545113709661894,0.11507918310885348,0.9294805532251885,0.14241175208462115,0.05761042875617543,0.9897598422482028,0.008095980722802102,0.10973210636209835,0.9900211758406318,0.008369456027453754,0.07573471018816487,0.751526228357348,0.4527919748063355,0.20027443091604202
task888_rotten_tomatoe_sentiment_analysis,0.9033064740205612,0.02158435045888925,0.016016494761858735,0.799208176878311,0.21877327375252692,0.0775171683198494,0.906517094017094,0.004124245852187014,0.02639453088930746,0.9066500711237553,0.025334653092006068,0.013311355701230987,0.9132369299221357,0.003509264458169555,0.03625386933187791,0.9033064740205612,0.02158435045888925,0.0018096529267482009
task889_go_emotions_sentiment_analysis,0.4829326910691578,0.5027712421423615,0.10843096165949469,0.48795802663097765,0.5603214060723577,0.08430889359701742,0.5424517281660138,0.4333023409979531,0.055237528330822905,0.5412945802801986,0.4346204008367916,0.05434399487876847,0.5728339883757723,0.3813665316520756,0.012862419495991137,0.4829326910691578,0.5027712421423615,0.21233203306949586
task902_deceptive_opinion_spam_dataset_sentiment_analysis,0.9866613311991463,0.01307759372275499,0.0020037376221793413,0.9866571784380003,0.0063133211075369206,0.054615195852970144,0.9866613311991463,0.01307759372275499,0.005805766323290912,0.9866613311991463,0.01307759372275499,0.014961556264027981,0.9866613311991463,0.01307759372275499,0.02296716381043651,0.9866613311991463,0.01307759372275499,0.011478324071592216
task903_deceptive_opinion_spam_dataset_sentiment_analysis,0.49477682811016144,0.6155186071668896,0.060146730921636776,0.6258538427213126,0.28039888883096376,0.02414475447132086,0.5461624026696329,0.07432215591714952,0.0012255998921570366,0.5228778361308482,0.3034908069233012,0.038488002871362115,0.5332503556187767,0.038340149359886166,0.0008618662362515628,0.49477682811016144,0.6155186071668896,0.013564973015627202
task904_hate_speech_offensive_toxic_language_detection,0.13791066478847638,1.877611762315185,0.3241809779862168,0.33080713766988273,0.9281972937007807,0.1502494388346269,0.6213429367314588,0.2345780196558923,0.012410400780420355,0.6113853395621351,0.249932879522221,0.017655303369894126,0.6117047753454884,0.24958120442768134,0.021263632709238978,0.13791066478847638,1.877611762315185,0.10097342790672509
task905_hate_speech_offensive_toxic_language_detection,0.44391293948816074,0.7116852172753931,0.06334245566160374,0.5728262367369437,0.1376195514529459,0.012405670679586367,0.47372236317506344,0.6564450597159193,0.056295797339746434,0.5846634400851268,0.11503915529415623,0.01156341537047667,0.578229915308567,0.015710096355257632,0.0001268775367418984,0.44391293948816074,0.7116852172753931,0.0809320981240336
task909_dialogre_speaker_identification,0.2806750360156411,0.6983117247012415,0.08399987122968297,0.26872684073341147,0.7852969483112872,0.061706895615495166,0.33385507625530764,0.477428200345688,0.045680027387833486,0.331698599051973,0.4334780182358555,0.01446418040307447,0.3270918483708145,0.8320907762840379,0.022341716361480773,0.2806750360156411,0.6983117247012415,0.19375639662360122
task923_event2mind_sentiment_analysis,0.34460934089917067,0.8331910173150066,0.12235785620046045,0.388151311088983,0.6704726042812856,0.07201646075253437,0.40747224034261725,0.5229831435666484,0.0539867590826934,0.4473244228043758,0.36398505708006107,0.046134349709302025,0.45709707825363366,0.26629427025292696,0.009676646632414132,0.34460934089917067,0.8331910173150066,0.167919043141882
task925_coached_conv_pref_speaker_identification,0.4,0.75,0.2674322754986671,0.50539771444058,0.6525974025974025,0.07674595593346029,0.45972588197380143,0.6841463414634147,0.1029308342251532,0.7188905547226387,0.0272727272727273,0.017783945269029627,0.7214355355401829,0.05795454545454551,0.013057412265793433,0.4,0.75,0.24967398559672402
task929_generated_reviews_enth_sentiment_analysis,0.768084707646177,0.26411944220163397,0.07381879874047978,0.8696741854636592,0.08419780502917018,0.05667715462975831,0.8799786628733997,0.04184794035354437,0.03694939151566334,0.8353328628557986,0.13433191269790082,0.06796567676572352,0.8831138471129121,0.022405870170150357,0.013925428353705943,0.768084707646177,0.26411944220163397,0.13407794157382444
task935_defeasible_nli_atomic_textual_entailment,0.530069299114024,0.6251710073366123,0.0938105741311965,0.5224646983311938,0.5795955636719967,0.085715979284058,0.6232956628996233,0.030690723493611877,0.010440074959967738,0.6179453952366057,0.16530623680818876,0.010854146732065223,0.6265172735760971,0.0787530669628515,0.002235155789155091,0.530069299114024,0.6251710073366123,0.12121116480891506
task936_defeasible_nli_atomic_textual_entailment,0.4377936898635041,0.7805259499536609,0.06359046181988945,0.4688995215311005,0.5672233468286099,0.014300748526380969,0.5763888888888888,0.29755473926822235,0.028260423780428673,0.5194914001281357,0.5137631975867271,0.039990626554920555,0.5599217638691323,0.01621642246642241,0.003758617802658848,0.4377936898635041,0.7805259499536609,0.16702611590294655
task937_defeasible_nli_atomic_textual_entailment,0.3384500830517212,1.0142255005268703,0.200991546312566,0.54337899543379,0.509022528531199,0.06767276501522068,0.5741385985288424,0.42615671107291225,0.0511291315214977,0.5641955332994768,0.4531544256120528,0.058580296229413714,0.6124894214066188,0.11627299331103684,0.025312618072607818,0.3384500830517212,1.0142255005268703,0.021920065389142512
