,macro_f1,rsd,bias_score,cc_macro_f1,cc_rsd,cc_bias_score,dc_macro_f1,dc_rsd,dc_bias_score,looc_macro_f1,looc_rsd,looc_bias_score,affine_macro_f1,affine_rsd,affine_bias_score,temp_macro_f1,temp_rsd,temp_bias_score
task050_multirc_answerability_classification,0.7898276586801177,0.2157767964672822,0.1599205359132243,0.8152709359605912,0.1356101477514173,0.07381587542685719,0.7159090909090908,0.2274856148802355,0.23314080190179443,0.7898276586801177,0.2157767964672822,0.16017285789398847,0.7916666666666667,0.190686471296668,0.13292435280377315,0.7898276586801177,0.2157767964672822,0.061580695227847204
task056_multirc_answer_verification,0.6363636363636364,0.24033087413369106,0.23091762844533356,0.6442154336891179,0.20539906103286384,0.19410170331707355,0.5780590717299579,0.45331790123456794,0.3446209860380327,0.6442154336891179,0.20539906103286384,0.19357988514920565,0.6357455075279261,0.19841269841269843,0.182043566240645,0.6363636363636364,0.24033087413369106,0.06325964288562524
task065_timetravel_coherence_classification,0.8590982286634461,0.05310822898032201,0.03589537001263837,0.8098288459613652,0.07716049382716049,0.086293134133862,0.839421918908069,0.03147893772893775,0.057308673220831996,0.8492613807657522,0.04242081447963799,0.04882738478690396,0.8590982286634461,0.05310822898032201,0.0318596224193112,0.8590982286634461,0.05310822898032201,0.03189683598920989
task066_timetravel_coherence_classification,0.9191919191919191,0.011469508752117429,0.0013296853149647736,0.948849104859335,0.0384483937115516,0.05635152081116346,0.7897997566102445,0.26655443322109984,0.22512103497599872,0.9191919191919191,0.011469508752117429,0.012429456808933204,0.9191919191919191,0.011469508752117429,0.003962605768058014,0.9191919191919191,0.011469508752117429,0.020789872891068123
task069_abductive_nli_coherence_classification,0.859775641025641,0.01353710567344767,0.05073461296141091,0.8299829982998299,0.07230850338326404,0.14292840125190104,0.8399359743897559,0.03632123262793676,0.10006202532149097,0.859775641025641,0.01353710567344767,0.043220165672084004,0.859775641025641,0.01353710567344767,0.032210354532863555,0.859775641025641,0.01353710567344767,0.05425826552447338
task070_abductive_nli_coherence_classification,0.6457131288591963,0.08980552458813325,0.14352974211083364,0.648,0.295022472180162,0.23567268050763837,0.648,0.295022472180162,0.23875827501159264,0.6496847162446202,0.034064164498947086,0.11039440593613564,0.6482765551200884,0.02787068004459304,0.08855731477526874,0.6457131288591963,0.08980552458813325,0.08897586435011828
task073_commonsenseqa_question_answering,0.754910014910015,0.028354322057599232,0.07429613558840244,0.7379341736694678,0.07814740470226039,0.10625676233709215,0.7787844494741047,0.09984350917656802,0.08602550329647406,0.7591628879006587,0.0939319033869102,0.08802047726270734,0.7453318806259983,0.03411572341030011,0.05233248562361678,0.754910014910015,0.028354322057599232,0.0686895436937892
task083_babi_question_answering,0.9460527619928637,0.049259460786056856,0.08768143294081501,0.9243285165148701,0.08420684877361216,0.09770055328041961,0.9459176620839908,0.05728808480542927,0.04254798965648836,0.864292417754711,0.15500940094429574,0.21598778442299035,0.9677071746384872,0.03367879005251739,0.06897703253318384,0.9460527619928637,0.049259460786056856,0.030713969077004105
task092_synthetic_mathematics,0.797979797979798,0.03591954022988508,0.010942182160918579,0.78997899789979,0.15121282035293382,0.10033542955969732,0.797077922077922,0.010262725779967147,0.018616587541679996,0.7688674505074866,0.07090610538886404,0.04165332311344985,0.797979797979798,0.03591954022988508,0.006343064544040322,0.797979797979798,0.03591954022988508,0.04822393927503968
task104_semeval_2019_task_10_question_answering,0.41698520794812366,0.3306621845146423,0.11151302154550154,0.39012151720591615,0.46723959464539094,0.17220911606967504,0.4041506538250724,0.32492147559210083,0.11286461657420863,0.4203362472496198,0.3524788117393005,0.12877020564222832,0.4076423576423577,0.33462027020548113,0.07617262172948844,0.41698520794812366,0.3306621845146423,0.08493011922129695
task106_scruples_ethics_classification,0.7126436781609196,0.26264245014245013,0.13553587494095068,0.6624040920716112,0.18417527745885953,0.06336322567155395,0.6892230576441103,0.11264399851356374,0.06686309480018232,0.696969696969697,0.18315018315018322,0.10004069293303056,0.696969696969697,0.18315018315018322,0.11730545447105051,0.7126436781609196,0.26264245014245013,0.05974648613848704
task108_cad_toxic_language_detection,0.7428705002337541,0.05850630850630851,0.1348279301235167,0.6744791666666667,0.04960317460317459,0.19013663656830285,0.7287415968864253,0.08245722531436817,0.12528746236475602,0.7428705002337541,0.05850630850630851,0.15040974691394118,0.7428705002337541,0.05850630850630851,0.1433697562152718,0.7428705002337541,0.05850630850630851,0.10198126865557419
task109_sms_spam_collection_v.1_spam_classification,0.9623824451410659,0.02089718584563947,0.03845236224136689,0.9746321664129882,0.01378929950358519,0.025769367053627312,0.9871646771916314,0.006825006825006812,0.01879449639785391,0.9623824451410659,0.02089718584563947,0.035370719700802494,0.9503968253968254,0.028153153153153157,0.04960894029790211,0.9623824451410659,0.02089718584563947,0.06431550779839129
task1135_x_csr_question_answering,0.8140952380952381,0.06452364377797008,0.0788880788485266,0.8147619047619047,0.07076845421606529,0.10342436609127305,0.8169047619047619,0.07653688846454385,0.08880913234591307,0.8045977011494253,0.056248255414771804,0.07335300292317631,0.8045977011494253,0.056248255414771804,0.060053807798639294,0.8140952380952381,0.06452364377797008,0.07529227450414738
task115_help!_need_advice_on_identifying_advice_text_categorization,0.6736026111791106,0.28772378516624036,0.35586259383424346,0.6041666666666667,0.40517375720741783,0.388259168599882,0.6510673234811166,0.32450104913873024,0.37450300944817,0.6736026111791106,0.28772378516624036,0.34805710996628353,0.6736026111791106,0.28772378516624036,0.3220472377660297,0.6736026111791106,0.28772378516624036,0.18184291834522154
task1162_coda_19_text_matching,0.338862844091838,0.9526353276353277,0.44472573717755715,0.35714285714285715,0.9110228539576366,0.4218023083470249,0.33035714285714285,0.99811872909699,0.47107123961056296,0.47916666666666663,0.5793885601577909,0.265428986487404,0.40910670837678137,0.7963762428048142,0.3512710048101892,0.338862844091838,0.9526353276353277,0.16150745250746304
task1163_coda_19_section_classification,0.561255891973258,0.3170528196538055,0.215891339467188,0.5752776635129577,0.2947008372698396,0.21140329184979909,0.5828973882042936,0.18091393124532684,0.15770462236247995,0.5735675614707872,0.30486484469945224,0.20847041093497248,0.589997115613017,0.25986246251948975,0.155924281501975,0.561255891973258,0.3170528196538055,0.14591106379735913
task1164_coda_19_section_classification,0.6904761904761905,0.2827045795795796,0.046561370864453666,0.6904761904761905,0.2827045795795796,0.11802099217362186,0.6904761904761905,0.2827045795795796,0.12980752656202177,0.7194950911640954,0.23871527777777776,0.0059831620024327625,0.7103464256748928,0.23148148148148148,0.014572117483946073,0.6904761904761905,0.2827045795795796,0.021109073253807176
task116_com2sense_commonsense_classification,0.7863899908452854,0.14461480794849588,0.24338181551063623,0.8076728413807066,0.11584880865926617,0.22581455103197598,0.5558672276764843,0.5931404819992513,0.43930738826464555,0.7863899908452854,0.14461480794849588,0.24420724271044594,0.797077922077922,0.13005202080832334,0.20816810673043215,0.7863899908452854,0.14461480794849588,0.12475204238195214
task1186_human_ratings_of_natural_language_generation_outputs_text_quality_evaluation,0.435347261434218,0.7751937984496124,0.41219530329528364,0.49333333333333335,0.6797752069596346,0.3550755811226324,0.38811188811188807,0.8420208500400963,0.4687891467963374,0.503968253968254,0.6051951584387325,0.24690673369920393,0.4900437105390966,0.5958159231277874,0.24433503360252798,0.435347261434218,0.7751937984496124,0.17794234802107545
task1187_liar_text_categorization,0.8205046985534791,0.19837805327590557,0.12656657220984144,0.8318621269440941,0.18307645119239324,0.12125632717825771,0.7973333333333333,0.2301147094491163,0.1556424743703525,0.8205046985534791,0.19837805327590557,0.12656645487780976,0.8318621269440941,0.18307645119239324,0.11912778429297388,0.8205046985534791,0.19837805327590557,0.11137348369561897
task1196_atomic_commonsense_classification,0.415614773258532,0.6843800322061191,0.3015496512336251,0.4052294916395466,0.6261349230821941,0.25548690936107776,0.3551587301587301,0.842055823939882,0.3725502322522949,0.4981934965877158,0.040257648953301084,0.11304010129901565,0.4625878462174452,0.29690016103059585,0.1495371278218003,0.415614773258532,0.6843800322061191,0.08234289307529588
task1197_atomic_commonsense_classification,0.4875222816399287,0.443957915222283,0.19403644087522223,0.44587106365725093,0.7229133617210766,0.3490956976225555,0.516452411841019,0.5141799560268292,0.26916044360084834,0.5248653785239151,0.2649649201373339,0.07486005758694686,0.5066495066495067,0.32992762877820353,0.13250209572756516,0.4875222816399287,0.443957915222283,0.07168042191430357
task1198_atomic_commonsense_classification,0.37888198757763975,0.819672131147541,0.45536647385704637,0.4188034188034188,0.5194259292619948,0.20881051995902616,0.3710691823899371,0.819672131147541,0.4224594068507317,0.4121863799283154,0.7484272696831742,0.3965314144955341,0.4206773618538324,0.4693848956144038,0.15179214996050794,0.37888198757763975,0.819672131147541,0.10187089097898272
task1199_atomic_commonsense_classification,0.5287698412698413,0.4501949663239986,0.2702768138709999,0.5250930560903607,0.4901447758590616,0.291586950569551,0.513093828135281,0.525030525030525,0.30412138109814274,0.5555555555555556,0.30084669428931726,0.14517752653142263,0.5555555555555556,0.30084669428931726,0.1430037633561263,0.5287698412698413,0.4501949663239986,0.1695227603775946
task1200_atomic_commonsense_classification,0.4224104736234116,0.7288305329920995,0.3920224354839402,0.4233836339099497,0.6847416918777857,0.3271362004008558,0.4224104736234116,0.7288305329920995,0.3945520224769598,0.4498975299320462,0.41923746242683113,0.19862199895200797,0.4357782940590773,0.5025021024321601,0.20559445076649577,0.4224104736234116,0.7288305329920995,0.1887432298823466
task1201_atomic_commonsense_classification,0.45282706018902336,0.6787635769591661,0.3827349814271186,0.6183708382681932,0.39590778501856916,0.22614026013385014,0.4579945799457995,0.6797562987203022,0.4006283572600664,0.69662098545873,0.05000605168778388,0.00735338878064673,0.6493688639551192,0.22937261743231893,0.1583717343667186,0.45282706018902336,0.6787635769591661,0.13439687533848338
task1202_atomic_commonsense_classification,0.6745595331612613,0.2572391050802503,0.1329467209775277,0.6791680495630048,0.22763736686618247,0.10806116738870508,0.6884735202492211,0.12458041681135049,0.15518544884374985,0.6847414880201765,0.09908124662223017,0.0072920920158761615,0.6816638370118846,0.12910586681078481,0.0504533518060547,0.6745595331612613,0.2572391050802503,0.06131096266992975
task1203_atomic_commonsense_classification,0.517781796262809,0.5937401698647373,0.3413823813320568,0.6579785352046232,0.2554542943938139,0.14835006046089672,0.517781796262809,0.5937401698647373,0.35053202596176924,0.6483516483516483,0.13500052427388065,0.08018152796936834,0.6114618746964546,0.33160322952710497,0.18004775875129586,0.517781796262809,0.5937401698647373,0.19108472867004145
task1204_atomic_commonsense_classification,0.6788438378161381,0.3239126672106421,0.20675776233165258,0.7688674505074866,0.13565669303374223,0.12774589194391564,0.7785829307568438,0.12340888759552064,0.10532528350323916,0.6897207486738064,0.2768792148692363,0.18357230465325722,0.72997299729973,0.21679420960804302,0.14766785780339162,0.6788438378161381,0.3239126672106421,0.17099458227613196
task1205_atomic_commonsense_classification,0.3551587301587301,0.9801953699986619,0.42285036925813546,0.3551587301587301,0.9801953699986619,0.4299348822837227,0.4285714285714286,0.8322267856591421,0.3282116162853333,0.45725915875169604,0.716425284871692,0.2450586128835892,0.5626666666666666,0.4854765290639522,0.13991814845349312,0.3551587301587301,0.9801953699986619,0.0815458094945973
task1206_atomic_commonsense_classification,0.3006993006993007,1.1627906976744187,0.43385768280250464,0.34548854604955587,1.0237009013018805,0.3493677501006751,0.4206773618538324,0.8227934176526588,0.28603445617972256,0.50995099509951,0.12279901760785919,0.06331164268052003,0.44191814799503926,0.5419260993738136,0.15977096760312118,0.3006993006993007,1.1627906976744187,0.10699560619142573
task1207_atomic_commonsense_classification,0.9194847020933977,0.007001330252748053,0.0690698496208404,0.9294283697953423,0.016882239883642423,0.029435805264003634,0.8966515088879703,0.12077294685990336,0.03116500016300497,0.8897243107769424,0.023973656118257955,0.08238741860718796,0.8996386993175431,0.01341921631776704,0.06803526781374264,0.9194847020933977,0.007001330252748053,0.03906987228355094
task1208_atomic_commonsense_classification,0.3994977617643848,0.9084115641492689,0.3222025348666928,0.548440065681445,0.5314357773374166,0.2422166123180961,0.48263118994826315,0.7051075999967031,0.29760416779206217,0.6068152031454783,0.38623474527801327,0.15470910779002178,0.5849782366636299,0.42711294447887954,0.17326968627868536,0.3994977617643848,0.9084115641492689,0.19262539837845694
task1209_atomic_commonsense_classification,0.5071523019593701,0.6372092073838701,0.37757599419060717,0.6178622120318812,0.38754902263533336,0.30300844686007755,0.4724573671942093,0.6968947861423934,0.39688278259314114,0.8095238095238095,0.0017346397648820295,0.11707727507963192,0.7237851662404092,0.146005070307903,0.13856377054353314,0.5071523019593701,0.6372092073838701,0.2140370647004552
task1210_atomic_commonsense_classification,0.719551282051282,0.24344311239722569,0.16985399766916817,0.7996794871794872,0.13435303844563873,0.10064295146383712,0.6328029375764994,0.4121021083092187,0.24159579678297205,0.7699769976997699,0.17260540203905234,0.13242033179792623,0.76,0.18602728400165364,0.11618240351233561,0.719551282051282,0.24344311239722569,0.15735214231610234
task1211_atomic_commonsense_classification,0.6615351020853806,0.3424817381969241,0.21691455516969885,0.7863899908452854,0.08510161234432012,0.14081211005770428,0.6212121212121212,0.40745620455765386,0.24578534309274558,0.8095238095238095,0.14264129937774597,0.10707894062637735,0.7756017951856384,0.10012799867872334,0.14122233442625515,0.6615351020853806,0.3424817381969241,0.14589877462387862
task1212_atomic_commonsense_classification,0.6179966044142615,0.43657165796868724,0.2605610312704292,0.6846709388668497,0.24930328894163922,0.20568750496907431,0.4554512802687985,0.7608522757398333,0.3208589908933248,0.6458333333333333,0.3643419339926766,0.2446953390050677,0.6846709388668497,0.24930328894163922,0.1904034761211015,0.6179966044142615,0.43657165796868724,0.1606079530782801
task1213_atomic_commonsense_classification,0.45765540258656656,0.7434235608082349,0.416224961605016,0.52,0.6540697674418605,0.3380953375057969,0.49993242330044596,0.6829088224437061,0.38317019380305073,0.52,0.6540697674418605,0.3281875365903852,0.6442154336891179,0.4749426793318048,0.28969156391612794,0.45765540258656656,0.7434235608082349,0.15736528243015113
task1214_atomic_commonsense_classification,0.46953405017921146,0.686229374753965,0.3784515625990132,0.49993242330044596,0.6195079965571769,0.33847302286134007,0.46357989836250707,0.6840770722314878,0.3531529258288476,0.5706048337627285,0.4639958612215863,0.24861700921895707,0.5628946090335114,0.4584384195039932,0.244093919447171,0.46953405017921146,0.686229374753965,0.14929478880942965
task1215_atomic_commonsense_classification,0.39117199391172,0.8846153846153845,0.4761042628419867,0.44147644487615345,0.7777777777777777,0.4543967231182651,0.39117199391172,0.8846153846153845,0.47758688148363027,0.4590695997115038,0.7454545454545454,0.4357933474829213,0.5477159656264134,0.5666666666666667,0.36158936148450227,0.39117199391172,0.8846153846153845,0.21969381919748796
task1216_atomic_commonsense_classification,0.5091164095371669,0.6754425908294353,0.34285566999028777,0.4479205005520795,0.802139037433155,0.3793070473455196,0.4106583072100314,0.8694043655197927,0.395323129220575,0.7013695808876532,0.25954043589266695,0.20806562107567508,0.7057587221521648,0.32568582988751055,0.251136888305351,0.5091164095371669,0.6754425908294353,0.17863764947740535
task1283_human_ratings_of_natural_language_generation_outputs_text_quality_evaluation,0.516452411841019,0.6412734585359569,0.323524114772085,0.6457131288591963,0.14929048542493925,0.1614803324698723,0.33774834437086093,0.9803921568627451,0.4683685733810454,0.60996099609961,0.03640800582528095,0.06982340840777213,0.6643271284711627,0.17409949054248566,0.1365860879155849,0.516452411841019,0.6412734585359569,0.11973500186634256
task1284_human_ratings_of_natural_language_generation_outputs_text_quality_evaluation,0.5460679671205987,0.6247889226612631,0.30629889397966914,0.64349376114082,0.4120716933903228,0.24882749717036695,0.3695175438596491,0.9062253743104807,0.4429641449466775,0.6353496353496353,0.33514591924868925,0.20778963153215857,0.6458333333333333,0.2439083731737285,0.1875517926341282,0.5460679671205987,0.6247889226612631,0.15124216767577336
task1289_trec_question_understanding,0.619923980340647,0.34334599913777897,0.10604213370691663,0.7213148885982609,0.23263612970593325,0.23799805109068584,0.6935741560662496,0.30862010364541015,0.19583440216917297,0.7062168858395274,0.17648976420051984,0.20580759819576813,0.6295494628827961,0.3191697709031196,0.03220238037542095,0.619923980340647,0.34334599913777897,0.06685495283370929
task1308_multilingual_amazon_reviews_text_categorization,0.7293233082706767,0.04851255570721436,0.18301571000920375,0.7373737373737375,0.11518120761818242,0.2498313301879317,0.7497747973175859,0.060024009603841515,0.12896811090052662,0.7293233082706767,0.04851255570721436,0.1931948687331666,0.7293233082706767,0.04851255570721436,0.16209805465712615,0.7293233082706767,0.04851255570721436,0.10963560668927291
task1309_multilingual_amazon_reviews_summarization,0.8881090428237208,0.06649297074309285,0.037409614125241464,0.8874680306905371,0.08910962745843054,0.031720113396220856,0.8661311914323963,0.1161456308882595,0.016696468674157416,0.898538961038961,0.05367686527106816,0.04416544213961948,0.898538961038961,0.05367686527106816,0.0357199083341746,0.8881090428237208,0.06649297074309285,0.01481161727829472
task1310_multilingual_amazon_reviews_sentiment_analysis,0.6421814876533858,0.14067394235018493,0.10170970953337158,0.6205790801693639,0.18952556944319077,0.11955252521768095,0.6252136269527574,0.20297584691060494,0.07877509487044396,0.5787707641196013,0.32082954811296616,0.13334915192546742,0.6324280911160982,0.16076466642097376,0.06831431138575902,0.6421814876533858,0.14067394235018493,0.08029315881475227
task1311_multilingual_amazon_reviews_sentiment_analysis,0.9122257053291536,0.03027773686191718,0.042786948372404154,0.9122257053291536,0.03027773686191718,0.06225574250808755,0.9007936507936507,0.023161935014228044,0.09463320483287291,0.9122257053291536,0.03027773686191718,0.0779460648322858,0.9007936507936507,0.023161935014228044,0.06911267561558851,0.9122257053291536,0.03027773686191718,0.04344048412963741
task1312_multilingual_amazon_reviews_sentiment_analysis,0.9799679487179487,0.020824656393169536,0.0001705128103947906,0.9699248120300752,0.031559015358720785,0.0018761636274394478,1.0,0.0,1.6318219124594746e-05,0.9799679487179487,0.020824656393169536,0.00017050337886884148,0.9799679487179487,0.020824656393169536,0.00013094524192500123,0.9799679487179487,0.020824656393169536,0.0
task1313_multilingual_amazon_reviews_sentiment_analysis,1.0,0.0,0.004974643454123906,1.0,0.0,0.0008544212244928906,1.0,0.0,0.002193660884988652,1.0,0.0,0.004969538253098954,1.0,0.0,0.006058595943307682,1.0,0.0,1.6627029197913146e-09
task1328_question_&_answer_zre_question_understanding,0.7819811207311207,0.4282784949521807,0.3555184801609955,0.8374805477746654,0.31524780936122315,0.2772497133186865,0.9110294797794798,0.17503072902451347,0.25282313013548036,0.6992228044859624,0.4898011468486682,0.3200462605258558,0.925362369112369,0.16046137386891066,0.1458059570561807,0.7819811207311207,0.4282784949521807,0.3569087021655777
task1336_equity_evaluation_corpus_gender_classification,1.0,0.0,0.00018592320090538017,1.0,0.0,0.0004534726187179483,1.0,0.0,0.0004294331185891176,1.0,0.0,0.00018595198751603093,1.0,0.0,9.927063987474893e-05,1.0,0.0,0.0
task1338_equity_evaluation_corpus_sentiment_analysis,0.8853146853146854,0.1441144965981992,0.10417733010879839,0.9301548205489092,0.08489211425939895,0.026636348969560422,0.8941251816991206,0.11515002372008615,0.07234778192245804,0.8937843416577027,0.14115787012421455,0.09462703414956333,0.9038567194390226,0.12241212807046568,0.0852647888354482,0.8853146853146854,0.1441144965981992,0.14911741170873605
task133_winowhy_coreference_resolution,0.8056265984654731,0.10586270650682887,0.11811439073915106,0.7270444371656295,0.30864197530864196,0.2312114363877324,0.35064935064935066,0.9259259259259258,0.49220709333193435,0.8279178054458953,0.05286847874590145,0.10416600075372348,0.818840579710145,0.017674089784376117,0.09193363242484692,0.8056265984654731,0.10586270650682887,0.048922863587051835
task1344_rte_textual_entailment,0.8067338012409724,0.20081513137068688,0.17742349378842198,0.8067338012409724,0.20081513137068688,0.17232466595764492,0.7149192271143491,0.3556375131717598,0.3091059380572925,0.8173701298701299,0.18664008755472167,0.16586013501263341,0.8173701298701299,0.18664008755472167,0.16480050265075602,0.8067338012409724,0.20081513137068688,0.1612978351060947
task1346_cola_grammar_error_detection,0.7033248081841432,0.2516702780787288,0.2541366632001274,0.7996794871794872,0.010016025641025675,0.1905877341676036,0.5320855614973261,0.5926724137931035,0.40924814258503206,0.7159090909090908,0.2069978632478633,0.24759734589535293,0.7266929851199515,0.19099051633298209,0.24116141036337851,0.7033248081841432,0.2516702780787288,0.1547959875347579
task1347_sts_b_text_matching,0.4354005495309843,0.6604481645400718,0.19025761859326729,0.4706893823022855,0.393090989553694,0.13565234377088536,0.4080309469325487,0.5243724343142897,0.2988275789718254,0.48410484151863464,0.386670969515454,0.0627577978438584,0.4803088625669271,0.45579566557451845,0.09487234527844016,0.4354005495309843,0.6604481645400718,0.1273002681608225
task1354_sentence_compression_text_matching,1.0,0.0,0.0017514155283059885,1.0,0.0,0.00023247952916066739,0.6834011759384894,0.41371158392434987,0.19434396175251945,1.0,0.0,0.0017515863265394616,1.0,0.0,0.0022049085115687928,1.0,0.0,5.861977570020827e-14
task1361_movie_rationales_sentiment_analysis,0.94,0.04006410256410254,0.012868385737614896,0.9299929992999301,0.05083402260821615,0.05728343924082868,0.7947454844006567,0.24038461538461536,0.15802066311299318,0.94,0.04006410256410254,0.007487404581807522,0.94,0.04006410256410254,0.01418099154704447,0.94,0.04006410256410254,0.018466443301529384
task1384_deal_or_no_dialog_dialogue_state_tracking,0.8369905956112853,0.0957854406130268,0.08098661240499255,0.84779299847793,0.10258838383838385,0.10261288483839728,0.8331408034912078,0.1242930122240467,0.13482496861679058,0.84779299847793,0.10258838383838385,0.08130211091336217,0.8300145701796988,0.05998523440383904,0.0668401997030803,0.8369905956112853,0.0957854406130268,0.0356806253974038
task1391_winogrande_coreference_resolution,0.9397832195905259,0.056990881458966546,0.007354918930175619,0.9397832195905259,0.056990881458966546,0.01648029761758754,0.9397832195905259,0.056990881458966546,0.012857538203507463,0.9397832195905259,0.056990881458966546,0.015994058411218065,0.9397832195905259,0.056990881458966546,0.00025243609460604,0.9397832195905259,0.056990881458966546,0.00023668910800589416
task1393_copa_cause_effect_classification,0.8897243107769424,0.03619425298209171,0.016844558437400264,0.8998397435897436,0.0644702325374594,0.0611268919347798,0.8999599839935974,0.0022231114668089555,0.031250186171161154,0.8998397435897436,0.024454226134898387,0.02452075394254019,0.8998397435897436,0.024454226134898387,0.019467406779448748,0.8897243107769424,0.03619425298209171,0.01736909455831845
task1408_dart_text_matching,0.8443821973233738,0.16412024464542943,0.07849524186342041,0.7973333333333333,0.2495403204623063,0.18147890240974915,0.3695175438596491,0.9062253743104807,0.39951111526239225,0.8443821973233738,0.16412024464542943,0.07300152419989414,0.8661311914323963,0.13589150828038413,0.06325390999724928,0.8443821973233738,0.16412024464542943,0.07851903490812681
task1418_bless_word_relation_classification,0.50991204836235,0.5548974614205063,0.40067616823660673,0.8357348237721144,0.11301585127853479,0.16395329239339226,0.6208482802518812,0.41555431322175623,0.2848386337988814,0.7233468484177901,0.2928042754548513,0.24908047672735115,0.805630757874051,0.131565932532726,0.19756349449149754,0.50991204836235,0.5548974614205063,0.3215284696487471
task1429_evalution_word_relation_classification,0.4932673695831823,0.5599980577651859,0.328417231860509,0.5633147433147433,0.510324745076467,0.1872327862108429,0.5449317235549119,0.47046105908671954,0.17678650062739443,0.4118591285257952,0.6710510367543611,0.380156835464671,0.5868550552761079,0.3190984571895587,0.14542569574055994,0.4932673695831823,0.5599980577651859,0.24035127008125706
task1431_head_qa_question_answering,0.8046938775510203,0.07831296259363987,0.04248195294412549,0.7572283813747228,0.10421811607635505,0.05944394160790657,0.7936621748935553,0.09351036867421054,0.04575687600962147,0.7455597515171982,0.10087789327750123,0.08409911412872083,0.7915764665067802,0.07796641970028974,0.03353528559442144,0.8046938775510203,0.07831296259363987,0.02293255094732373
task1434_head_qa_text_categorization,0.32873873873873877,0.730273978035004,0.5505507334438429,0.5485076545421373,0.34572664171913503,0.18028055494869843,0.5325007036307347,0.4554591134191168,0.19225438720337154,0.5255081050984662,0.275189676007006,0.3775115257596746,0.6216480906403387,0.22635666983042374,0.24462739108443382,0.32873873873873877,0.730273978035004,0.22022179107980328
task1439_doqa_answerability_classification,0.7189883580891208,0.12353098290598294,0.17231099397308786,0.7584541062801933,0.0653677462887989,0.03137620071780198,0.5320855614973261,0.5926724137931035,0.4179005420527273,0.74997499749975,0.026709401709401764,0.06772479806223258,0.7497747973175859,0.08012820512820513,0.09697608845585937,0.7189883580891208,0.12353098290598294,0.06498144402789013
task1442_doqa_answerability_classification,0.5686274509803921,0.5045678958722437,0.2616929235397669,0.6794871794871795,0.25119807728503374,0.06322827779214776,0.46478270177692144,0.6117071334462639,0.358558412047246,0.6702181633688482,0.11521968043707174,0.048358774578052155,0.6801557502433597,0.20936150241627371,0.06650701395661418,0.5686274509803921,0.5045678958722437,0.21624980636052296
task1488_news_headlines_dataset_for_sarcasm_detection_text_categorization,0.7331691297208538,0.2566268191268191,0.09530634976770777,0.4791666666666667,0.7197723253757736,0.42417614065464604,0.7575757575757576,0.17185391363022948,0.01113916116916247,0.7796474358974359,0.09142833662064427,0.0678065569498022,0.7591328783621036,0.11913798920377862,0.04426238679405636,0.7331691297208538,0.2566268191268191,0.08943373907224883
task1495_ade_corpus_v2_text_categorization,0.849624060150376,0.03883906503777979,0.06837457566731084,0.8139727159983464,0.19959203193472513,0.18343355616527487,0.8594941790445605,0.04978735680318639,0.0851910279605137,0.849624060150376,0.03883906503777979,0.05871041679906219,0.849624060150376,0.03883906503777979,0.04067412777062063,0.849624060150376,0.03883906503777979,0.02983367220118671
task1500_dstc3_dialogue_state_tracking,0.8406820345710799,0.09265393798009507,0.09887007108133025,0.8425195494161012,0.22141377827715245,0.08056675249424193,0.8395787545787546,0.18345252009877083,0.059283825424481004,0.8592290155100484,0.06625766417613663,0.05939505791546322,0.8487563247741996,0.06081137196549549,0.06339294432003567,0.8406820345710799,0.09265393798009507,0.05472845107483365
task1501_dstc3_dialogue_state_tracking,0.8143902172726281,0.054283066331259115,0.1598429664451226,0.7821350762527233,0.06537766031436915,0.1000958655708879,0.8046875,0.0455641919056553,0.15488238616774858,0.7477931904161412,0.011567379988432653,0.1123153302243749,0.7854997854997855,0.027472527472527444,0.10710775343844742,0.8143902172726281,0.054283066331259115,0.11032945483733139
task1502_hatexplain_toxic_language_detection,0.30351176156107995,0.9942222993794498,0.4644317641996436,0.4754901960784314,0.6762160413333405,0.39968368567420265,0.6293664209075106,0.34876265725114947,0.15676828999714387,0.5831867013570351,0.39701675001621234,0.23362073292557312,0.6270639534883721,0.35863970097712805,0.19377117252117212,0.30351176156107995,0.9942222993794498,0.12514048961345292
task1503_hatexplain_toxic_language_detection,0.47030205346768816,0.6836968329613939,0.4271029973966203,0.6136599503978162,0.4758775772183731,0.17659207696176882,0.6412251979186964,0.37620816774430804,0.12875474306909965,0.5658525532438576,0.34465677724621413,0.31543310810200265,0.6471505842698401,0.37512044299093034,0.18511429867337603,0.47030205346768816,0.6836968329613939,0.3808801032071664
task1505_root09_word_relation_classification,0.8184850863422292,0.14121802501978264,0.1418092051794507,0.5900275680210955,0.47320555559454613,0.33627440040429446,0.7840068435383986,0.19339072313122313,0.09219620857488942,0.8208784679372915,0.13885657811433819,0.12045617671746853,0.8548500881834215,0.06005456735107161,0.07067230241587569,0.8184850863422292,0.14121802501978264,0.13821733080283316
task1516_imppres_textual_entailment,0.8370841487279844,0.12697244453035936,0.12906988342164255,0.848497008609368,0.2191309955044682,0.15004754828701317,0.7304640608988434,0.4046129904398121,0.2259286585150304,0.8890253665454378,0.08114365178184453,0.06730885625326935,0.8281644281644281,0.1271622179869889,0.12291143930031176,0.8370841487279844,0.12697244453035936,0.1295222713451566
task1517_limit_information_extraction,0.7142857142857143,0.2707113478227309,0.20214299167529604,0.7060153776571687,0.3258460418803136,0.24447951015354574,0.6640018537828757,0.3887461858051614,0.27877186498400897,0.7052079921388797,0.26240338022501297,0.18597304971015383,0.7087692805522597,0.23445839830541632,0.1724612049873955,0.7142857142857143,0.2707113478227309,0.1051975917930425
task1529_scitailv1.1_textual_entailment,0.6961805555555556,0.38888888888888884,0.2716258854849898,0.8028841166096068,0.2345679012345679,0.18555881605551058,0.5863970588235294,0.5625,0.32595974815974604,0.7916666666666667,0.25,0.22982270014647993,0.7916666666666667,0.25,0.23451104114571933,0.6961805555555556,0.38888888888888884,0.19547140780426298
task1531_dailydialog_dialogue_act_recognition,0.1777137787995402,1.6315251307507808,0.5248690617353418,0.5275869069062552,0.39461688447374377,0.23295410303582395,0.6245162680456797,0.04401704714927347,0.09266176278779878,0.46176919974560626,0.42484750668113896,0.16990032883983439,0.49757238700564965,0.3372614842880602,0.21556138014817677,0.1777137787995402,1.6315251307507808,0.17243419528640105
task1533_dailydialog_dialogue_act_recognition,0.6129032258064516,0.38867145031528594,0.1369061740290467,0.3850186510736969,0.8318070818070816,0.40521396917034075,0.2125984251968504,1.7857142857142856,0.48552485545147595,0.5021573182874212,0.15331890331890333,0.0884148863103878,0.5558672276764843,0.21441372247823862,0.04223555810574048,0.6129032258064516,0.38867145031528594,0.06988860042552203
task1534_dailydialog_dialogue_act_recognition,0.64,0.02000800320128048,0.11578288995819075,0.6269785260610949,0.16292231178185562,0.009384250178753578,0.5174503422735944,0.599187043238348,0.2752217170508742,0.6175523349436394,0.14909189482244511,0.02754967991747037,0.6096486838154338,0.06920801107328174,0.041466402974507266,0.64,0.02000800320128048,0.058715661843047884
task1535_dailydialog_sentiment_analysis,0.5008680555555556,0.5387340121233679,0.12195474681564722,0.5998399359743898,0.05335467520341475,0.026312435372658483,0.5757575757575757,0.15247478301665493,0.10623455657313591,0.5008680555555556,0.5387340121233679,0.1192320563079228,0.6090225563909775,0.10200801632128255,0.06920478201069857,0.5008680555555556,0.5387340121233679,0.10082707018459075
task1536_dailydialog_sentiment_analysis,0.5287698412698413,0.19541503820801498,0.1049791511721807,0.441340782122905,0.6329113924050632,0.4653315584440332,0.441340782122905,0.6329113924050632,0.4772521478153508,0.5008680555555556,0.09264840488469182,0.02638525484162385,0.508679986898133,0.07945640857033268,0.015888379894977434,0.5287698412698413,0.19541503820801498,0.0530918981145323
task1541_ag_news_text_categorization,0.8456312178541716,0.17422940320312455,0.04072150433511615,0.8557521878808021,0.17875594927299665,0.08721490087571929,0.8446474400696484,0.179295633701438,0.05893499757723908,0.8397043010752688,0.1359879353130871,0.09410592569324461,0.8602518593644355,0.12391656972949155,0.04491167184803484,0.8456312178541716,0.17422940320312455,0.05195294483866829
task1548_wiqa_sentence_ordering,0.6598639455782312,0.3501774872195496,0.1506607527107242,0.8263888888888888,0.007538067239559809,0.06625335187501544,0.2647058823529412,1.4486391571553994,0.487901133575931,0.8186666666666667,0.043866102129004485,0.01614749264492704,0.7181964573268921,0.2588069752248857,0.11205514762017835,0.6598639455782312,0.3501774872195496,0.12465484684396616
task1554_scitail_textual_entailment,0.7960016319869441,0.21534455128205127,0.2129141413497715,0.8799519807923168,0.06282779720279723,0.07259116531645618,0.5555555555555556,0.6147540983606558,0.36148056350436475,0.8389694041867954,0.135454822954823,0.14441421549926028,0.8181818181818181,0.16221075672295188,0.16821898261003332,0.7960016319869441,0.21534455128205127,0.18797168413803925
task1559_blimp_linguistic_probing,0.5953937130407718,0.27191046658259777,0.06719372292846026,0.415614773258532,0.8012820512820512,0.23975294910846323,0.36477902419245845,0.9237421383647799,0.4835793354700614,0.6471418489767113,0.17874753451676534,0.07082203697687273,0.6386993175431553,0.053836137820512886,0.008807096521013968,0.5953937130407718,0.27191046658259777,0.02969750938542698
task1560_blimp_linguistic_probing,0.9499549594635172,0.031578947368421026,0.001753133552004571,0.959983993597439,0.020833333333333353,0.055835763296085084,0.6703296703296704,0.4285714285714286,0.32583779677691194,0.9499549594635172,0.031578947368421026,0.0030495292649905803,0.9499549594635172,0.031578947368421026,0.001502352117575656,0.9499549594635172,0.031578947368421026,0.006353445018266041
task156_codah_text_completion,0.9599518651298337,0.04088109300905157,0.042312752651271546,0.9601439593840809,0.04088109300905157,0.06263078419252077,0.9601439593840809,0.04088109300905157,0.03991054290756667,0.9599518651298337,0.04088109300905157,0.0444517168093429,0.9601439593840809,0.04088109300905157,0.03987716593054806,0.9599518651298337,0.04088109300905157,0.04191255427288394
task1583_bless_word_relation_classification,0.8043455874781176,0.1899525242195644,0.0935433796843014,0.8389694041867954,0.0752682025191029,0.0015511689625847536,0.7933030177759405,0.20508203281312523,0.10214590283689784,0.8043455874781176,0.1899525242195644,0.09350879197394346,0.8056265984654731,0.16525128569946498,0.0878648944339101,0.8043455874781176,0.1899525242195644,0.07600370022372616
task1584_evalution_word_relation_classification,0.8966515088879703,0.06119951040391671,0.04614255755422919,0.9188311688311688,0.009756443687580954,0.0017150252224635287,0.8738965952080706,0.11219910240718073,0.10512729154671885,0.8966515088879703,0.06119951040391671,0.046223736769789275,0.8867263927504891,0.05203104442580187,0.04146973896286493,0.8966515088879703,0.06119951040391671,0.06559160921699547
task1587_scifact_text_matching,1.0,0.0,0.045448128142694055,1.0,0.0,0.04542745852916988,0.9798711755233495,0.018552875695732846,0.036795168285994134,1.0,0.0,0.04544812818976643,1.0,0.0,0.04544020170959884,1.0,0.0,0.031716680151071514
task1589_scifact_text_quality_evaluation,0.3197278911564626,1.0638297872340425,0.49965123322562877,0.34043632673769664,1.0220125786163523,0.4992199541077673,0.3197278911564626,1.0638297872340425,0.4999988144065539,0.43899018232819076,0.7936262853966588,0.3552342580824519,0.39884676726781987,0.9064002959674435,0.2510240864292892,0.3197278911564626,1.0638297872340425,0.22739263903415208
task1592_yahoo_answers_topics_text_categorization,0.6132134162134163,0.5199233222505187,0.24622064216256018,0.6395774976657329,0.47554456376784426,0.3212132652290454,0.6060931124318548,0.5234669477586256,0.24464561945867216,0.6507021642501518,0.43197915759696665,0.20935913359100844,0.6390791489212542,0.43314399313656116,0.1598547254412969,0.6132134162134163,0.5199233222505187,0.18318763860649717
task1593_yahoo_answers_topics_text_categorization,0.5021467785814938,0.43998170901738703,0.19203165273257222,0.46579584167819454,0.5169523432117837,0.2992035175020987,0.5490731008122312,0.39980162806286035,0.2230881921537618,0.49730307653190947,0.4258175183637947,0.24697109960560637,0.537530773320247,0.35339378745917116,0.11452045216660688,0.5021467785814938,0.43998170901738703,0.13462477706362255
task1599_smcalflow_speaker_identification,0.8470310109859547,0.150085262444813,0.09819517269076783,0.8470310109859547,0.150085262444813,0.09026209386216602,0.8552441110672457,0.0916863276413838,0.008583153733085436,0.8470310109859547,0.150085262444813,0.05070361332756387,0.8400000000000001,0.11458136458136461,0.06111970517732332,0.8470310109859547,0.150085262444813,0.09592278837143112
task1604_ethos_toxic_language_detection,0.7874278773155178,0.11928822161776101,0.18124624463002673,0.7889659330720531,0.10865105535885235,0.01185308462892179,0.7882851093860268,0.09396163528702621,0.16490653598349306,0.7882851093860268,0.09396163528702621,0.16260304879261023,0.7777777777777778,0.1082484275761587,0.16237753836757074,0.7874278773155178,0.11928822161776101,0.17447528841711765
task1612_sick_textual_entailment,0.855648470770422,0.16707972044621927,0.14035392573424302,0.7971745078069058,0.30139741179673374,0.22976940730214057,0.7505016722408028,0.3886649064214932,0.2629932717195642,0.855648470770422,0.16707972044621927,0.0948894306899977,0.8725551814440703,0.11989709024716816,0.10504881429610213,0.855648470770422,0.16707972044621927,0.13121167863255917
task1615_sick_textual_entailment,0.8035343035343036,0.24852990318889095,0.18263504229947847,0.6920011320366367,0.46268684131573506,0.25232026610851854,0.6316183292927479,0.5422342467188699,0.2677634652089226,0.8186801398069004,0.20609236252156304,0.14593737414097363,0.8210704984160362,0.18618409331249527,0.07043319961333014,0.8035343035343036,0.24852990318889095,0.1773663143420972
task1623_disfl_qa_text_quality_evaluation,0.8613333333333333,0.13070230073797257,0.16159475345212773,0.9491404740107823,0.02376631233255553,0.0817373161523115,0.29577464788732394,1.1904761904761905,0.47967499133703856,0.9379909053327822,0.032316668413513626,0.068122769712613,0.9379909053327822,0.032316668413513626,0.11270693162950249,0.8613333333333333,0.13070230073797257,0.16529659459553575
task1624_disfl_qa_answerability_classification,0.30952380952380953,1.1416060677144422,0.38189179124935574,0.30952380952380953,1.1416060677144422,0.3814949782206772,0.29577464788732394,1.1904761904761905,0.443325676257629,0.4276736617663562,0.855366777252773,0.26327263879376167,0.5413333333333333,0.6143231642324202,0.2902771003839606,0.30952380952380953,1.1416060677144422,0.1109674529746924
task1630_open_pi_text_categorization,0.5715733778891673,0.5607765338184048,0.31457192369786546,0.6926004528850763,0.34849852599950343,0.07752503124682751,0.658626471567648,0.33967391599164554,0.12438508907395392,0.7006842619745846,0.28894392223406035,0.13745941771612682,0.684248271482314,0.2784304209788555,0.09195562748834744,0.5715733778891673,0.5607765338184048,0.32122943297573625
task1640_adversarial_qa_answerability_classification,0.7304582210242587,0.359219979473144,0.18851351725526524,0.7141372141372141,0.38115038115038113,0.23529019656768732,0.6245306633291614,0.49981488337652724,0.328127373395534,0.7571636716852841,0.28421278421278423,0.16117302805865275,0.7759169713409599,0.23753912642801528,0.1543721748786627,0.7304582210242587,0.359219979473144,0.08381102232826687
task1645_medical_question_pair_dataset_text_matching,0.9092650468797259,0.019022845109801654,0.10574942587840777,0.7863899908452854,0.24613220815752457,0.25551666400430884,0.4456893501592169,0.8211041229909154,0.4494514400234635,0.9099189270343309,0.04733591690113432,0.010472058329810657,0.9197109594540345,0.014877826787089552,0.03737949183827652,0.9092650468797259,0.019022845109801654,0.10397335389763246
task1661_boolq_question_answering,0.8799519807923168,0.057641633728590255,0.06944828036521539,0.86,0.08051529790660229,0.11294821469750543,0.8197115384615384,0.12960999175209148,0.1995697440776738,0.8799519807923168,0.057641633728590255,0.06916410697146291,0.8799519807923168,0.057641633728590255,0.03896277924294858,0.8799519807923168,0.057641633728590255,0.07335613964053633
task1712_poki_text_categorization,0.5244669427826354,0.5823976297694663,0.3782315418315638,0.5944849959448499,0.2591935427756323,0.16866176973123587,0.5689655172413793,0.07252140551162678,0.027503263505796988,0.5295766189570613,0.32043897152317313,0.09279376530881356,0.6361746361746362,0.3693652947384291,0.25955938786586047,0.5244669427826354,0.5823976297694663,0.17422515636913297
task1720_civil_comments_toxic_language_detection,0.719551282051282,0.09570868945868943,0.042059518961651166,0.6601791782514674,0.21407386146192114,0.16835027411995807,0.6692848284415047,0.3051941930618401,0.22141805964454483,0.72,0.040064102564102574,0.009261237035969233,0.719551282051282,0.09570868945868943,0.027928314413388833,0.719551282051282,0.09570868945868943,0.01997268542207134
task1721_civil_comments_toxic_language_detection,0.7028862478777589,0.29380341880341887,0.2133846911888812,0.5327635327635327,0.6342351151673186,0.3724976007114523,0.6744791666666667,0.3605769230769231,0.2743959921656425,0.7882851093860268,0.07404251866277184,0.009511005772785186,0.7291666666666667,0.23063929313929316,0.1055467745237404,0.7028862478777589,0.29380341880341887,0.11238777702563196
task1722_civil_comments_toxic_language_detection,0.570999570999571,0.4535147392290249,0.2142790368329989,0.66,0.020008003201280464,0.10679513627479403,0.6279454319966928,0.3013705482192877,0.10135047695387595,0.6395839769333744,0.28165112198725645,0.05729779768450752,0.625,0.33263305322128844,0.1358376586461803,0.570999570999571,0.4535147392290249,0.08551780121943997
task1723_civil_comments_toxic_language_detection,0.6072270227808326,0.4878874626773787,0.24414329433410425,0.6290726817042607,0.059388834899038956,0.04158877032868835,0.5989304812834224,0.48019207683073223,0.2297930973074194,0.612789025334661,0.4571059192907932,0.19514880576784707,0.6266666666666667,0.364761289131037,0.180834065603245,0.6072270227808326,0.4878874626773787,0.07109234836674702
task1724_civil_comments_toxic_language_detection,0.7099709970997099,0.11523687580025613,0.09070088527196751,0.6576408341114224,0.18543645409317053,0.032184771247346644,0.6624040920716112,0.32715211819689427,0.18446414769956193,0.6587715776796468,0.19283746556473835,0.11967524354577819,0.7099709970997099,0.08678332621994596,0.08253748656321869,0.7099709970997099,0.11523687580025613,0.02481085207642786
task1725_civil_comments_toxic_language_detection,0.8181818181818181,0.16221075672295188,0.2560010615034076,0.82,0.04006410256410256,0.12362551375763006,0.8067338012409724,0.20081513137068688,0.28938073077710724,0.818840579710145,0.13778142589118197,0.20904360813856152,0.8286117552172598,0.148671609514983,0.21846961413455637,0.8181818181818181,0.16221075672295188,0.07045873986530726
task190_snli_textual_entailment,0.6296711929076422,0.1922207146087743,0.05206590344337428,0.5200451722190853,0.5550153945875871,0.24431110985721413,0.6212121212121212,0.18365472910927455,0.043779340570341385,0.5793269230769231,0.279672997725736,0.20053165018685068,0.6093337556752191,0.050222109045638424,0.023521872020053625,0.6296711929076422,0.1922207146087743,0.044687408521686595
task195_sentiment140_sentiment_analysis,0.7596153846153846,0.05263157894736847,0.1389884342913676,0.7497747973175859,0.040000000000000036,0.13276919240116247,0.7688674505074866,0.09090909090909091,0.15411830891920691,0.7599039615846338,0.026315789473684233,0.11703849786275414,0.7497747973175859,0.040000000000000036,0.1271101844409398,0.7596153846153846,0.05263157894736847,0.075490975858447
task196_sentiment140_sentiment_analysis,0.769792813532179,0.04130330217286743,0.09079603901481148,0.7277951406391774,0.0435664968124766,0.06247182201399698,0.7596153846153846,0.027544707178574504,0.08378962454434741,0.769792813532179,0.04130330217286743,0.09129564169673843,0.769792813532179,0.04130330217286743,0.08980400085502277,0.769792813532179,0.04130330217286743,0.05604136460538289
task197_multinli_text_categorization,0.5458145772797762,0.25014829033033,0.23509234032989626,0.48535980148883373,0.579259623183902,0.2866660191160057,0.4691551834408977,0.5755206770758141,0.12216363598350716,0.48545059865314377,0.4109728703344694,0.1735562453516302,0.5695078031212485,0.2944674107220209,0.13179043841053373,0.5458145772797762,0.25014829033033,0.19426230678270484
task198_multinli_text_categorization,0.10077865397014334,1.94133266975512,0.37983612697663494,0.22595169082125605,1.1844070754583822,0.49154733912455645,0.3242402597402597,0.6982528601508063,0.196727340960221,0.2767319240699325,0.7824211881369295,0.15199645619620605,0.28381257322612224,0.7643317659977329,0.10566469788978301,0.10077865397014334,1.94133266975512,0.09889908042439094
task199_multinli_textual_entailment,0.5780590717299579,0.45331790123456794,0.3668012307734838,0.592074592074592,0.41887125220458554,0.3304498154555257,0.5776478232618583,0.49335049335049325,0.40045463480051713,0.592074592074592,0.41887125220458554,0.3326466932548202,0.6162280701754386,0.3499779541446209,0.284628230721503,0.5780590717299579,0.45331790123456794,0.1357900117256725
task200_multinli_textual_entailment,0.9295631904327557,0.010560137114494455,0.010867122891205672,0.9295631904327557,0.010560137114494455,0.014281784234531802,0.9197860962566845,0.024908149498318426,0.007950393313599924,0.9295631904327557,0.010560137114494455,0.010606149410895632,0.9295631904327557,0.010560137114494455,0.009727797076892614,0.9295631904327557,0.010560137114494455,1.79791662333062e-05
task201_multinli_textual_entailment,0.5375224292615597,0.14959092537606528,0.11659606498998086,0.5320426487093154,0.2098774647480199,0.10641037528875172,0.4637717494860352,0.2996240789765582,0.1971979548191875,0.5646610761705101,0.17574639419873325,0.15470364914204246,0.5290988929432866,0.13819639329340921,0.08049260777400505,0.5375224292615597,0.14959092537606528,0.03957943794037819
task202_multinli_textual_entailment,0.9210028936056333,0.058998283357841935,0.04484538592476167,0.9221415839062898,0.05844064105967773,0.03341892509097669,0.9338627612260794,0.0549113582304023,0.07050722592984845,0.9317683067683067,0.0549113582304023,0.04256495506050212,0.9221415839062898,0.05844064105967773,0.04126785441899411,0.9210028936056333,0.058998283357841935,0.048441047647682006
task204_multinli_text_categorization,0.6624040920716112,0.23812457866084824,0.20178452046315343,0.6604414261460102,0.08142159243493409,0.14087556009601201,0.6532027743778049,0.2524026079149925,0.2094814958005649,0.6726850385386971,0.10522907560304356,0.15234401280400284,0.6783898744683059,0.17561641714354093,0.15951150911834952,0.6624040920716112,0.23812457866084824,0.14219665188738123
task209_starcon_stance_detection,0.6595382833984658,0.3108058189567184,0.11426961735448579,0.712719298245614,0.30525166913288837,0.07335532634035868,0.662172499521897,0.2988927672782228,0.029529514994434236,0.5774504455355519,0.2834112958432054,0.1017722696932538,0.6128633271490415,0.28903241458055323,0.06957263313513157,0.6595382833984658,0.3108058189567184,0.14060889755936767
task211_logic2text_text_to_code,0.7767857142857143,0.25641025641025644,0.22065087257612395,0.6138996138996139,0.5113636363636364,0.31432864989670406,0.33035714285714285,1.0671936758893281,0.48245655966021106,0.6637242538881883,0.427807486631016,0.2940457491826529,0.839421918908069,0.17316017316017315,0.1405380446669745,0.7767857142857143,0.25641025641025644,0.21362657891032327
task212_logic2text_text_to_code,0.5867097593805669,0.5122464169330201,0.28612998075519946,0.8100980177017043,0.348189236921895,0.13874807708120127,0.800621987718762,0.37723612799449285,0.14771839840197878,0.6910541088376981,0.410537384240129,0.20060869483744048,0.8680196523053666,0.13203639000021597,0.17693806051515026,0.5867097593805669,0.5122464169330201,0.2920996174681735
task213_rocstories_text_completion,0.9898775179674055,0.011223344556677907,0.00028514931133033494,0.9898775179674055,0.011223344556677907,0.00012034526468768236,0.9898775179674055,0.011223344556677907,0.0003645664992832365,0.9898775179674055,0.011223344556677907,0.00028514806194437914,0.9898775179674055,0.011223344556677907,0.00036896219690074616,0.9898775179674055,0.011223344556677907,0.0
task214_rocstories_text_completion,0.9899989998999901,0.009902951079421688,2.3799933206392065e-05,0.9899909918927035,0.010307153164296033,0.000478653663041978,0.9899989998999901,0.009902951079421688,2.578662758495609e-05,0.9899989998999901,0.009902951079421688,2.379881574257614e-05,0.9899989998999901,0.009902951079421688,3.1663227396616644e-05,0.9899989998999901,0.009902951079421688,0.0
task220_rocstories_title_generation,1.0,0.0,8.803044982796937e-06,1.0,0.0,2.826234837022268e-06,1.0,0.0,8.897672395868916e-06,1.0,0.0,8.803356450787225e-06,1.0,0.0,5.635151680005723e-06,1.0,0.0,7.771561172376096e-16
task221_rocstories_text_completion,0.9012943268675876,0.03242128824145743,0.11178031753932614,0.8795574795574795,0.06531631126651323,0.034769291377019534,0.8927478047260262,0.07798959352310733,0.08570945512445047,0.9012943268675876,0.03242128824145743,0.11282747882816395,0.899925843529848,0.025530388794460353,0.07227430168424712,0.9012943268675876,0.03242128824145743,0.11115150449523344
task224_scruples_ethics_classification,0.517781796262809,0.4984033187095234,0.15022902813554007,0.6114618746964546,0.1999582176858567,0.013633135056234424,0.44645924794808167,0.649202163769017,0.2777087199156834,0.6011396011396011,0.09951996253366112,0.02562574830982589,0.609375,0.10838983441723167,0.00545581425403574,0.517781796262809,0.4984033187095234,0.14576106621871399
task226_curated_from_stack_overflow___english._answerability_classification,0.48574100046750823,0.7197229853479853,0.3121795349284089,0.5017958521608157,0.6902271704903284,0.2990277711475086,0.32432432432432434,1.0416666666666667,0.46001893113781434,0.5017958521608157,0.6902271704903284,0.30050473740405703,0.5174632352941176,0.6617484526967286,0.2894038911379653,0.48574100046750823,0.7197229853479853,0.17458793464207295
task227_clariq_question_understanding,0.9191919191919191,0.028880487292585598,0.0582521854103345,0.9191919191919191,0.028880487292585598,0.0588752119818316,0.9188311688311688,0.050759644332423144,0.09011499299532724,0.9191919191919191,0.028880487292585598,0.056389367021983966,0.9191919191919191,0.028880487292585598,0.05754122282297469,0.9191919191919191,0.028880487292585598,0.04729030495114078
task228_arc_question_answering,0.96063632416216,0.04907251077817212,0.0015387242064970469,0.9606963298139768,0.027419465534378892,0.013446155284906627,0.9502736090334412,0.03261169141977975,0.0014005965385824881,0.8744444444444446,0.11262895573753104,0.17338936735852659,0.9703195509882441,0.03277221723561751,0.004750764220743484,0.96063632416216,0.04907251077817212,2.999822612537173e-13
task229_arc_question_answering,0.8960348207079442,0.10912088361109272,0.030374306468038584,0.8965788205875174,0.13441344344707437,0.00969658900106099,0.8989689803591747,0.08322756661254059,0.036692563874238485,0.8960348207079442,0.10912088361109272,0.030433823377656682,0.8875697865353037,0.10145080768558336,0.039239729458022704,0.8960348207079442,0.10912088361109272,0.029864872223393873
task230_iirc_question_answering,0.9695891921698374,0.003506384194712035,0.0005626562477774599,0.9699302580658512,0.003506384194712035,0.01043947394632222,0.9695891921698374,0.003506384194712035,0.0008352009761136148,0.9695891921698374,0.003506384194712035,0.0005622715209380735,0.9695891921698374,0.003506384194712035,0.0003317108497051524,0.9695891921698374,0.003506384194712035,0.0
task231_iirc_question_answering,0.753428530378239,0.09222318252409939,0.08528627301928177,0.6882752377384778,0.12423580243586263,0.08839662142271175,0.7715516684120027,0.02494180112587978,0.05832768368360512,0.7353174603174603,0.07475406869238088,0.059749486815013256,0.753428530378239,0.09222318252409939,0.07922233416985039,0.753428530378239,0.09222318252409939,0.08455961629053775
task232_iirc_answerability_classification,0.5944849959448499,0.3138354700854701,0.11953306211494838,0.5169082125603865,0.4707532051282051,0.21539667040163107,0.5899589958995899,0.2854284369114878,0.14924159704523793,0.6072270227808326,0.24706196581196582,0.0657933972860254,0.630450849963045,0.0801282051282051,0.06488376331424939,0.5944849959448499,0.3138354700854701,0.0275164841431062
task233_iirc_answerability_classification,0.43899018232819076,0.3937728937728938,0.0803011799457759,0.41151744430432957,0.11904761904761907,0.06608997423454466,0.33065595716198126,1.054421768707483,0.3892564746407045,0.43899018232819076,0.3937728937728938,0.06304623995602415,0.3993993993993994,0.2272727272727273,0.005067291842075994,0.43899018232819076,0.3937728937728938,0.05524437015152922
task241_tweetqa_answer_verification,0.9597423510466989,0.003354804079441718,0.005507864527014877,0.9597423510466989,0.003354804079441718,0.0032023590563543813,0.9299369432489241,0.048049451976520725,0.07685908131209038,0.9597423510466989,0.003354804079441718,0.0055077815938719965,0.9597423510466989,0.003354804079441718,0.006253795978539256,0.9597423510466989,0.003354804079441718,5.101387564043769e-07
task242_tweetqa_answerability_classification,0.9691071980228607,0.03596259889714697,0.0003142459188643365,0.9691071980228607,0.03596259889714697,0.00022130684875590334,0.9586606035551881,0.048449612403100806,0.001893138597688665,0.9691071980228607,0.03596259889714697,0.0003122318672768021,0.9691071980228607,0.03596259889714697,0.00035605986421086144,0.9691071980228607,0.03596259889714697,0.0
task248_dream_question_understanding,0.09696969696969697,1.2500000000000002,0.7368679245399986,0.3802290107553266,0.8993890158850063,0.23529923189949256,0.28590345491753943,1.5443140848639876,0.2841291941448433,0.35191932169860857,1.0833684082084203,0.08573321205212422,0.34820900163501955,0.9176001106870122,0.15299225367371638,0.09696969696969697,1.2500000000000002,0.330845729907896
task268_casehold_text_completion,0.6691296409428055,0.13726881739689686,0.12614473295697431,0.7228644456196017,0.21693325625065232,0.1536565579528757,0.7215481767054955,0.15253099815642768,0.1097747799385934,0.5905884438142504,0.3059759658109056,0.29747818150545335,0.6979848909260673,0.06046287156717832,0.07749499867256847,0.6691296409428055,0.13726881739689686,0.12888581517565922
task274_overruling_text_categorization,0.9699248120300752,0.031559015358720785,0.036750009243040005,0.6072270227808326,0.5279034690799397,0.28770103155368004,0.94,0.020008003201280516,0.09457459510248417,0.9699729756781104,0.010932207934720281,0.040462071001734656,0.9799679487179487,0.020824656393169536,0.010165533994807768,0.9699248120300752,0.031559015358720785,0.007711938097066856
task276_wsc; enhanced_wsc_text_matching,0.8534782580325216,0.15540546857078427,0.039034845298023715,0.8330139354974858,0.18168585913934118,0.08332444090354431,0.7956618260966087,0.3046493627827172,0.10033796426450847,0.7955165086629616,0.22035752509678966,0.16231151695130885,0.8534782580325216,0.15540546857078427,0.05452957429209148,0.8534782580325216,0.15540546857078427,0.03065167123516427
task279_stereoset_stereotype_detection,0.3885969103360407,0.7372179495987954,0.26514070546966123,0.595406691394103,0.11469822265966256,0.18928019574552046,0.4130922343706196,0.6459201331907313,0.2592793134631748,0.5136155563121855,0.4140062048384347,0.41226504650966334,0.5636172084838381,0.17971034777392492,0.08175251157605534,0.3885969103360407,0.7372179495987954,0.11076622819811906
task280_stereoset_text_categorization,0.6476851851851851,0.3165403662886533,0.3865378469778996,0.7135831141773967,0.12433259281329048,0.2248418491023867,0.7781278127812781,0.07759321874757093,0.2617500376218388,0.6706079335555039,0.19902001471391262,0.2665578583591437,0.6313216353538935,0.2555748572585217,0.29557005853020063,0.6476851851851851,0.3165403662886533,0.37258170096482157
task284_imdb_sentiment_analysis,0.9594155844155845,0.045289855072463796,0.06818902987678777,0.9594155844155845,0.045289855072463796,0.03883178815836277,0.9491404740107823,0.05720823798627005,0.016476530636871684,0.9393939393939394,0.026552917394730532,0.07690369573483302,0.9493875898370281,0.03602000169505895,0.06362527206975388,0.9594155844155845,0.045289855072463796,0.060038122630237584
task285_imdb_sentiment_analysis,0.9495916927109588,0.03486234655285344,0.07847953124242224,0.8899009108197378,0.02638712849403919,0.12796545571951554,0.9396135265700483,0.025197092511765773,0.08755203874946077,0.9396135265700483,0.025197092511765773,0.08559231061650893,0.9396135265700483,0.025197092511765773,0.06616104776003306,0.9495916927109588,0.03486234655285344,0.0600649484123397
task286_olid_toxic_language_detection,0.4224104736234116,0.8158508158508158,0.34471319013004376,0.7293233082706767,0.10866701791359325,0.07811473865863311,0.7189883580891208,0.12353098290598294,0.08986768034323458,0.7348021215830274,0.14942827442827442,0.07486378098063237,0.721964782205746,0.1931858096241658,0.09493616986322573,0.4224104736234116,0.8158508158508158,0.256472035345952
task290_tellmewhy_answerability_classification,0.5920515857349651,0.3692201518288475,0.20674168655895647,0.5244669427826354,0.5417529330572809,0.30390437253803376,0.4117647058823529,0.7142857142857143,0.49357705598918944,0.5941146626078133,0.3291316526610644,0.18489041511752122,0.6011396011396011,0.16483516483516483,0.06022157644992854,0.5920515857349651,0.3692201518288475,0.13818981711392575
task291_semeval_2020_task4_commonsense_classification,0.7028862478777589,0.3534747232226224,0.23780439099440825,0.8795664391810518,0.08821710502382767,0.06398102584424362,0.8164014687882497,0.1908080305292849,0.16802938021073918,0.8585858585858586,0.13633360320872534,0.1010607851773857,0.8376623376623377,0.16292231178185557,0.13344479254856179,0.7028862478777589,0.3534747232226224,0.2144721017470771
task296_roc_stories_text_completion,0.9899749373433584,0.01052188552188554,0.03138379765394908,0.9799679487179487,0.0008176347462061719,0.032674775284500523,0.9699729756781104,0.009086703674332508,0.0330708818603479,0.9799679487179487,0.0008176347462061719,0.031501716873289565,0.9799679487179487,0.0008176347462061719,0.03087205966260989,0.9899749373433584,0.01052188552188554,0.025371097987705454
task297_roc_stories_text_completion,0.9799277398635087,0.021258503401360526,0.03277677076533381,0.9799277398635087,0.021258503401360526,0.032682483617705066,0.9799277398635087,0.021258503401360526,0.019409638951838143,0.9799277398635087,0.021258503401360526,0.032766143931969,0.9799277398635087,0.021258503401360526,0.03000169991323065,0.9799277398635087,0.021258503401360526,0.03259463060957582
task298_roc_stories_coherence_classification,0.9396135265700483,0.045178668848881574,0.028797726792041844,0.9399038461538461,0.0025572831423895164,0.03835219242220583,0.8768472906403941,0.14204545454545456,0.036894528345556094,0.9396135265700483,0.045178668848881574,0.0285679047200513,0.9396135265700483,0.045178668848881574,0.03125539146762654,0.9396135265700483,0.045178668848881574,0.03038074887452083
task309_race_question_answering,0.9084351922587217,0.026736942352395043,0.04736356699140684,0.889213080234752,0.04431726486373788,0.09296699860472263,0.9002242176292439,0.03434902327238128,0.05356585142994259,0.9174481658692184,0.025519851488004272,0.04690185207274297,0.9084351922587217,0.026736942352395043,0.04545519397165884,0.9084351922587217,0.026736942352395043,0.05779328594865958
task310_race_question_answering,0.8899889988998899,0.011235955056179785,0.1304515537812494,0.8899009108197378,0.03370786516853935,0.08153907744375538,0.8799519807923168,0.02272727272727275,0.10830806635943338,0.8698828946051447,0.03448275862068969,0.13847052321000164,0.8899889988998899,0.011235955056179785,0.11504624552526443,0.8899889988998899,0.011235955056179785,0.1467309062244728
task316_crows_pairs_stereotype_detection,0.6807743795695603,0.14785536524666967,0.0740829496422446,0.5876736111111112,0.35516454871293585,0.1974562634510796,0.6266666666666667,0.28749028749028754,0.14644476137565987,0.6266666666666667,0.28749028749028754,0.1481404572272753,0.6736026111791106,0.10695187165775404,0.020071879042619867,0.6807743795695603,0.14785536524666967,0.048453179052494355
task317_crows_pairs_stereotype_detection,0.66811304355164,0.4828252714105245,0.3726297337137622,0.7965878764019718,0.2085237201414827,0.16542677912564754,0.8070938329277297,0.19374804025532177,0.14840200776006607,0.5942962652640073,0.41604987902582846,0.24140959228446252,0.7698878326296325,0.3102237998191269,0.1782495599082352,0.66811304355164,0.4828252714105245,0.382393239087534
task318_stereoset_stereotype_detection,0.47767730241957046,0.4908491737663904,0.20406361530693667,0.5854751319811059,0.17973253439454157,0.016898235344439766,0.5515509089426917,0.2627163971212899,0.1710024042322072,0.5773031022235687,0.13679764772416406,0.08954194529861025,0.5901856763925729,0.14494513988792596,0.008931050424651504,0.47767730241957046,0.4908491737663904,0.2378533352472565
task319_stereoset_stereotype_detection,0.7354497354497355,0.1630770007946852,0.11418520958202874,0.6020717721050685,0.4390731424492461,0.07326170361480658,0.6922722300359431,0.37070383583803174,0.1991454090273519,0.6294871794871796,0.4357307947031198,0.0858501528445069,0.7770979968763913,0.1300633106601407,0.08526171377373824,0.7354497354497355,0.1630770007946852,0.1184943285151774
task320_stereoset_stereotype_detection,0.6603367473744913,0.36378741004056886,0.27637133148773807,0.6683478301533857,0.23311805142958714,0.07633077395431764,0.6551962673555966,0.2568625841201237,0.08112298281253943,0.682078853046595,0.16243562639814965,0.045899838290609035,0.712012012012012,0.034048876590329326,0.06535738466839972,0.6603367473744913,0.36378741004056886,0.1816324124470836
task322_jigsaw_toxic_language_detection,0.8858802780371408,0.13434294088910598,0.2576871469390445,0.84,0.08051529790660222,0.09099979356951654,0.8894583458948849,0.0013569994029202688,0.0048005091543971146,0.9178981937602627,0.09451795841209829,0.14847001242046876,0.8966515088879703,0.12077294685990336,0.20399506435076614,0.8858802780371408,0.13434294088910598,0.1603179991285494
task323_jigsaw_toxic_language_detection,0.5960257670051315,0.5437977660199882,0.3437810897451692,0.7647058823529411,0.2765752765752766,0.11817810130062278,0.7536945812807883,0.29239766081871343,0.20928054642192506,0.7536945812807883,0.29239766081871343,0.2154826443554525,0.7647058823529411,0.2765752765752766,0.1922802253072857,0.5960257670051315,0.5437977660199882,0.17922215177176976
task325_jigsaw_toxic_language_detection,0.6833715471121302,0.34970965899774403,0.22269206373748718,0.767182913250329,0.2035900670986982,0.033116389990063555,0.7457023700539112,0.11374280744011782,0.14169487285745042,0.779205138498595,0.016984220115492728,0.08963816423629195,0.7688674505074866,0.031020765665486713,0.06900955433118397,0.6833715471121302,0.34970965899774403,0.17100123021301747
task326_jigsaw_toxic_language_detection,0.612789025334661,0.4971219256933542,0.28377759271424063,0.7198879551820728,0.0477968965363923,0.033170937368558695,0.612789025334661,0.4971219256933542,0.2606036383026918,0.69662098545873,0.3159010082906403,0.2343801360539055,0.7126436781609196,0.24231914988217507,0.20323524864534054,0.612789025334661,0.4971219256933542,0.139180570190985
task327_jigsaw_toxic_language_detection,0.9120879120879121,0.03896259590792837,0.033589726471608405,0.8440748440748441,0.21306818181818182,0.15074454846996985,0.9120879120879121,0.03896259590792837,0.06645791375362531,0.9120879120879121,0.03896259590792837,0.01854521880735399,0.9120879120879121,0.03896259590792837,0.04883269986986935,0.9120879120879121,0.03896259590792837,0.07899404137406302
task328_jigsaw_toxic_language_detection,0.7874278773155178,0.15930422802032207,0.23557734293256627,0.7726333195535345,0.21085357219811,0.07518383194985367,0.8095238095238095,0.08176109950152897,0.17957774412807181,0.8299829982998299,0.032061017177955474,0.14860002620267604,0.7992773986350863,0.09503801520608243,0.13981017489409076,0.7874278773155178,0.15930422802032207,0.20368973620774145
task329_gap_coreference_resolution,0.6589344648750589,0.42544051428069357,0.3193977130046154,0.5507745266781411,0.5358414582468105,0.3332673491626939,0.6012667887667887,0.48336064285289454,0.3322379469036334,0.8038771851187808,0.11057045963823076,0.18262426076907745,0.8109194271851775,0.11057045963823076,0.0985159089275115,0.6589344648750589,0.42544051428069357,0.21437697853084697
task333_hateeval_toxic_language_detection,0.7064480210547626,0.21570611949497068,0.2203631153116319,0.719551282051282,0.11597305856639456,0.15762301891662836,0.6427070197562001,0.3947544493509969,0.2926235209480288,0.719551282051282,0.11597305856639456,0.15487534323445173,0.696969696969697,0.2035900670986982,0.1611159041680402,0.7064480210547626,0.21570611949497068,0.15516094280003828
task335_hateeval_toxic_language_detection,0.467390212038991,0.10911074740861978,0.0335178417751662,0.4747474747474747,0.16860309829059833,0.11114002636837861,0.4858352656517794,0.22403192046049183,0.06141459053622422,0.48994899489948995,0.01962323390894818,0.0018292252011042343,0.467390212038991,0.10911074740861978,0.015342667029760726,0.467390212038991,0.10911074740861978,0.002000866305399418
task337_hateeval_toxic_language_detection,0.8699869986998701,0.04868099872183536,0.06137137414982552,0.8798076923076923,0.014598007371993682,0.0037307134970299416,0.8698828946051447,0.02560943534655791,0.04600704343560014,0.8699869986998701,0.04868099872183536,0.06068205221352829,0.8699869986998701,0.04868099872183536,0.041971422069166514,0.8699869986998701,0.04868099872183536,0.05006816396625782
task340_winomt_gender_classification,0.9897023993409535,0.01202501202501204,0.0029529823492677743,0.9897023993409535,0.01202501202501204,0.0018298253978970835,0.9897023993409535,0.01202501202501204,0.0007275570489605199,0.9897023993409535,0.01202501202501204,0.0029372089329630924,0.9897023993409535,0.01202501202501204,0.006305193660246955,0.9897023993409535,0.01202501202501204,0.0
task341_winomt_gender_classification,0.6347402597402598,0.1477363782051282,0.0911674730882894,0.648,0.41379640260237277,0.25568661551966626,0.6666666666666666,0.3346530920060331,0.1836942461000212,0.6305418719211823,0.2103365384615385,0.1200041504653602,0.6899689968996899,0.05458008175399477,0.054854012714859124,0.6347402597402598,0.1477363782051282,0.06841189521511559
task346_hybridqa_pos_tagging,0.8792270531400965,0.010979358805445748,0.05263863043129907,0.8236331569664903,0.1498748617659042,0.12084168817252947,0.7993876042656531,0.20526430886065877,0.14278847263765188,0.8798076923076923,0.03476796955057821,0.029159611595444362,0.8897243107769424,0.023973656118257955,0.05303588571383666,0.8792270531400965,0.010979358805445748,0.014987636558172146
task349_squad2.0_answerability_classification,0.7271825396825397,0.3439118889033999,0.32562349584448513,0.7759169713409599,0.25624096082500153,0.2516136354088285,0.6350858224084336,0.4866618601297765,0.4294756591504354,0.7759169713409599,0.25624096082500153,0.24750511388130644,0.7857142857142857,0.26295084682595554,0.24071409945744324,0.7271825396825397,0.3439118889033999,0.2139870609900174
task350_winomt_gender_classification,0.7211497211497211,0.17708903612169424,0.09481072793214348,0.4729017434788485,0.6780338711972839,0.3499903363934441,0.46357989836250707,0.7141047353611863,0.3936491978329954,0.736036321402175,0.13090808874190438,0.06765050497770791,0.721964782205746,0.05464728434142938,0.00276349247125246,0.7211497211497211,0.17708903612169424,0.1131227384316677
task351_winomt_gender_classification,0.6637242538881883,0.22578728461081407,0.06466073497789027,0.6129302228266555,0.4377104377104377,0.23646388871919966,0.3869455463397043,0.9461966604823747,0.38502402475330416,0.6567996567996568,0.285204991087344,0.08520236937894987,0.7171717171717171,0.03928170594837264,0.010506891537816365,0.6637242538881883,0.22578728461081407,0.06971935141640587
task353_casino_negotiation_strategy_detection,0.7837503861600247,0.2151898734177215,0.24169984980846065,0.8389694041867954,0.09523809523809526,0.17626147024206892,0.8098288459613652,0.037037037037037,0.11612863396718262,0.7996794871794872,0.049999999999999975,0.13191991217714544,0.8389694041867954,0.09523809523809526,0.18155913110149746,0.7837503861600247,0.2151898734177215,0.19272393643572733
task355_casino_negotiation_strategy_detection,0.6673051718923279,0.07459690707442311,0.08500724798757697,0.6897207486738064,0.10385212853228146,0.021208439665973522,0.5824175824175825,0.4254024164411236,0.21853021288937594,0.6892230576441103,0.012508799795204747,0.04638085666942138,0.6892230576441103,0.012508799795204747,0.018412680919803415,0.6673051718923279,0.07459690707442311,0.08515474488726771
task356_casino_negotiation_strategy_detection,0.7599039615846338,0.05403000254258838,0.11901225503228091,0.7479584635547938,0.04025764895330116,0.071510368265438,0.6921182266009853,0.31055900621118016,0.22033222396002344,0.7390606182256123,0.0010880445663054407,0.07921714036489844,0.7599039615846338,0.05403000254258838,0.08470773912649035,0.7599039615846338,0.05403000254258838,0.05572325990708141
task357_casino_negotiation_strategy_detection,0.8076728413807066,0.05616190532991389,0.02283624379677246,0.7647058823529411,0.11554468076207207,0.05505703192622963,0.7756017951856384,0.10012799867872334,0.047169566178943245,0.7647058823529411,0.11554468076207207,0.05904107719768126,0.7591328783621036,0.0010594118145605606,0.026131240625476726,0.8076728413807066,0.05616190532991389,0.022620389398099683
task359_casino_negotiation_strategy_detection,0.6683750376846548,0.044638309855779254,0.07865495039638717,0.6998799519807923,0.031542123071629354,0.012407171250220173,0.6673051718923279,0.07459690707442311,0.08668194859782563,0.6788438378161381,0.028337308427987814,0.05293507239408202,0.6788438378161381,0.028337308427987814,0.040391419012299534,0.6683750376846548,0.044638309855779254,0.05833173745377418
task361_spolin_dialogue_generation,0.5636277862955537,0.561067461910497,0.3134249870031652,0.5863970588235294,0.5043155359293456,0.2966050734472606,0.503968253968254,0.6757660912618761,0.35482178569731093,0.6011396011396011,0.4801902232652935,0.29152828838649314,0.6396986570586308,0.37418287926086147,0.27004579761377867,0.5636277862955537,0.561067461910497,0.08549266500126818
task362_spolin_dialogue_act_recognition,0.8795664391810518,0.028226981351981376,0.02523224420323275,0.8698828946051447,0.07460212201591511,0.13729455457214837,0.8795664391810518,0.028226981351981376,0.011268599923829142,0.8696741854636592,0.017499263188918365,0.02426492659530949,0.8795664391810518,0.028226981351981376,0.023397971917316518,0.8795664391810518,0.028226981351981376,0.02666395238022412
task363_sst2_sentiment_analysis,0.9,0.08051529790660224,0.16482951091858347,0.9,0.08051529790660224,0.17182250822019404,0.9097744360902256,0.0252163295641557,0.05383196694370854,0.9,0.08051529790660224,0.16170552894562937,0.9,0.08051529790660224,0.14938226210259298,0.9,0.08051529790660224,0.08456672107954352
task375_ddo_text_categorization,0.3265514184397163,1.5069627924458,0.5075964147863661,0.7108179162609543,0.18585766979573426,0.19213742398998213,0.5993634767339772,0.2897407533330647,0.17468389941619406,0.583565835010226,0.42423385243129624,0.1557093596430859,0.6092914438502673,0.40775888597740684,0.22095612833593878,0.3265514184397163,1.5069627924458,0.2161206791640222
task379_ag_news_text_categorization,0.7591458444090022,0.34729897853740327,0.36010939948911785,0.8192704612209256,0.20538618949786583,0.2130354657463346,0.861237081927173,0.15918648898577856,0.15979615003651843,0.7929919137466307,0.29325165421115285,0.2460853620217309,0.8506375512473073,0.20284683471350068,0.1947278322085761,0.7591458444090022,0.34729897853740327,0.24725995397608425
task382_hybridqa_pos_tagging,0.5002489884842826,0.7779567788945506,0.6007149572622872,0.5380534670008355,0.7991619906503545,0.4919611550978569,0.4566760797943593,0.8323164187722957,0.4429981199002734,0.5284404895516006,0.8748506630498646,0.40446541835177274,0.6403300801150262,0.6215643077299841,0.24581492731919302,0.5002489884842826,0.7779567788945506,0.5192228024797254
task383_matres_misc.,0.34210526315789475,0.9615384615384615,0.4629415182923564,0.34210526315789475,0.9615384615384615,0.436270896344841,0.34210526315789475,0.9615384615384615,0.48396997943142017,0.6236395076797885,0.16661579161579154,0.03440653001424382,0.6009060511271707,0.3891941391941392,0.16782529903252857,0.34210526315789475,0.9615384615384615,0.13530049512745276
task384_social_iqa_question_understanding,0.647185151096794,0.40455576169861884,0.06240714582822954,0.647185151096794,0.40455576169861884,0.05935292029538203,0.5747696669029058,0.5312761069340016,0.1892988954985795,0.7807017543859649,0.22203325774754348,0.03990197803785403,0.7635933806146572,0.2462229871868426,0.03004173266032334,0.647185151096794,0.40455576169861884,0.07553119861122887
task386_semeval_2018_task3_irony_detection,0.6093337556752191,0.46977713644380314,0.16973296915020536,0.6565656565656566,0.25405570860116317,0.07001659662820459,0.7181964573268921,0.011223344556677886,0.1481327425576504,0.6683750376846548,0.2065430423639379,0.02051516016162755,0.6565656565656566,0.25405570860116317,0.12281304206701396,0.6093337556752191,0.46977713644380314,0.08882550058199251
task387_semeval_2018_task3_irony_detection,0.21332990221307258,1.2348265860856893,0.32113960206235825,0.2705244122965642,0.9484186965668515,0.2738459066311849,0.25052679257173244,0.9773734128157687,0.25408694708011215,0.34424277195361536,0.4251305566645242,0.15262014258844045,0.33643245239225616,0.06937148700367886,0.12608905269067733,0.21332990221307258,1.2348265860856893,0.0903817368211174
task391_cod3s_cause_effect_classification,0.6458333333333333,0.40710131619222534,0.16082597416838829,0.5523528769516323,0.5975004280089026,0.20196713983779657,0.3103448275862069,1.1111111111111112,0.47827131775067794,0.7457023700539112,0.07407407407407411,0.01917773261595801,0.7395833333333333,0.15561015561015565,0.03177983307105492,0.6458333333333333,0.40710131619222534,0.08040093220345185
task392_cod3s_cause_effect_classification,0.6175523349436394,0.3667846343679237,0.05760771068652579,0.5245969408846631,0.5814768109850077,0.12515422284826627,0.2987377279102384,1.2295081967213113,0.4273380114614488,0.6956168831168831,0.05104185432054289,0.033755220476424014,0.66996699669967,0.21550507236829725,0.04892679630652416,0.6175523349436394,0.3667846343679237,0.054237643365127236
task397_semeval_2018_task1_sentiment_analysis,0.7455470737913485,0.07077951447015216,0.07632675066729797,0.7571636716852841,0.20918136589778374,0.13124560348626255,0.721964782205746,0.12112538180826873,0.009768271992377592,0.7406369955389562,0.0979948741142771,0.013573137264668411,0.7303419264372775,0.0226142017186793,0.047875152416415157,0.7455470737913485,0.07077951447015216,0.01582185590573154
task398_semeval_2018_task1_sentiment_analysis,0.7796474358974359,0.15281015281015278,0.01169792903491465,0.6807743795695603,0.3498755672668717,0.14843615290157064,0.7487689679429204,0.19528619528619529,0.04017542164692747,0.7999199679871949,0.12626262626262624,0.012247041010648996,0.7796474358974359,0.15281015281015278,0.015355376814078808,0.7796474358974359,0.15281015281015278,0.003567764158022513
task399_semeval_2018_task1_sentiment_analysis,0.8286117552172598,0.13960766665984825,0.005095655278159639,0.8514431239388794,0.041457732854266204,0.1283321111715099,0.8286117552172598,0.13960766665984825,0.0016512228933391881,0.8181818181818181,0.12526398608638037,0.020651254575329903,0.8181818181818181,0.12526398608638037,0.018033425680520937,0.8286117552172598,0.13960766665984825,0.04902626736619076
task400_paws_text_matching,0.7591328783621036,0.15997118399864393,0.13581741135346362,0.7591328783621036,0.15997118399864393,0.14764652698427871,0.3150684931506849,1.0869565217391304,0.45230055555650206,0.8152709359605912,0.11586347747535451,0.10100704930302257,0.7395833333333333,0.13491752622187406,0.10606728626238196,0.7591328783621036,0.15997118399864393,0.12137124596559445
task420_persent_sentiment_analysis,0.33888888888888885,0.8051198205073372,0.373175243999036,0.373783204091734,0.4496072442652338,0.20294426803761575,0.37200388111180827,0.5972482231068703,0.25449501300067456,0.3515036403925293,0.43215353716595634,0.21555801559016227,0.3953336584632033,0.23981234269317828,0.1419526435263238,0.33888888888888885,0.8051198205073372,0.12318706555937571
task421_persent_sentiment_analysis,0.4686155785090002,0.2811535709534883,0.19766526007869073,0.36306093940981315,0.6103809406521578,0.28395113238403313,0.3660818713450292,0.6879405276397546,0.2645771882392177,0.42042698739784407,0.2426398851978197,0.15477075085345204,0.39665953286602607,0.24990864333697763,0.15425195501161298,0.4686155785090002,0.2811535709534883,0.110218629204736
task456_matres_information_extraction,0.6216897856242118,0.4705255681818182,0.33436302181608013,0.4725620020199753,0.7534917912276402,0.37756299428431683,0.38095238095238093,0.9672619047619049,0.4274729170491663,0.7373737373737375,0.2588627588627589,0.2122525053457736,0.7253585596582239,0.30243728873865866,0.24479767928258034,0.6216897856242118,0.4705255681818182,0.14105810920218362
task457_matres_word_semantics,0.8236331569664903,0.16952595609253557,0.21037365067171487,0.7877758913412564,0.24086712163789645,0.2742100197287177,0.7973333333333333,0.2495403204623063,0.30097760187863537,0.8383838383838383,0.05926095849821261,0.13810307396175966,0.8056265984654731,0.12563748011359413,0.15376558263701637,0.8236331569664903,0.16952595609253557,0.08624476967528669
task458_matres_word_semantics,0.7660461804495982,0.20916583416583415,0.21639420960222625,0.6693333333333333,0.40296358231140844,0.3157409668968526,0.742559983523839,0.2670940170940171,0.25063129315195243,0.7564935064935066,0.19821187584345473,0.21452733258535803,0.7681217864704104,0.15713453213453216,0.15267189772308665,0.7660461804495982,0.20916583416583415,0.12053545516994205
task462_qasper_question_understanding,0.5669840835915193,0.6400343291432239,0.1674813926346173,0.7252056119980649,0.16152196060477697,0.08383799725155433,0.5099070582941551,0.734148023299111,0.19975005158187698,0.62996262996263,0.49246698506408315,0.09132318212223804,0.715725085064827,0.27560946462192376,0.09186081628016865,0.5669840835915193,0.6400343291432239,0.12530085465011684
task472_haspart_kb_entity_relation_classification,0.7297567811029927,0.05949910059499101,0.08952633230947638,0.7575757575757576,0.0318979266347688,0.02497765922911635,0.7575757575757576,0.0318979266347688,0.0019059259527465788,0.74,0.10101010101010098,0.12119801233280394,0.7297567811029927,0.05949910059499101,0.07422936802254859,0.7297567811029927,0.05949910059499101,0.046887854625190656
task475_yelp_polarity_sentiment_analysis,0.9799919967987194,0.00040832659594449073,0.012487927068336568,0.9899989998999901,0.009902951079421688,0.0053452715083348035,0.9699248120300752,0.031559015358720785,0.05118052256611316,0.9799919967987194,0.00040832659594449073,0.012579969135647018,0.9899989998999901,0.009902951079421688,0.004561729011919036,0.9799919967987194,0.00040832659594449073,6.168357491453946e-11
task476_cls_sentiment_analysis,0.9799679487179487,0.020824656393169536,0.06805752862842154,0.9499549594635172,0.05159958720330237,0.0005480240115055823,0.9396135265700483,0.06513243595310467,0.13746977644336117,0.9799679487179487,0.020824656393169536,0.06715563166619437,0.9899909918927035,0.010307153164296033,0.05769780242442399,0.9799679487179487,0.020824656393169536,0.06989195835187265
task477_cls_sentiment_analysis,0.9698522761531505,0.007885518867141493,0.0014802692216400182,0.9698522761531505,0.007885518867141493,0.0008540943929402633,0.9698522761531505,0.007885518867141493,0.007027385839023459,0.9698522761531505,0.007885518867141493,0.002869904258276157,0.9698522761531505,0.007885518867141493,0.0009227974904973402,0.9698522761531505,0.007885518867141493,0.0058443373464474035
task478_cls_sentiment_analysis,0.9688764394646747,0.004295532646048095,0.047050209300168205,0.9688764394646747,0.004295532646048095,0.04827151020324846,0.9586606035551881,0.013020833333333346,0.05537236938486384,0.9688764394646747,0.004295532646048095,0.04705397893654312,0.9688764394646747,0.004295532646048095,0.048004911468314065,0.9688764394646747,0.004295532646048095,0.0421230052791402
task493_amazon_polarity_sentiment_analysis,0.9688764394646747,0.016407904774487246,0.05849921674615163,0.9583333333333333,0.029282072481741767,0.060339410480381245,0.9586606035551881,0.007751136833402244,0.05422089465449634,0.9688764394646747,0.016407904774487246,0.05849066847546813,0.9688764394646747,0.016407904774487246,0.05824536951987597,0.9688764394646747,0.016407904774487246,0.04981000656473325
task494_amazon_polarity_sentiment_analysis,0.9485119967047678,0.02192982456140349,0.08300181034861406,0.9485119967047678,0.02192982456140349,0.08364430175892335,0.9485119967047678,0.02192982456140349,0.08112795753148039,0.9485119967047678,0.02192982456140349,0.08300005891827236,0.9485119967047678,0.02192982456140349,0.07308587050198942,0.9485119967047678,0.02192982456140349,0.07913984028058738
task495_semeval_2020_task_7_text_categorization,0.6419437340153453,0.23076923076923078,0.08921355381132667,0.3333333333333333,1.0,0.430912945276017,0.5659722222222222,0.4666666666666666,0.113186956854885,0.6598639455782312,0.030303030303030328,0.008449610235973903,0.6697027324592133,0.04477611940298503,0.00945603397997588,0.6419437340153453,0.23076923076923078,0.04038745100300428
task496_semeval_2020_task_7_text_categorization,0.7593890574327858,0.15151515151515155,0.08113729085205224,0.4967793880837359,0.6666666666666667,0.2530267631138412,0.7613860358958398,0.18243661100803957,0.08927653510072231,0.7050147492625369,0.25821596244131456,0.1298294613685349,0.7688104245481295,0.14041514041514042,0.08355834399749834,0.7593890574327858,0.15151515151515155,0.07532040501197462
task498_scruples_ethics_classification,0.2681362842653165,0.9977169142652615,0.2167220178872379,0.18579064835137735,0.9809744436512937,0.2371122574437381,0.2522052046625102,0.9019032936087465,0.19009673706398808,0.2730700719581568,0.5509952880563087,0.10733672483378133,0.27322196322196324,0.34668993034113527,0.034579740070908804,0.2681362842653165,0.9977169142652615,0.07597145415539414
task502_scruples_ethics_classification,0.6527777777777778,0.314913844325609,0.16887715959119617,0.6807743795695603,0.14785536524666967,0.1275506598183838,0.5783475783475784,0.46015712682379345,0.20359386287559542,0.6604414261460102,0.255496137849079,0.15916502333019183,0.7266929851199515,0.05119690051196903,0.10871111881924236,0.6527777777777778,0.314913844325609,0.09984033715059465
task503_scruples_ethics_classification,0.44,0.5367520222404581,0.0456633504014593,0.4419642857142857,0.6695344480677167,0.34151792940321557,0.40828402366863903,0.7042253521126761,0.37145432322287664,0.42832488404702834,0.1875523131451954,0.03125441767220283,0.43466666666666665,0.1358850092484474,0.0272287813504892,0.44,0.5367520222404581,0.06995548211166269
task508_scruples_ethics_classification,0.4724573671942093,0.5936192278961148,0.18135986533742576,0.49286472461375164,0.5210939709753923,0.10655018642554337,0.46576007770762506,0.5890863993385695,0.13297689075464114,0.5604395604395604,0.3307151715584952,0.0034331963146242706,0.5604395604395604,0.3307151715584952,0.0883680704125383,0.4724573671942093,0.5936192278961148,0.043262421760589226
task512_emotion_sentiment_analysis,0.3707361881274924,0.788759383148551,0.4626289391951253,0.5047248220681665,0.26343088213757687,0.13934953781040854,0.46713471713471716,0.381252782081966,0.13728756504882048,0.43573957360722065,0.48132093398495784,0.22755216505244524,0.4113554854731325,0.6304916964564661,0.24313208878184836,0.3707361881274924,0.788759383148551,0.27508670313729805
task517_emo_sentiment_analysis,0.6708361204013378,0.2239738611710286,0.10573899132573328,0.5542359074617139,0.5457225745847207,0.202216922612101,0.6430253623188406,0.33583626375843756,0.10570088640677516,0.6609898460202411,0.21747614908507878,0.10433209291739508,0.681830301860697,0.17617673655418725,0.08066131820059434,0.6708361204013378,0.2239738611710286,0.07079622098166236
task520_aquamuse_answerability_classification,0.8613333333333333,0.1503022458578952,0.1119094245729019,0.8143902172726281,0.2135838334980067,0.14354860538801242,0.7994652406417113,0.2552467385138968,0.2219690258712705,0.8726655348047538,0.13538073513593707,0.09291458253237361,0.8726655348047538,0.13538073513593707,0.09017602345347633,0.8613333333333333,0.1503022458578952,0.11469831700064909
task521_qanta_text_categorization,0.8310055056505361,0.3092456006480378,0.08360090205708373,0.801756715225275,0.3059972036327139,0.10180560243574235,0.8212345994022016,0.30971436400713426,0.061652146103223004,0.8310055056505361,0.3092456006480378,0.0817833762385872,0.8453016328482612,0.2835503707243241,0.05480300241229648,0.8310055056505361,0.3092456006480378,0.08211796686171469
task564_discofuse_discourse_relation_classification,0.08034188034188035,1.8171172679719165,0.21758982795455237,0.06814312736443882,2.3662577716807367,0.18529269000904605,0.07768896270920561,1.5988626093033829,0.14819428447387448,0.11244679746704038,1.228959759792734,0.0499808148428505,0.09924661483365939,1.204447462409498,0.006703297874710676,0.08034188034188035,1.8171172679719165,0.1887538643134793
task566_circa_text_matching,0.5738636363636364,0.557029177718833,0.33303559310717223,0.7493734335839599,0.2564102564102564,0.2143858586442381,0.776,0.01808318264014467,0.03520064069723919,0.8056265984654731,0.12617012617012613,0.12328757812673949,0.628178072555522,0.4517704517704518,0.2947720660196948,0.5738636363636364,0.557029177718833,0.1095698643717056
task573_air_dialogue_intent_identification,0.9767784018438541,0.028241261385987194,0.021804561054173194,0.8424949065681331,0.06952865463852796,0.07156509043287776,0.9846784274043541,0.01606880592657964,0.029593202681312714,0.5636070853462157,0.44631656405069786,0.2698960642273567,0.937219701837393,0.03280714543343344,0.021063034931116748,0.9767784018438541,0.028241261385987194,8.418673674848165e-10
task575_air_dialogue_speaker_identification,0.9166666666666667,0.09881422924901183,0.13188607658227813,0.7897997566102445,0.26655443322109984,0.23534436680684878,0.9694842844064693,0.014225465256393047,0.04707389109248741,0.9166666666666667,0.09881422924901183,0.12865667274179307,0.9279167953866749,0.0637131685518782,0.07201021927472503,0.9166666666666667,0.09881422924901183,0.12837386707130716
task577_curiosity_dialogs_speaker_identification,0.9066293183940243,0.10989010989010986,0.10241217823137161,0.74189204354169,0.33189033189033185,0.1984489239479783,0.9066293183940243,0.10989010989010986,0.09761363690338423,0.9066293183940243,0.10989010989010986,0.09983407771561861,0.948849104859335,0.05847953216374272,0.08826347686938171,0.9066293183940243,0.10989010989010986,0.12363908217626407
task579_social_iqa_answer_verification,0.44,0.7871064467766117,0.40710060397388975,0.4969942338363391,0.6529927126832065,0.36565761029141486,0.3742177722152691,0.8893280632411067,0.45911462308056417,0.4945054945054945,0.4786187153336912,0.23942924719376785,0.48717948717948717,0.5599472990777339,0.30644821838752545,0.44,0.7871064467766117,0.1138876243683985
task580_social_iqa_question_answering,0.7491733006736068,0.08493930511797763,0.020532814911888436,0.7788785689714482,0.1649663760638929,0.026260454441319775,0.749795300090068,0.11084827395004838,0.013503294010112743,0.7492063492063492,0.08493930511797763,0.019191060520598657,0.7491733006736068,0.08493930511797763,0.020051797809197747,0.7491733006736068,0.08493930511797763,0.017749398891469037
task585_prepositional_paraprasing_preposition_prediction,0.471948160535117,0.6113958718641106,0.4092715128763388,0.30487351079685576,0.8992535403965861,0.14593553121042124,0.40524622892635315,0.6567070274038901,0.2154068234009017,0.4189473720723721,0.6139022730756554,0.2830704656646533,0.3867366238264515,0.7173211743930742,0.08672397650629175,0.471948160535117,0.6113958718641106,0.33290334471754546
task586_amazon_fine_food_reviews_sentiment_analysis,0.9899989998999901,0.009902951079421688,0.03141141845872325,1.0,0.0,0.014563713761375885,0.9899989998999901,0.009902951079421688,0.038922606870399556,0.9899989998999901,0.009902951079421688,0.030708838324883053,0.9899989998999901,0.009902951079421688,0.029874567411693864,0.9899989998999901,0.009902951079421688,0.029702647916130503
task587_amazon_fine_food_reviews_sentiment_analysis,0.9095568284594513,0.05694585526518304,0.03840786013990777,0.8993558776167472,0.06891645547107732,0.03848236823461687,0.9095568284594513,0.05694585526518304,0.0383636820281493,0.9095568284594513,0.05694585526518304,0.03840791496641793,0.9095568284594513,0.05694585526518304,0.038370353029536314,0.9095568284594513,0.05694585526518304,0.02633113669144213
task588_amazon_fine_food_reviews_sentiment_analysis,0.7214994994994995,0.18706463142618793,0.14134843487618137,0.6404823747680891,0.3223991612724834,0.2096798938363597,0.6801165156819143,0.30781378434709183,0.12970151709347114,0.5248789621111604,0.4345750155478795,0.2702066519349504,0.6362116402116402,0.14523193492345732,0.05216467713122368,0.7214994994994995,0.18706463142618793,0.11115781464729452
task590_amazon_fine_food_reviews_text_matching,0.6834011759384894,0.3759820426487094,0.29290694024145175,0.6834011759384894,0.3759820426487094,0.30895876314294124,0.6408295678368672,0.4406382667252233,0.3872018712953984,0.7012943909724527,0.32793690327936903,0.23012977898477385,0.7012943909724527,0.32793690327936903,0.21462733426424963,0.6834011759384894,0.3759820426487094,0.11906898781193567
task607_sbic_toxic_language_detection,0.6745595331612613,0.3872672427479531,0.14964175470184252,0.5460679671205987,0.6064207755029012,0.26846504605676164,0.6703296703296704,0.3508166551644813,0.12269778511200483,0.712,0.26415635409083893,0.09144495404919994,0.712,0.26415635409083893,0.10849785381852345,0.6745595331612613,0.3872672427479531,0.10596586517757917
task608_sbic_toxic_language_detection,0.5245969408846631,0.27432088853204867,0.1990975566595552,0.5024875621890548,0.5491196880197281,0.2909454575641779,0.5879811074263892,0.05885594921377974,0.08588478820193271,0.5985547972701726,0.040144520272982674,0.0670835993764835,0.5738636363636364,0.14742728996802282,0.1374477555187043,0.5245969408846631,0.27432088853204867,0.1074219792774983
task609_sbic_toxic_language_detection,0.6376811594202898,0.362547288776797,0.306865449418697,0.6254681647940075,0.41467336549303757,0.32644516038190524,0.64,0.2311895754518705,0.18629782571501985,0.6587715776796468,0.3267224578699989,0.2393121627129949,0.6482765551200884,0.34435929770103796,0.20455331456887904,0.6376811594202898,0.362547288776797,0.11264437817927186
task616_cola_text_quality_evaluation,0.8437312176944345,0.014287630411075506,0.0482405278889968,0.8513312609812136,0.14337101454232434,0.2513189513607207,0.46013289036544847,0.6506506506506506,0.47456913339567547,0.8391544117647058,0.05250551602893113,0.00023543976824935697,0.8466800330227622,0.01487079899928267,0.02078661996014311,0.8437312176944345,0.014287630411075506,0.02257518881783835
task621_ohsumed_information_extraction,0.8552441110672457,0.06741573033707865,0.046430742769228095,0.8870694522868436,0.11594202898550726,0.10917460664496595,0.8405103668261562,0.007662835249042131,0.0350363846246986,0.8440748440748441,0.06060606060606055,0.020148124706012016,0.8369905956112853,0.022988505747126457,0.0005543189015245753,0.8552441110672457,0.06741573033707865,0.04923054608154845
task623_ohsumed_keyword_tagging,0.8139727159983464,0.21951219512195122,0.13996021147019513,0.6703296703296704,0.4285714285714286,0.2671838373710329,0.7211497211497211,0.35135135135135137,0.2287613946322731,0.8357963875205254,0.19047619047619047,0.1381900483546402,0.8465473145780051,0.17647058823529416,0.11457031414854654,0.8139727159983464,0.21951219512195122,0.130955131587953
task629_dbpedia_14_text_categorization,0.8680872348939576,0.1928441503610538,0.13681658585312778,0.8313998035244887,0.23359474826952017,0.11111613188143601,0.8852417198763565,0.18306978292254383,0.10539428290198341,0.7953799542145407,0.21605873643074644,0.19850306774302195,0.8786575104350041,0.16941897339295042,0.09365519042955345,0.8680872348939576,0.1928441503610538,0.12905594105155305
task630_dbpedia_14_text_matching,1.0,0.0,3.169301868305441e-06,1.0,0.0,0.00012681606490214103,1.0,0.0,0.011871417740019208,1.0,0.0,3.166485871841651e-06,1.0,0.0,6.5195765085457325e-06,1.0,0.0,0.0
task632_dbpedia_14_text_categorization,0.9299369432489241,0.05227897610657166,0.08663648782559305,0.8894583458948849,0.0986911618580016,0.10879257123181743,0.7947454844006567,0.22008803521408563,0.17342333716506364,0.9399759903961584,0.041293112989876785,0.08025600882625133,0.9399759903961584,0.041293112989876785,0.08581773944068005,0.9299369432489241,0.05227897610657166,0.09410189370376595
task633_dbpedia_14_text_categorization,0.9884912280701755,0.031080031080031063,0.051918342769687265,0.977150231901593,0.03604222994813722,0.05740808878490808,0.977150231901593,0.03604222994813722,0.06410704409387705,0.9782068965517242,0.03604222994813722,0.06406629526351866,0.9884912280701755,0.031080031080031063,0.046646375672335275,0.9884912280701755,0.031080031080031063,0.06008310857537859
task638_multi_woz_v22_speaker_identification,0.4542271650705386,0.4445472299311337,0.14677328515104857,0.36276213648476424,0.9080336375022364,0.2715300818448303,0.5169082125603865,0.07432181345224824,0.019305941561717804,0.5059985885673959,0.09709197688737337,0.02366454933362061,0.5295766189570613,0.13748366906693407,0.00902030492597189,0.4542271650705386,0.4445472299311337,0.016559132490987283
task673_google_wellformed_query_question_understanding,0.4415954415954416,0.8180544945250827,0.4612194847147723,0.4652406417112299,0.7461288711288712,0.3829347816363712,0.3006993006993007,1.1363636363636365,0.4999319576261155,0.4652406417112299,0.7461288711288712,0.41311158990909647,0.4725274725274725,0.7071053946053946,0.33605119254043725,0.4415954415954416,0.8180544945250827,0.1810329705294747
task679_hope_edi_text_categorization,0.7142857142857143,0.1755150736475015,0.10267469256598799,0.7821350762527233,0.0005372762244524854,0.034601789785072556,0.7837503861600247,0.02632653499817326,0.0601271406100968,0.757153415690001,0.06228915396996888,0.03852937115198157,0.7688104245481295,0.04462147925645378,0.08402132322955941,0.7142857142857143,0.1755150736475015,0.09586617340152953
task681_hope_edi_text_categorization,0.38577976761539284,0.7387970357946365,0.21715999070977282,0.3349097381133994,0.9845650796833808,0.23511029456471255,0.6019536019536019,0.052586051778573596,0.08087401695375132,0.5108765674214061,0.46644405275865897,0.09863204540855365,0.5864061864061864,0.21947935577090966,0.03719287661945425,0.38577976761539284,0.7387970357946365,0.09134527786631003
task682_opp_115_text_categorization,0.8342535088997353,0.18689758887503574,0.2583059843603021,0.9378306878306878,0.1385209224608788,0.06635424214794672,0.9229902979902981,0.09401000931047804,0.08398150605060846,0.7555236270753513,0.322334877844851,0.1998831752756327,0.9262870012870014,0.11818149825265228,0.12028630697720244,0.8342535088997353,0.18689758887503574,0.25143176994197797
task683_opp_115_information_extraction,0.5494889288748938,0.5309083788344525,0.3889159724587342,0.6563309684143017,0.4823584880026841,0.33453925270172025,0.598829365079365,0.5957823553883251,0.2992785997043508,0.6347559888130064,0.4606196861615187,0.16442708272524323,0.7318041521601893,0.37769084045006784,0.13583472868254573,0.5494889288748938,0.5309083788344525,0.39440913454723625
task738_perspectrum_textual_entailment,0.9088976617066504,0.08100873485488866,0.12065486758719379,0.797077922077922,0.1903044871794872,0.2012637731551948,0.525101763907734,0.627210433244916,0.3415216798823299,0.9191919191919191,0.06880574136008918,0.11615953571997076,0.9191919191919191,0.06880574136008918,0.10927881378670135,0.9088976617066504,0.08100873485488866,0.11968950532933231
task744_eurlex_text_categorization,0.9882319977584757,0.011337290062314388,0.02097395086674425,0.9882319977584757,0.011337290062314388,0.044196400305463485,0.9794889663182347,0.019837137534687244,0.007430667339637459,0.9761904761904762,0.019837137534687244,0.01803448054743098,0.9882319977584757,0.011337290062314388,0.03167729092163843,0.9882319977584757,0.011337290062314388,3.626256064179212e-05
task746_yelp_restaurant_review_sentiment_analysis,1.0,0.0,0.015110686047719396,0.9691071980228607,0.03596259889714697,0.0343963154907142,1.0,0.0,0.009043554869824805,1.0,0.0,0.01510856828897314,1.0,0.0,0.015560349179025518,1.0,0.0,0.015101608562738095
task767_craigslist_bargains_text_categorization,0.9563039335947,0.06372313525910081,0.14559821999984696,0.968660652666864,0.03855358538899274,0.10877542545513849,0.968660652666864,0.03855358538899274,0.10823115976873093,0.9176276106634457,0.06568818726649066,0.15959216839755785,0.9468390804597702,0.03977038160448962,0.11269250532342545,0.9563039335947,0.06372313525910081,0.16309562275819298
task827_copa_cause_effect_classification,0.9794745484400657,0.0033510941322341704,0.006651331312192643,0.9794745484400657,0.0033510941322341704,0.00863078448243848,0.9691071980228607,0.01565859191170248,0.0025355737051173666,0.9794745484400657,0.0033510941322341704,0.01871616954996211,0.9794745484400657,0.0033510941322341704,0.010212357580307696,0.9794745484400657,0.0033510941322341704,0.00212448829341344
task828_copa_cause_effect_classification,0.48574100046750823,0.7412398921832883,0.3218903743696137,0.7144022847817217,0.25536375395869576,0.0774133893008099,0.6009060511271707,0.49033664047714637,0.2143665029284005,0.7487689679429204,0.15388732771310054,0.006085981160246945,0.7013695808876532,0.30051848626887784,0.10102731033488604,0.48574100046750823,0.7412398921832883,0.04807097319956927
task834_mathmatics_dataset_question_understanding,0.7130432547739598,0.4923017570782941,0.13953108904328948,0.6197530864197531,0.6642342026443226,0.23402531218320377,0.7739175435570123,0.31661688179834396,0.09273531184250655,0.7461929641239986,0.39329814259663315,0.10388912379543636,0.8021468926553673,0.26095156323670443,0.09156788001551236,0.7130432547739598,0.4923017570782941,0.13149980587858667
task843_financial_phrasebank_sentiment_analysis,0.8332632758862267,0.230778013291466,0.10627393504562557,0.7740797633270752,0.34989539329968616,0.1909773976052131,0.717425431711146,0.45882920192349874,0.19557195079025158,0.8950453213385129,0.1318915395600554,0.039845176179528374,0.8537669309886738,0.19623325387837987,0.07051665148842315,0.8332632758862267,0.230778013291466,0.10125910491346121
task844_financial_phrasebank_sentiment_analysis,0.818840579710145,0.15813024448991989,0.08250403522704106,0.8084484323016433,0.17172933672331508,0.11943556090022242,0.818840579710145,0.15813024448991989,0.08510301003029011,0.8498648783905515,0.09563841594445886,0.032444686040624504,0.8295739348370927,0.12067539527842404,0.07564924651309402,0.818840579710145,0.15813024448991989,0.05477189665131568
task846_pubmed_qa_answer_verification,0.5017958521608157,0.6693905632428411,0.3212013211293896,0.5327635327635327,0.61346572527316,0.3087646074625255,0.3288590604026846,1.0204081632653061,0.48631389650783524,0.5824175824175825,0.5040725967806478,0.2629158317629239,0.6991389148251893,0.2877207220916536,0.2169336018665047,0.5017958521608157,0.6693905632428411,0.23133426063306514
task848_pubmed_qa_intent_identification,0.36000000000000004,0.9230152859960552,0.4565494075687102,0.36000000000000004,0.9230152859960552,0.4501891476899421,0.34210526315789475,0.9615384615384615,0.4971551971411283,0.4590695997115038,0.7065850815850815,0.21344726957998578,0.39117199391172,0.8459689349112426,0.3941847592949081,0.36000000000000004,0.9230152859960552,0.19450743576170715
task875_emotion_sentiment_analysis,0.3031300972477443,0.802939402831393,0.4541374175754588,0.4807534455023694,0.4313705150335853,0.26434219127738723,0.5005759396424359,0.3898476312830123,0.21999887782555036,0.4823153936241032,0.3578747886711887,0.18916473707245932,0.48367602008780425,0.45920485827367996,0.24254205378280363,0.3031300972477443,0.802939402831393,0.2242231367488496
task879_schema_guided_dstc8_dialogue_act_recognition,0.7613860358958398,0.2872127872127872,0.23330636058535845,0.7267759562841529,0.33783783783783783,0.2638444820445782,0.8270776116366596,0.19694161260426318,0.1852795937210845,0.8164014687882497,0.21106941838649157,0.1962895150308234,0.8164014687882497,0.21106941838649157,0.19598123959286254,0.7613860358958398,0.2872127872127872,0.20122147123336662
task880_schema_guided_dstc8_dialogue_act_recognition,0.48921568627450984,0.6009397552442526,0.3319694347736576,0.5885118862285255,0.5038417497405647,0.3229826491213494,0.5508293267249921,0.4386296077578344,0.14077111639465525,0.6241014939149803,0.33153149630488443,0.1935132950042702,0.6102777734356681,0.388475311490411,0.14522637635149002,0.48921568627450984,0.6009397552442526,0.1197813943048868
task881_schema_guided_dstc8_text_categorization,0.8723354213166296,0.21227317797741171,0.20624446342414565,0.8674242424242424,0.2777777777777778,0.13346458591948873,0.8975710594315245,0.21739130434782608,0.11448699197483743,0.7989796911813384,0.23704637892115668,0.306668461669775,0.965091230608472,0.07731958762886598,0.11685617261016526,0.8723354213166296,0.21227317797741171,0.2039749088977264
task888_rotten_tomatoe_sentiment_analysis,0.949753793588584,0.0063564708873633646,0.028879145573019155,0.949753793588584,0.0063564708873633646,0.03393442445999961,0.9697550156265753,0.012865846572704485,0.006550798441854383,0.9597423510466989,0.003354804079441718,0.00940474406731534,0.949753793588584,0.0063564708873633646,0.007096623194065621,0.949753793588584,0.0063564708873633646,0.0014688612001059198
task889_go_emotions_sentiment_analysis,0.6862809438151903,0.34596308238025647,0.17035953977422322,0.507515598411798,0.565314852575512,0.3221720631024041,0.7251515151515152,0.20454119299403692,0.10517254504694787,0.6486917960088692,0.3109752019470817,0.16029569067574723,0.707614398900477,0.3082463966590686,0.11841980500220096,0.6862809438151903,0.34596308238025647,0.15128210227634448
task902_deceptive_opinion_spam_dataset_sentiment_analysis,1.0,0.0,0.00017843190432326184,1.0,0.0,0.00031106615999360043,0.9899507587177168,0.009352787130564894,0.0029382885450666973,1.0,0.0,0.00017827372921341844,1.0,0.0,0.0002763149948469268,1.0,0.0,0.0
task903_deceptive_opinion_spam_dataset_sentiment_analysis,0.9799679487179487,0.0008176347462061719,5.583400485703605e-06,0.9799679487179487,0.0008176347462061719,4.107862459692968e-05,0.9799679487179487,0.0008176347462061719,6.610230108750059e-05,0.9799679487179487,0.0008176347462061719,5.570569374474532e-06,0.9799679487179487,0.0008176347462061719,1.5654042220786257e-05,0.9799679487179487,0.0008176347462061719,0.0
task904_hate_speech_offensive_toxic_language_detection,0.6609107514549084,0.3443441721116186,0.16991362650260894,0.5739200739200738,0.4886137987788454,0.3627063940622497,0.7537932911478533,0.15387072107598002,0.058690831688931966,0.7438112393897214,0.15516279055512197,0.07128809188620946,0.7537932911478533,0.15387072107598002,0.08170677245521535,0.6609107514549084,0.3443441721116186,0.14627861252863666
task905_hate_speech_offensive_toxic_language_detection,0.7582417582417582,0.23051660982695465,0.24091562524849566,0.7676734152007965,0.2385109434432874,0.25838825080176553,0.7734872182073131,0.18654777493712457,0.1946638047490774,0.7640497640497641,0.17788724685276408,0.18705997525372964,0.7707173272191288,0.21252935919020596,0.1940490195515126,0.7582417582417582,0.23051660982695465,0.15068739133782416
task909_dialogre_speaker_identification,0.6605694572932101,0.12979347972691407,0.12906244755347734,0.3428394476069998,1.0603204472862278,0.22322632479182775,0.4799329218135024,0.4779872824227659,0.161712576391217,0.4611436644290211,0.5185597901083759,0.14333095719858252,0.5964281528363807,0.2672085144337902,0.07714957644223365,0.6605694572932101,0.12979347972691407,0.1537115583460606
task923_event2mind_sentiment_analysis,0.42188055074726494,0.07750158157851154,0.08427788052752207,0.3547273982056591,0.7092673288417,0.30994865270287875,0.4278936439147707,0.1995628085965285,0.07015684016005486,0.4198395152706132,0.13882414441967725,0.09832917266374026,0.42188055074726494,0.07750158157851154,0.0652746310766669,0.42188055074726494,0.07750158157851154,0.04684902258661175
task925_coached_conv_pref_speaker_identification,0.8300145701796988,0.1266621003076856,0.03572501775369458,0.4578005115089514,0.8171446191797719,0.3506694183658693,0.7970573313039067,0.1959081902980921,0.09518304092119842,0.8300145701796988,0.1266621003076856,0.019742612021840578,0.7964721845318861,0.04047936692550655,0.04333886619752131,0.8300145701796988,0.1266621003076856,0.032342391237482726
task929_generated_reviews_enth_sentiment_analysis,0.898989898989899,0.07122507122507121,0.007474919790070117,0.8498648783905515,0.004713423831070873,0.026405381138633444,0.8498648783905515,0.004713423831070873,0.019337554244652555,0.898989898989899,0.07122507122507121,0.007764944750432157,0.898989898989899,0.07122507122507121,0.004929755884570564,0.898989898989899,0.07122507122507121,0.006587397651113325
task935_defeasible_nli_atomic_textual_entailment,0.8279178054458953,0.09267840593141799,0.042887492701164376,0.8383838383838383,0.0791742979242979,0.036063022497237696,0.75,0.22351551956815116,0.15553744350368925,0.8279178054458953,0.09267840593141799,0.05386207515823738,0.8389694041867954,0.05532661782661783,0.025178158214226393,0.8279178054458953,0.09267840593141799,0.045996211521579705
task936_defeasible_nli_atomic_textual_entailment,0.7947454844006567,0.10101010101010097,0.07125208790345461,0.7947454844006567,0.10101010101010097,0.07160971757972653,0.7303419264372775,0.2626262626262626,0.184223890290985,0.8164014687882497,0.07144616900714461,0.036047092721191665,0.8164014687882497,0.07144616900714461,0.029877955465290817,0.7947454844006567,0.10101010101010097,0.06252450556027553
task937_defeasible_nli_atomic_textual_entailment,0.7996794871794872,0.03019323671497584,0.024328498360050577,0.7996794871794872,0.03019323671497584,0.02379826548264022,0.7777777777777778,0.20954622403897766,0.13485308712799113,0.8291628982011858,0.004365287235900142,0.022074749065682575,0.8095238095238095,0.01838929643545855,0.07717647184569021,0.7996794871794872,0.03019323671497584,0.019512322300440615
