,macro_f1,rsd,bias_score,cc_macro_f1,cc_rsd,cc_bias_score,dc_macro_f1,dc_rsd,dc_bias_score,looc_macro_f1,looc_rsd,looc_bias_score,affine_macro_f1,affine_rsd,affine_bias_score,temp_macro_f1,temp_rsd,temp_bias_score
task050_multirc_answerability_classification,0.8108448928121059,0.20904524581175157,0.19699955464833252,0.7785829307568438,0.16315144777609653,0.20724809476896333,0.78997899789979,0.04751281829777066,0.11507813233598596,0.8108448928121059,0.20904524581175157,0.19181806933817172,0.801234438748823,0.19997918432282139,0.14499988600373218,0.8108448928121059,0.20904524581175157,0.09844413855931425
task056_multirc_answer_verification,0.5466666666666666,0.39381914381914385,0.2293747719656227,0.5535714285714286,0.30691964285714285,0.11764277190863948,0.5551464948611751,0.48485356583948136,0.3567507185911947,0.5713127099988413,0.182665658856135,0.06960883883619651,0.5552350042072365,0.26140085663895185,0.043514812806236924,0.5466666666666666,0.39381914381914385,0.17175100289581957
task065_timetravel_coherence_classification,0.7999199679871949,0.015024038461538478,0.024323407976626854,0.4456893501592169,0.777092404450895,0.3477637286296121,0.7469379491851402,0.18696581196581197,0.10881085608571392,0.7584541062801933,0.14549595141700405,0.09091652465308211,0.7898108297467721,0.002028562155144426,0.018891446654377475,0.7999199679871949,0.015024038461538478,0.023329225111399426
task066_timetravel_coherence_classification,0.9092650468797259,0.021407164264307065,0.046638409316485246,0.9173212071103762,0.07675748164878594,0.1036832124264111,0.9178981937602627,0.054700734048560136,0.0858407191731261,0.928796663615095,0.02007401200949588,0.010384269340891344,0.8993558776167472,0.03156565656565654,0.028468609925682814,0.9092650468797259,0.021407164264307065,0.046291043433822926
task069_abductive_nli_coherence_classification,0.84998499849985,0.072023992254469,0.030287558546265247,0.8397435897435898,0.10800787597254878,0.11032719827447934,0.8298468621759583,0.09649194933084401,0.09197238572688127,0.8399359743897559,0.08411232819101142,0.08470051342510299,0.84998499849985,0.072023992254469,0.0050193751188527536,0.84998499849985,0.072023992254469,0.03581556756620541
task070_abductive_nli_coherence_classification,0.47665056360708535,0.24825550187869036,0.01893403610180111,0.47733333333333333,0.41283824318777435,0.221220993424258,0.47916666666666663,0.4614145918493744,0.2741088604907327,0.4832575444398512,0.2818035426731079,0.12654194366393273,0.5075871771681237,0.05762369359982322,0.0047667869387721384,0.47665056360708535,0.24825550187869036,0.003736746068190494
task073_commonsenseqa_question_answering,0.708661649657562,0.07533989216049869,0.04829260430585382,0.7246054821606605,0.06866608464889648,0.05317696001419395,0.7101260504201681,0.081029060700519,0.09961175588601584,0.7180791277958862,0.0875976240472372,0.1158868679359866,0.6960703039650408,0.095605868387488,0.041535293743078225,0.708661649657562,0.07533989216049869,0.05045791302119443
task083_babi_question_answering,0.9438300051203278,0.10049508102973334,0.14867243514602121,0.9090807605339256,0.04987873443042943,0.06941361469765892,0.9363338902812587,0.043061945433286654,0.04294707885236107,0.9327679915629528,0.07773609005890014,0.12754383173202732,0.9555431961438637,0.05104826031359188,0.10608076373474021,0.9438300051203278,0.10049508102973334,0.12824587381234676
task092_synthetic_mathematics,0.72,0.16420361247947451,0.040524794743363346,0.7395833333333333,0.21967780588470248,0.11033088145810449,0.719551282051282,0.1071884692574348,0.05471003414691997,0.72,0.16420361247947451,0.027492612427907626,0.72,0.16420361247947451,0.00875619703572994,0.72,0.16420361247947451,0.04293354272401967
task104_semeval_2019_task_10_question_answering,0.3314551610875692,0.6847935944899644,0.16458023515860049,0.22178599908863067,0.44320000378367863,0.10066825658651624,0.31516644363904733,0.2589655230513894,0.05096774368345877,0.3562082726017152,0.5593568337262099,0.12769400351222085,0.31299916457811194,0.5014981322179192,0.10122181032567595,0.3314551610875692,0.6847935944899644,0.05126811880889856
task106_scruples_ethics_classification,0.5967741935483871,0.427781224152192,0.141652564266023,0.5071523019593701,0.6559647979139505,0.2947419831123665,0.6587715776796468,0.05099067599067598,0.03861766749205009,0.6398559423769508,0.0713641826923077,0.007726172608696319,0.5849782366636299,0.22680356366797041,0.10496317084251361,0.5967741935483871,0.427781224152192,0.046768117829609296
task108_cad_toxic_language_detection,0.6010230179028133,0.2406973718449128,0.062035925099812095,0.52,0.5456349206349206,0.16389474053011788,0.6343908479773559,0.15527950310559008,0.022904637767773295,0.5866518802298619,0.35647027172450907,0.10749973742123209,0.6368917937545389,0.18315018315018308,0.10323479089056503,0.6010230179028133,0.2406973718449128,0.059787657040154124
task109_sms_spam_collection_v.1_spam_classification,0.8621323529411764,0.09213759213759214,0.16790249034219948,0.8938554074772969,0.06682506682506681,0.09985456156101355,0.9746321664129882,0.01378929950358519,0.05027311787372324,0.9386578333946755,0.035561877667140813,0.0637745034910085,0.8621323529411764,0.09213759213759214,0.15268597941860987,0.8621323529411764,0.09213759213759214,0.20663994425629964
task1135_x_csr_question_answering,0.6832313708927769,0.09409128130387942,0.193322376894986,0.6418892489624197,0.1426510343585264,0.16110579986268708,0.6420787056081173,0.13260905293196382,0.15633632928089056,0.6849869936826459,0.12030161238498728,0.11966822261394462,0.6715524526650322,0.10738221078521809,0.07240168250642881,0.6832313708927769,0.09409128130387942,0.15849006408827088
task115_help!_need_advice_on_identifying_advice_text_categorization,0.6998799519807923,0.05175983436853002,0.12266792009650729,0.6565656565656566,0.2330063924266823,0.23218856268788352,0.3497730339835603,1.0013019494980644,0.41383365908675357,0.6998799519807923,0.1092707614446745,0.14227699369410354,0.6998799519807923,0.05175983436853002,0.07807020351551328,0.6998799519807923,0.05175983436853002,0.06139631014916874
task1162_coda_19_text_matching,0.3551587301587301,0.9581997863247864,0.45425896782534375,0.3688639551192146,0.8674749163879599,0.34513242572705155,0.34043632673769664,0.9999332264957266,0.4702880511987215,0.5073891625615763,0.3482495069033531,0.13217981758291036,0.3859344224307728,0.8285597381342062,0.32223291738991705,0.3551587301587301,0.9581997863247864,0.11745402520231515
task1163_coda_19_section_classification,0.5467518101658103,0.2995631713875307,0.13774569831446398,0.532940590956442,0.34415887011288493,0.19829331444503273,0.5844945355191257,0.17411933307839367,0.10115314947419865,0.5406522197920264,0.33304789971234783,0.1572089405558339,0.5887106615695923,0.21912462903503513,0.08521436650456063,0.5467518101658103,0.2995631713875307,0.09312825575148659
task1164_coda_19_section_classification,0.6428571428571428,0.3162202380952381,0.21534772005071934,0.6428571428571428,0.3162202380952381,0.23740041564957753,0.6579785352046232,0.29220461658841945,0.19261592415163037,0.7150997150997151,0.20254629629629628,0.09406869146339056,0.7150997150997151,0.20254629629629628,0.09187522359157585,0.6428571428571428,0.3162202380952381,0.1744554965871038
task116_com2sense_commonsense_classification,0.7406369955389562,0.23342670401493928,0.28259006410785753,0.7536945812807883,0.19060255681219856,0.2449557778807359,0.5476190476190476,0.6254114549045424,0.41837157967147764,0.7406369955389562,0.23342670401493928,0.27962552177222466,0.7536945812807883,0.19060255681219856,0.21615782792291371,0.7406369955389562,0.23342670401493928,0.09960776618498562
task1186_human_ratings_of_natural_language_generation_outputs_text_quality_evaluation,0.5783730158730158,0.5371957024343805,0.07973715734360715,0.40711462450592883,0.8068487176240522,0.33853512683464426,0.38811188811188807,0.8420208500400963,0.371528829508623,0.6259934548854604,0.4271965824273406,0.00504363651159484,0.6310763888888888,0.2899249533276461,0.002548171063969429,0.5783730158730158,0.5371957024343805,0.077738189808642
task1187_liar_text_categorization,0.7854997854997855,0.2465780998389694,0.11388077209018219,0.7854997854997855,0.2465780998389694,0.10529008712891846,0.7734872182073131,0.26345828492223655,0.12345163819572083,0.7854997854997855,0.2465780998389694,0.10468417676447059,0.7898276586801177,0.19625603864734295,0.09441479748855006,0.7854997854997855,0.2465780998389694,0.13298008178439336
task1196_atomic_commonsense_classification,0.44554869756250653,0.36917120635899553,0.1538970844364291,0.44821731748726656,0.4227053140096618,0.1780600322202281,0.4357638888888889,0.5065754159957059,0.21449955213087896,0.4190705128205128,0.1763668430335097,0.025661639454702012,0.4318181818181818,0.19396867222954178,0.039752215884250486,0.44554869756250653,0.36917120635899553,0.02231589349135482
task1197_atomic_commonsense_classification,0.5577607593571352,0.30544655033258195,0.14091987037021192,0.45238095238095233,0.5959982971477223,0.2841225696386548,0.5164835164835164,0.3855852685901947,0.18471947453256593,0.5087719298245614,0.06358865385234556,0.10676999275996862,0.5625,0.189683483381462,0.06261889117010702,0.5577607593571352,0.30544655033258195,0.025336220007615234
task1198_atomic_commonsense_classification,0.3710691823899371,0.737251605139744,0.2190429000998126,0.37888198757763975,0.7821413559118476,0.2860407373297245,0.40476190476190477,0.6094997898276587,0.17649614814363623,0.4188034188034188,0.5194259292619948,0.1583875397850566,0.4086523498288204,0.23314466699903222,0.06236524421710876,0.3710691823899371,0.737251605139744,0.04609395683964884
task1199_atomic_commonsense_classification,0.5400400990682863,0.3729057827418484,0.27254595880164667,0.561128526645768,0.43110735418427726,0.37721754865561374,0.5324918186068257,0.36630036630036633,0.26270232803422416,0.5495495495495495,0.16294050776809402,0.103996814029019,0.5906626839252129,0.2110587824873539,0.06310530963301186,0.5400400990682863,0.3729057827418484,0.2066576300088327
task1200_atomic_commonsense_classification,0.3551587301587301,0.7921936624507004,0.31509107179279816,0.3551587301587301,0.7921936624507004,0.31358232879820797,0.3743099006256901,0.7522960224481469,0.2743979691649061,0.46567194273616297,0.05251872878633989,0.09786690394257347,0.396011396011396,0.6167695339288349,0.10639630861030208,0.3551587301587301,0.7921936624507004,0.18905662697859893
task1201_atomic_commonsense_classification,0.6000000000000001,0.4232086321638561,0.33627802137705043,0.6442154336891179,0.3003548200100649,0.25291913869211036,0.5689055764149632,0.48407501360129523,0.3738040215655727,0.6567996567996568,0.047888897757203314,0.044963573701974346,0.6026180458158018,0.2665734687444321,0.16223222151025818,0.6000000000000001,0.4232086321638561,0.11018725516702471
task1202_atomic_commonsense_classification,0.5238095238095238,0.4693848956144039,0.20344823330935002,0.5215311004784688,0.5095817914952555,0.2320047504217475,0.5320855614973261,0.34859619370642553,0.13040099667131352,0.5320855614973261,0.34859619370642553,0.12462296627207853,0.5280995280995281,0.2567105026121419,0.07949032278294044,0.5238095238095238,0.4693848956144039,0.06114353313625062
task1203_atomic_commonsense_classification,0.5132804895007649,0.551899081310846,0.3827866949764075,0.539413080668509,0.4833401892225421,0.33127214802321947,0.5507637017070979,0.4490607431783903,0.3145522238629737,0.5847828526540231,0.22706052117816827,0.14920413432397908,0.6026180458158018,0.2849349106033598,0.11564195798651047,0.5132804895007649,0.551899081310846,0.14033661530711883
task1204_atomic_commonsense_classification,0.5689655172413793,0.5210824600310185,0.2828948284957543,0.6899689968996899,0.24641945525765918,0.13657404260447334,0.6491228070175439,0.312025091344133,0.18625725583111039,0.6376811594202898,0.362547288776797,0.21826294802812354,0.6594551282051282,0.29487816373062276,0.12788803283548345,0.5689655172413793,0.5210824600310185,0.14380944489581368
task1205_atomic_commonsense_classification,0.5716034271725826,0.30246819584988716,0.19986457225221893,0.5008680555555556,0.5806087098740651,0.3223548002927925,0.49558638083228246,0.4848222832967915,0.27430675877120037,0.537037037037037,0.08846662800898047,0.0028647912517226204,0.5392628205128205,0.13455848461870137,0.07143563020438581,0.5716034271725826,0.30246819584988716,0.09410704854231339
task1206_atomic_commonsense_classification,0.3504273504273504,0.9730247739413433,0.3555461067112665,0.376114081996435,0.8846111049293424,0.31558526848667456,0.3994977617643848,0.8001269323178748,0.26022756018312027,0.41333333333333333,0.7094609909787388,0.17206709009749854,0.41927990708478513,0.6641280203091707,0.17321745497040061,0.3504273504273504,0.9730247739413433,0.09132590232972382
task1207_atomic_commonsense_classification,0.7894736842105263,0.01681648627163212,0.07530080305872666,0.8139727159983464,0.14041082439809907,0.04247494948755781,0.6745595331612613,0.3872672427479531,0.2670733537203829,0.7699769976997699,0.09358596315118052,0.15240507550257523,0.7796474358974359,0.028902927453652076,0.050316266117227115,0.7894736842105263,0.01681648627163212,0.032848181295310114
task1208_atomic_commonsense_classification,0.529239460194581,0.6324276816080094,0.21328707590232526,0.39839572192513373,0.9622238061297219,0.3569743605988652,0.44317065181788406,0.8531281365005019,0.2761085070743828,0.6124031007751938,0.4684809285549634,0.15959750165371075,0.6398559423769508,0.2640290037831021,0.10904910556665398,0.529239460194581,0.6324276816080094,0.12067709885917655
task1209_atomic_commonsense_classification,0.4945054945054945,0.49734600115973066,0.22766734178273088,0.4950061721467849,0.5419510236852669,0.26677724253289914,0.4479205005520795,0.7244261158351885,0.3819876013669463,0.565936337329475,0.25124932515677123,0.11087517347653003,0.5746446726838883,0.26298062856792925,0.11889237339378816,0.4945054945054945,0.49734600115973066,0.10811903144670085
task1210_atomic_commonsense_classification,0.8084484323016433,0.07119562721050941,0.058730576583861244,0.7898108297467721,0.14678102155404735,0.10861364807593538,0.5710848415106182,0.5538778455868444,0.3248000283478183,0.8084484323016433,0.07119562721050941,0.05063804429808075,0.8084484323016433,0.07119562721050941,0.024176557497016277,0.8084484323016433,0.07119562721050941,0.049160765300341885
task1211_atomic_commonsense_classification,0.6440513428972063,0.3250654937871031,0.20185850401989797,0.6155585707824514,0.43795442346166985,0.3273801528338683,0.6155585707824514,0.43795442346166985,0.32813498039108524,0.5993589743589745,0.14761137949543748,0.044478501337240406,0.6305418719211823,0.17109500805152977,0.0693772520141622,0.6440513428972063,0.3250654937871031,0.043203173318978716
task1212_atomic_commonsense_classification,0.5876736111111112,0.5134613641366986,0.29121049719056075,0.568536342515765,0.5702496199432712,0.32790447021561087,0.46236559139784944,0.7664629703971333,0.4164035407225106,0.6392190152801358,0.4251669647093172,0.2593120614041073,0.6395839769333744,0.32270018219436125,0.13386162643407262,0.5876736111111112,0.5134613641366986,0.13012903555705133
task1213_atomic_commonsense_classification,0.49993242330044596,0.6829088224437061,0.35855686109248097,0.49993242330044596,0.6829088224437061,0.3477034886849458,0.49993242330044596,0.6829088224437061,0.36501984223364725,0.539413080668509,0.6261180679785331,0.2824161728972493,0.5792763553311696,0.5005806107397295,0.20839013601189094,0.49993242330044596,0.6829088224437061,0.07963247010473595
task1214_atomic_commonsense_classification,0.4802494802494802,0.6094997898276587,0.32617811982678724,0.42984285912946735,0.7128048389509908,0.3859871342528932,0.48677457560205295,0.6129452380460174,0.3375555668863901,0.5783475783475784,0.35262248377002475,0.15114530324688097,0.5623386825272135,0.3373093805773193,0.11790698339350647,0.4802494802494802,0.6094997898276587,0.14382836852662279
task1215_atomic_commonsense_classification,0.5017958521608157,0.6491228070175438,0.4580648688165383,0.4357366771159875,0.8181818181818181,0.4904304082707108,0.49286472461375164,0.6842105263157895,0.467449750583322,0.5477159656264134,0.5666666666666667,0.40640420153086904,0.5495495495495495,0.4482758620689656,0.09577220912798018,0.5017958521608157,0.6491228070175438,0.1733556877489011
task1216_atomic_commonsense_classification,0.5249681381068243,0.6473775951058389,0.27392263785370025,0.5091164095371669,0.6754425908294353,0.30181211553674475,0.4590695997115038,0.7657608497944631,0.3527569283641589,0.5824175824175825,0.5040725967806478,0.1974490005787416,0.630450849963045,0.37399575214701264,0.1799525415647989,0.5249681381068243,0.6473775951058389,0.10702102109730433
task1283_human_ratings_of_natural_language_generation_outputs_text_quality_evaluation,0.6457131288591963,0.14929048542493925,0.06104066670002964,0.6439833180754755,0.18007202881152454,0.07040037625928014,0.33774834437086093,0.9803921568627451,0.38849761364316265,0.4221016629319495,0.7850198903090648,0.17495045401713472,0.6794871794871795,0.03883906503777989,1.2820395254242722e-05,0.6457131288591963,0.14929048542493925,0.04828106725392747
task1284_human_ratings_of_natural_language_generation_outputs_text_quality_evaluation,0.6570417081535569,0.390681816859535,0.21238616819702347,0.41333333333333333,0.8358662613981762,0.41946240690085623,0.3695175438596491,0.9062253743104807,0.42891513074466314,0.6871966346672419,0.3214388700731083,0.10080142745027662,0.6938021328265231,0.26489729222383684,0.03227909231196288,0.6570417081535569,0.390681816859535,0.17435692168277106
task1289_trec_question_understanding,0.14380101049358726,3.3671751485073687,0.48245692724454425,0.5919515669515669,0.4229064209293859,0.22891062779745402,0.693055136078392,0.2801470857312044,0.14842141839308948,0.6291027110459074,0.40493134506042117,0.19235537276694448,0.617673423531271,0.34828422213032767,0.10395355282494793,0.14380101049358726,3.3671751485073687,0.27442957020343567
task1308_multilingual_amazon_reviews_text_categorization,0.6691729323308271,0.09466473156426757,0.018015439686656115,0.6491228070175439,0.05694585526518299,0.13400292877121756,0.6788438378161381,0.108278605559871,0.008082142165431794,0.66996699669967,0.005076657528683121,0.10873922393487179,0.6897207486738064,0.06350366233449903,0.011689059157512727,0.6691729323308271,0.09466473156426757,0.009708135170018783
task1309_multilingual_amazon_reviews_summarization,0.8572011423908609,0.08332397108939069,0.04695343495902468,0.8572011423908609,0.08332397108939069,0.039719490863246776,0.8661311914323963,0.1161456308882595,0.07675536746910328,0.8585858585858586,0.036512751376249826,0.011946841544266062,0.8481627695110842,0.049730036942313115,0.03423350314285947,0.8572011423908609,0.08332397108939069,0.05616379815842576
task1310_multilingual_amazon_reviews_sentiment_analysis,0.6023443223443223,0.2832173526122185,0.13249123212988162,0.5690407718643014,0.35927864409917687,0.2137776943540138,0.6513131313131313,0.2540961556330106,0.05653457491403087,0.5632077477455629,0.3425480441161852,0.18308793818425148,0.6052100840336134,0.2549156637391786,0.10185831689212599,0.6023443223443223,0.2832173526122185,0.11206776313335544
task1311_multilingual_amazon_reviews_sentiment_analysis,0.8191681735985534,0.2525252525252525,0.2265448021845984,0.8191681735985534,0.2525252525252525,0.23154379208682976,0.8748435544430537,0.15527344294467577,0.054337135004063425,0.8422939068100359,0.2003773821535865,0.14013329283718526,0.8588368153585545,0.17757483510908167,0.10157398945560339,0.8191681735985534,0.2525252525252525,0.19972691991769828
task1312_multilingual_amazon_reviews_sentiment_analysis,0.9799679487179487,0.020824656393169536,0.0002372911659078436,0.9799679487179487,0.020824656393169536,0.0005689037942921693,0.9899909918927035,0.010307153164296033,0.007613312703182329,0.9799679487179487,0.020824656393169536,0.00023939069172795868,0.9799679487179487,0.020824656393169536,0.0003667698288137844,0.9799679487179487,0.020824656393169536,0.0
task1313_multilingual_amazon_reviews_sentiment_analysis,0.9592003263973888,0.03531073446327686,0.02595840842671865,0.9391233766233766,0.0540930400288496,0.15146673547538764,0.969309462915601,0.02621002970470032,0.01663421288901254,0.9592003263973888,0.03531073446327686,0.024770449995155847,0.9491404740107823,0.04460303300624442,0.01761610096753896,0.9592003263973888,0.03531073446327686,2.41220016183874e-10
task1328_question_&_answer_zre_question_understanding,0.5863955166280747,0.7965314964632431,0.3918201428225532,0.7451194366635544,0.4684941845852298,0.25968749157956966,0.8111108798608798,0.3678169676769058,0.24008973349376217,0.6028346653346653,0.6263709487336466,0.29630183779518304,0.8481990231990232,0.276164096467886,0.12092653968538868,0.5863955166280747,0.7965314964632431,0.40096636388756807
task1336_equity_evaluation_corpus_gender_classification,1.0,0.0,0.0017530724571384049,1.0,0.0,0.00815357136016645,1.0,0.0,0.004301436311897833,1.0,0.0,0.0017468992475495881,1.0,0.0,0.002992841988036621,1.0,0.0,0.0
task1338_equity_evaluation_corpus_sentiment_analysis,0.8973727422003284,0.18504816320180312,0.14971025353009237,0.9197126436781609,0.10244785362689944,0.03393476936149141,0.9292929292929293,0.12535520733025374,0.07175347114443383,0.9082007343941249,0.16471320021259397,0.10837876126619014,0.9292929292929293,0.12535520733025374,0.08235804588079879,0.8973727422003284,0.18504816320180312,0.17591493747199122
task133_winowhy_coreference_resolution,0.7175436761167486,0.20900888977124835,0.00716247649915272,0.587178241864983,0.5599472990777338,0.3203606866493558,0.44,0.7871064467766117,0.42883520410565446,0.7175436761167486,0.20900888977124835,0.04498833218366738,0.7406369955389562,0.17444981213097152,0.019603222962527034,0.7175436761167486,0.20900888977124835,0.007019218204176669
task1344_rte_textual_entailment,0.7874278773155178,0.17952775073028238,0.1250028045706197,0.44147644487615345,0.819088319088319,0.3759376554919437,0.3453985367731998,1.000784929356358,0.41195192821502696,0.7777777777777778,0.1684746877054569,0.09649861180492572,0.7785829307568438,0.14279257067718604,0.07004420949113316,0.7874278773155178,0.17952775073028238,0.10794237292854694
task1346_cola_grammar_error_detection,0.7159090909090908,0.2069978632478633,0.20787584559312797,0.7050147492625369,0.22345612134344528,0.22840752118892907,0.32432432432432434,1.0416666666666667,0.4442704341150022,0.7159090909090908,0.2069978632478633,0.18733942496902417,0.7266929851199515,0.19099051633298209,0.12377505314776915,0.7159090909090908,0.2069978632478633,0.09941716808338563
task1347_sts_b_text_matching,0.4824313544449461,0.5613523093822159,0.11833710561991428,0.5228815628815628,0.442698520524211,0.06871732132659523,0.3550319895873435,0.6601863220680856,0.19116843909648273,0.5246392496392497,0.4330070094218825,0.07277280580054571,0.5168184255684256,0.47606749388428676,0.07275159885445705,0.4824313544449461,0.5613523093822159,0.13312025848889825
task1354_sentence_compression_text_matching,0.9899749373433584,0.009529254812273678,0.037854484677521616,1.0,0.0,0.010489913722430133,0.9595959595959596,0.04432624113475178,0.14754615889238723,0.9899749373433584,0.009529254812273678,0.03700843860587652,0.9899749373433584,0.009529254812273678,0.039066563799598525,0.9899749373433584,0.009529254812273678,0.04009930390357397
task1361_movie_rationales_sentiment_analysis,0.8563218390804598,0.14628056052474658,0.117548534202354,0.9499549594635172,0.008434547908232148,0.023530690994048253,0.9499549594635172,0.008434547908232148,0.027539004826147268,0.9194847020933977,0.047031772575250846,0.08744003578419782,0.9191919191919191,0.06880574136008918,0.09610353432085056,0.8563218390804598,0.14628056052474658,0.11757216312140484
task1384_deal_or_no_dialog_dialogue_state_tracking,0.7807017543859649,0.22203325774754348,0.14175440847422877,0.7635933806146572,0.2462229871868426,0.16875015551793665,0.7741389045736872,0.2515589569160998,0.18099676739182038,0.8133333333333332,0.17534145441122181,0.12075816414917409,0.8119122257053292,0.11087768440709617,0.08189612894366749,0.7807017543859649,0.22203325774754348,0.1337939320765602
task1391_winogrande_coreference_resolution,0.82,0.12175324675324675,0.04471557180920721,0.8782467532467533,0.01660271546635185,0.08248016549340093,0.8787878787878788,0.006456611570247928,0.02931172578475938,0.8891017239641092,0.019152196118488236,0.0004191504391142242,0.8696741854636592,0.06344230482161516,0.049282553413213526,0.82,0.12175324675324675,0.054831344356853995
task1393_copa_cause_effect_classification,0.8894583458948849,0.058675155455440574,0.0023498068126819593,0.9199679871948779,0.0017398263653286995,0.01985364951634183,0.9299929992999301,0.009251012232850181,0.02814682527740206,0.8894583458948849,0.058675155455440574,0.002099137256986988,0.8998397435897436,0.024454226134898387,0.003791049456223994,0.8894583458948849,0.058675155455440574,0.0046196317230924044
task1408_dart_text_matching,0.8553121124431583,0.14984175590264484,0.03992477707323744,0.8205046985534791,0.21789284798769545,0.20853303220657687,0.8205046985534791,0.21789284798769545,0.20800114291272845,0.8553121124431583,0.14984175590264484,0.027461409730113073,0.8455359901143034,0.14050582095543956,0.008779098504899774,0.8553121124431583,0.14984175590264484,0.008513866539350823
task1418_bless_word_relation_classification,0.6429118910043888,0.26917472571670015,0.32001746361537153,0.7004041878025619,0.31609349384038127,0.3163284319184711,0.6832953832953833,0.23863143270949172,0.2758756522184597,0.7383975812547242,0.17867618037615365,0.2864297151122207,0.7686852154937261,0.1321491875912741,0.21949338200606858,0.6429118910043888,0.26917472571670015,0.26734702929941767
task1429_evalution_word_relation_classification,0.4759511240554992,0.5513489894234798,0.22924482874179292,0.4817823234489901,0.5838939077730836,0.24422475045853473,0.4597189509017466,0.5369460139655765,0.2012633789899635,0.37282878901591604,0.8271663884375376,0.3220751537294394,0.4511136497247608,0.49974994140324264,0.10539852157592008,0.4759511240554992,0.5513489894234798,0.18264009785091465
task1431_head_qa_question_answering,0.6657248457248457,0.11372239936233144,0.10898767775437873,0.6849828920126402,0.08305598418347784,0.07250478170607834,0.6717623329325456,0.07386097919677025,0.09736022497195376,0.63875,0.2414772727272727,0.15567039905906327,0.6704732148095992,0.09469377130800055,0.05449944918279122,0.6657248457248457,0.11372239936233144,0.10196308646024015
task1434_head_qa_text_categorization,0.3244411632008531,0.7635823690882872,0.37610887850491515,0.49712503396007235,0.5460029236226741,0.24811493489379632,0.5534698199597458,0.40712355169712433,0.1644390649652211,0.5465354965354966,0.3271677638598279,0.20136121285746306,0.6433460554714273,0.23885398942452649,0.10194268163759165,0.3244411632008531,0.7635823690882872,0.22718355461874037
task1439_doqa_answerability_classification,0.677938808373591,0.07777149321266964,0.019318845510364058,0.677938808373591,0.07777149321266964,0.03480407046299738,0.5829518868884143,0.2607561929595828,0.18149662485489548,0.6683750376846548,0.06458094144661311,0.03876722810640226,0.677938808373591,0.07777149321266964,0.012335732765059088,0.677938808373591,0.07777149321266964,0.019877834715335718
task1442_doqa_answerability_classification,0.6329757199322417,0.267828528698094,0.01509494390859989,0.609375,0.1446922642574817,0.16449787124271043,0.6018474279343845,0.38584603801995104,0.08662335119091269,0.6053333333333333,0.202109829439022,0.19227736816975527,0.6343908479773559,0.03559767264871235,0.0625751278332072,0.6329757199322417,0.267828528698094,0.008191968076200706
task1488_news_headlines_dataset_for_sarcasm_detection_text_categorization,0.32432432432432434,1.0416666666666667,0.3904206620848847,0.595959595959596,0.12686965811965814,0.19554163669803026,0.5604395604395604,0.5408653846153847,0.24051103449429223,0.68,0.04006410256410258,0.06768273578285408,0.6736026111791106,0.24627639517345393,0.1689230539993399,0.32432432432432434,1.0416666666666667,0.08465571637842137
task1495_ade_corpus_v2_text_categorization,0.5555555555555556,0.5940080950412953,0.23818096342478978,0.7874278773155178,0.15930422802032207,0.04925639787493957,0.7992773986350863,0.09503801520608243,0.020535675236398515,0.7519636213311285,0.25694488321644443,0.11359331185839244,0.7874278773155178,0.15930422802032207,0.0565160310966559,0.5555555555555556,0.5940080950412953,0.16252424250300299
task1500_dstc3_dialogue_state_tracking,0.8088791322968538,0.2167522824227413,0.13439930307086956,0.73172028909483,0.4046638830334471,0.16019043803116884,0.8393724696356275,0.22630408735389315,0.08884810956384549,0.818358988328434,0.22226777552295895,0.05293307109914318,0.8512064696275222,0.12672760290320995,0.07644891567738317,0.8088791322968538,0.2167522824227413,0.06901163802346753
task1501_dstc3_dialogue_state_tracking,0.862738887129131,0.039156246052797765,0.06287582696848201,0.8139727159983464,0.08844813722862499,0.0038150506481404722,0.8528793610760823,0.04855609506772293,0.06076827407055371,0.7564935064935066,0.15615962984384033,0.08696528709203571,0.8333333333333334,0.0680272108843537,0.009786600376732846,0.862738887129131,0.039156246052797765,0.053616795243053045
task1502_hatexplain_toxic_language_detection,0.17647058823529413,1.3094570021973102,0.575105865038666,0.3371271550768958,0.9060335625226794,0.39867056944668894,0.45530273169216806,0.3125129867251054,0.16297547797119694,0.6085987061114252,0.30299196653336324,0.08579531449342967,0.5637894170454385,0.2903891560557871,0.15944340898328982,0.17647058823529413,1.3094570021973102,0.1255409539844194
task1503_hatexplain_toxic_language_detection,0.17030501089324618,1.484370938302809,0.6304251756425451,0.6691652450546973,0.38028172449062675,0.20894143574838953,0.6720107962213226,0.3943678233484569,0.21595446296902884,0.681286701602491,0.31192030590578984,0.22602301159845892,0.7213812298812299,0.2992983008376342,0.18986426611758644,0.17030501089324618,1.484370938302809,0.37183873520524013
task1505_root09_word_relation_classification,0.7107411773578315,0.3301453980729935,0.23098226455446882,0.5926882798466576,0.39683682198583525,0.214966116408065,0.6699121027721433,0.1587301554233081,0.10754100111246323,0.6737373737373736,0.36990834013127133,0.15356776459869548,0.7682952456002101,0.0928341637031075,0.03652146526534,0.7107411773578315,0.3301453980729935,0.23391885077432217
task1516_imppres_textual_entailment,0.7900341204689031,0.1778009597153062,0.21421240513654788,0.8533215169306895,0.14233936845584935,0.18120349554044207,0.7216884432689904,0.35070483757326265,0.21971305351845632,0.9008550788736547,0.037798900518243174,0.04497123943816059,0.8146628563652447,0.12505081672832385,0.16368414201467474,0.7900341204689031,0.1778009597153062,0.20829013628931736
task1517_limit_information_extraction,0.7546666666666666,0.18836732423023736,0.030239851980867732,0.7395833333333333,0.23298760978333222,0.09045613051678023,0.587178241864983,0.5062868587960386,0.23682674880055163,0.7593890574327858,0.13538073513593707,0.020308965595700224,0.7331691297208538,0.07773991862119159,0.006802359181000472,0.7546666666666666,0.18836732423023736,0.017652103462452023
task1529_scitailv1.1_textual_entailment,0.6296711929076422,0.4925373134328358,0.2887446489005919,0.8028841166096068,0.2345679012345679,0.20649865095674344,0.5238095238095238,0.6666666666666667,0.3360433432961414,0.7916666666666667,0.25,0.21137832970021103,0.8028841166096068,0.2345679012345679,0.22374692361306034,0.6296711929076422,0.4925373134328358,0.19455319916028516
task1531_dailydialog_dialogue_act_recognition,0.31992914578483495,0.9679446396574091,0.3889224543048989,0.5397423695986108,0.25895235131958305,0.11420349889404592,0.5472036515755727,0.1704186596702795,0.13786444748087973,0.4296333556896937,0.3432670038938039,0.25331501384202804,0.5649830743409563,0.20386452623793352,0.13443683766071837,0.31992914578483495,0.9679446396574091,0.1609370361227927
task1533_dailydialog_dialogue_act_recognition,0.47443860487338746,0.5833925610045012,0.1774582873787468,0.5512035903712771,0.23561507936507936,0.1492700924566821,0.2854140395124002,1.3981894841269842,0.3970618008284881,0.5501621508525996,0.08876357560568095,0.10383932820758279,0.5320855614973261,0.13854679802955663,0.04922824174889362,0.47443860487338746,0.5833925610045012,0.11612214941723709
task1534_dailydialog_dialogue_act_recognition,0.6794871794871795,0.03883906503777989,0.02581475566354738,0.5659722222222222,0.48686141123115917,0.25724923027064905,0.45238095238095233,0.7610451588042624,0.32887576586608985,0.6798719487795117,0.04943153732081066,0.045640353984840676,0.6798719487795117,0.04943153732081066,0.017441547015016212,0.6794871794871795,0.03883906503777989,0.03610485212907488
task1535_dailydialog_sentiment_analysis,0.5118845500848896,0.42461429016050856,0.13568776982640327,0.5166036149642708,0.3875624323803596,0.11145021846879893,0.5998399359743898,0.05335467520341475,0.07668306851806306,0.5442708333333334,0.5029598046114998,0.13919576562209302,0.557203171661003,0.27835695681781486,0.02906828975967457,0.5118845500848896,0.42461429016050856,0.112971705628578
task1536_dailydialog_sentiment_analysis,0.5932348533504603,0.4840786134738315,0.21281935457832848,0.2531969309462916,1.7112048757618377,0.11718786033269302,0.6446900908014213,0.13748173103123684,0.018408925772696677,0.2531969309462916,1.7112048757618377,0.12197581490319231,0.6446900908014213,0.13748173103123684,0.010000149102847855,0.5932348533504603,0.4840786134738315,0.0868794628725279
task1541_ag_news_text_categorization,0.7138811712618287,0.37080250058248904,0.19050209034827867,0.6871051653660349,0.4367268436965733,0.24629100951638316,0.730295858877269,0.3417612713264054,0.22329253931182266,0.7461336724973405,0.3136714005941999,0.1443924800439238,0.7461336724973405,0.3136714005941999,0.10046531349549806,0.7138811712618287,0.37080250058248904,0.16120247624784684
task1548_wiqa_sentence_ordering,0.5793269230769231,0.4624214351440292,0.13113132110187492,0.6594551282051282,0.3159135452215507,0.08954221418847022,0.2647058823529412,1.4486391571553994,0.3836910504428973,0.7064480210547626,0.20926099336862422,0.055359005007245304,0.7442455242966752,0.15829941203075526,0.04430058478415422,0.5793269230769231,0.4624214351440292,0.04892213884276053
task1554_scitail_textual_entailment,0.7057587221521648,0.34610933048433046,0.22433691919038093,0.6396986570586308,0.47359357060849594,0.2974814253411488,0.3453985367731998,1.000784929356358,0.4329980880838332,0.7987117552334944,0.14022435897435895,0.07193691426808019,0.7536945812807883,0.2509278002699056,0.1619815061896482,0.7057587221521648,0.34610933048433046,0.19855871616049003
task1559_blimp_linguistic_probing,0.5066495066495067,0.5223171889838556,0.2215267626287711,0.6236395076797885,0.16661579161579154,0.09785888913529706,0.34210526315789475,0.9615384615384615,0.42529518920196585,0.5331069609507639,0.4693223443223443,0.19923084460612617,0.614448051948052,0.23392266335814724,0.1297578071445384,0.5066495066495067,0.5223171889838556,0.050221196495081916
task1560_blimp_linguistic_probing,0.9099189270343309,0.03296703296703293,0.11330170217669155,0.92,0.0,0.07983845587058369,0.4357366771159875,0.8181818181818181,0.32702883811033207,0.9299929992999301,0.01075268817204296,0.06810299544523002,0.9199679871948779,0.021739130434782566,0.09117666989727849,0.9099189270343309,0.03296703296703293,0.11465690672735507
task156_codah_text_completion,0.8581481481481481,0.10106434450211237,0.06575470700105644,0.8295063242344043,0.09101435845483363,0.09048677319190537,0.8489534275248561,0.10405497701455883,0.02078206861390197,0.8377631245735009,0.09761884268019726,0.05892116783803748,0.8477314814814815,0.10705902735653365,0.03522242762740399,0.8581481481481481,0.10106434450211237,0.05180092675546802
task1583_bless_word_relation_classification,0.849624060150376,0.03883906503777979,0.05897043563434243,0.8286117552172598,0.0884691225887946,0.11174324517692094,0.8067338012409724,0.14055004717936553,0.17210347994164235,0.8492613807657522,0.06237789233340396,0.06912342120705525,0.849624060150376,0.03883906503777979,0.0348165304576461,0.849624060150376,0.03883906503777979,0.05434511361260422
task1584_evalution_word_relation_classification,0.9058478920389161,0.09258387471361765,0.03676863923694684,0.8949138293400589,0.10653248107348473,0.11163086381745377,0.8949138293400589,0.10653248107348473,0.12109516077503477,0.9058478920389161,0.09258387471361765,0.03841043316101578,0.9273783587509077,0.06558657208161688,0.02715095379516219,0.9058478920389161,0.09258387471361765,0.0367486622005615
task1587_scifact_text_matching,0.9099189270343309,0.06771006771006771,0.007647579661401893,0.8899889988998899,0.08966065145840423,0.03487767031274239,0.6392190152801358,0.4683195592286501,0.2342096938947502,0.9298245614035088,0.046703595090691864,0.017335591139402556,0.9198717948717949,0.05709266578831797,0.03624592556850034,0.9099189270343309,0.06771006771006771,0.0019680181731095425
task1589_scifact_text_quality_evaluation,0.3197278911564626,1.0638297872340425,0.4720749063986358,0.4171928120446819,0.8708272859216255,0.25309019852624015,0.3197278911564626,1.0638297872340425,0.49940421446625227,0.6010230179028133,0.3070068640548597,0.04628396228594833,0.5659722222222222,0.5285695169276061,0.16703288251162496,0.3197278911564626,1.0638297872340425,0.1053904999928825
task1592_yahoo_answers_topics_text_categorization,0.5129333653606633,0.6201470023490092,0.15343428800484044,0.459607376289772,0.7096886628985578,0.25319782902775223,0.5114523809523809,0.6055399820231947,0.1699650685303785,0.5322050386320163,0.5932299357433899,0.1658115780083859,0.5557788802244337,0.5505200503344532,0.06721905976076953,0.5129333653606633,0.6201470023490092,0.17652994984198295
task1593_yahoo_answers_topics_text_categorization,0.43015725451019565,0.4585603263232171,0.08296037500020717,0.43383555205805846,0.4744573988424841,0.2588375765074017,0.4338205571020216,0.42315320804745976,0.1576588285886534,0.44545787545787546,0.40114501921095375,0.1385402255503626,0.44999323625244925,0.4145675006329528,0.054654550751986795,0.43015725451019565,0.4585603263232171,0.1103484941153409
task1599_smcalflow_speaker_identification,0.796037296037296,0.22240487356766428,0.08520777448772668,0.9007936507936507,0.0022597848684805205,0.055913032360682735,0.8400000000000001,0.11458136458136461,0.008666345432843808,0.796037296037296,0.22240487356766428,0.0452237230040094,0.8306041784302653,0.17364392364392361,0.0591326580518641,0.796037296037296,0.22240487356766428,0.10724561396789431
task1604_ethos_toxic_language_detection,0.7882851093860268,0.09396163528702621,0.1569609621800383,0.742559983523839,0.24676537281579303,0.0820074509912439,0.8076728413807066,0.11584880865926617,0.17819193364556007,0.7996794871794872,0.03001200480192076,0.10669975074530133,0.7882851093860268,0.09396163528702621,0.1116429180348277,0.7882851093860268,0.09396163528702621,0.15088393933671052
task1612_sick_textual_entailment,0.6994949494949495,0.4480820615535915,0.13256024453033385,0.6849005216267369,0.4475274756422513,0.2741865929657129,0.6760381593714927,0.4796636431976292,0.22076165535398556,0.8361679600069692,0.21914217884194417,0.04606535791036981,0.8260735248687056,0.2173615965904206,0.044346680621569184,0.6994949494949495,0.4480820615535915,0.1408594090810821
task1615_sick_textual_entailment,0.7543376710043376,0.2555546025847752,0.10171607559362857,0.5023184116413861,0.6677699446830909,0.3260894552765403,0.5325174987252584,0.6399300836995706,0.22403795623809408,0.7880673599170284,0.16589270744683016,0.0467930434040596,0.7754629629629629,0.1745620864977456,0.038115770396338094,0.7543376710043376,0.2555546025847752,0.19150758807386106
task1623_disfl_qa_text_quality_evaluation,0.3670886075949367,0.8620689655172414,0.408028585795357,0.8249407887962105,0.045996795062021464,0.02604575068361803,0.4188034188034188,0.8972554539057002,0.4290713578522468,0.6754417598269022,0.41219605461457137,0.23119303043499004,0.7993876042656531,0.1272071195442843,0.16770356129495018,0.3670886075949367,0.8620689655172414,0.11980919762463249
task1624_disfl_qa_answerability_classification,0.6010230179028133,0.08815849686398013,0.08160286386734461,0.4276736617663562,0.855366777252773,0.3206548314236255,0.29577464788732394,1.1904761904761905,0.4040418294894746,0.5983935742971888,0.12180677810977414,0.05186624731069009,0.6236395076797885,0.04756691948810174,0.07608713167434383,0.6010230179028133,0.08815849686398013,0.0482177564743107
task1630_open_pi_text_categorization,0.4202526941657377,0.8267109308802245,0.34207837401062463,0.6522022760804598,0.3947132894925007,0.15119334214175814,0.6033004155199395,0.40319894953351365,0.1426664783641695,0.7124626758745904,0.2562005838942766,0.125646636458355,0.6869186187218974,0.21378382369610607,0.03921854986167472,0.4202526941657377,0.8267109308802245,0.31733953125842984
task1640_adversarial_qa_answerability_classification,0.6621621621621622,0.4168260925017681,0.13527967668162863,0.6446900908014213,0.4410477013216739,0.18050219015514557,0.6266666666666667,0.46594213260879924,0.21080031192717485,0.7303419264372775,0.10725010725010724,0.019719353479798807,0.7303419264372775,0.10725010725010724,0.06630797618258552,0.6621621621621622,0.4168260925017681,0.10726854607725683
task1645_medical_question_pair_dataset_text_matching,0.35064935064935066,0.9259259259259258,0.4570190936160111,0.86,0.08051529790660229,0.018401320904456592,0.525101763907734,0.6704980842911878,0.4114039365938957,0.8787878787878788,0.03385302298345779,0.06527304280133639,0.8886526976414617,0.043876314027755166,0.10446504426349212,0.35064935064935066,0.9259259259259258,0.18802000373923705
task1661_boolq_question_answering,0.8799519807923168,0.057641633728590255,0.04536071754345419,0.8699869986998701,0.06894700797749279,0.07834466173502097,0.7882851093860268,0.19517315884954853,0.23240849737337713,0.8996386993175431,0.01341921631776704,0.005848171364441268,0.8799519807923168,0.057641633728590255,0.028780838085568305,0.8799519807923168,0.057641633728590255,0.047303616453678476
task1712_poki_text_categorization,0.5765104460756635,0.48782063707436846,0.2838398810900593,0.54226426609704,0.1171826816331565,0.10883060162232533,0.5951417004048583,0.3412381781729075,0.12663175343447186,0.5623386825272135,0.22725419104181033,0.040534968937192356,0.5920515857349651,0.4185266028225145,0.22085990760628604,0.5765104460756635,0.48782063707436846,0.09523608761950167
task1720_civil_comments_toxic_language_detection,0.62996299629963,0.02416564916564917,0.03148625253882284,0.4022869022869023,0.8502492877492877,0.43800671915519707,0.62996299629963,0.05596255596255594,0.05835097174276649,0.6921182266009853,0.18887362637362634,0.08139325183483556,0.6394230769230769,0.0225360576923077,0.01277499001982596,0.62996299629963,0.02416564916564917,0.030610675957041478
task1721_civil_comments_toxic_language_detection,0.7999199679871949,0.06510416666666664,0.033317436136204526,0.3453985367731998,1.000784929356358,0.44933049681535375,0.6862030569895738,0.11961166852471207,0.06451495360824983,0.7681217864704104,0.15713453213453216,0.12074308819604967,0.7999199679871949,0.06510416666666664,0.025328412524838473,0.7999199679871949,0.06510416666666664,0.0022388735201311905
task1722_civil_comments_toxic_language_detection,0.5746446726838883,0.30215476020916837,0.1280521889508037,0.37629937629937626,0.9034382983962815,0.40058318753520106,0.5757575757575757,0.15247478301665493,0.0639232881557027,0.5361881134721174,0.4538657568290474,0.2262816405985491,0.5849782366636299,0.1665072808784531,0.04623969058434704,0.5746446726838883,0.30215476020916837,0.03020321982170615
task1723_civil_comments_toxic_language_detection,0.64996499649965,0.035398774894573194,0.08381946728760689,0.47619047619047616,0.7345795461041559,0.35763455507289593,0.6659580929243851,0.14423679919729082,0.16534870334002716,0.6643271284711627,0.21411549694504667,0.030270175537346622,0.6598639455782312,0.05032315956685705,0.039862881694367996,0.64996499649965,0.035398774894573194,0.05036840188279268
task1724_civil_comments_toxic_language_detection,0.6587715776796468,0.009182736455463704,0.0587178743494102,0.48677457560205295,0.7103825136612022,0.3435999206609546,0.6186270574066639,0.1987618116650375,0.19482450238815138,0.6587715776796468,0.009182736455463704,0.07054691389686066,0.6587715776796468,0.009182736455463704,0.05083306098922494,0.6587715776796468,0.009182736455463704,0.06552614947036889
task1725_civil_comments_toxic_language_detection,0.7286704853783539,0.055979978925184436,0.0038359118620426014,0.34210526315789475,0.9615384615384615,0.4589883798820569,0.7297567811029927,0.0010976466455918472,0.06638511006750525,0.7286704853783539,0.055979978925184436,0.0008927461404448778,0.7286704853783539,0.055979978925184436,0.01370775417263087,0.7286704853783539,0.055979978925184436,0.022320066893323776
task190_snli_textual_entailment,0.5,0.6265072874069414,0.35002188631056347,0.6138996138996139,0.09608957219251332,0.055503869805993755,0.3902439024390244,0.7575757575757576,0.4521761255397788,0.6112852664576802,0.3700689762070836,0.1615684216781991,0.6323529411764706,0.23330187690049278,0.08608252398890501,0.5,0.6265072874069414,0.12426864088667222
task195_sentiment140_sentiment_analysis,0.769792813532179,0.038961038961038995,0.08347468369474098,0.7497747973175859,0.040000000000000036,0.1385368594757261,0.7599039615846338,0.026315789473684233,0.1261566905666203,0.769792813532179,0.038961038961038995,0.0821511279199795,0.769792813532179,0.038961038961038995,0.07648158197177057,0.769792813532179,0.038961038961038995,0.07684862782810037
task196_sentiment140_sentiment_analysis,0.7699769976997699,0.09358596315118052,0.09604248000353599,0.7599039615846338,0.10700059327061612,0.10702333511120415,0.7599039615846338,0.10700059327061612,0.10744213983724557,0.7596153846153846,0.13348588863463007,0.1185148513675437,0.7699769976997699,0.09358596315118052,0.08768817213288987,0.7699769976997699,0.09358596315118052,0.08851513794633403
task197_multinli_text_categorization,0.2076638850832399,0.9819499747713533,0.5160449425524829,0.44594633208479867,0.3883673848350482,0.1627952508880359,0.399656862745098,0.6757421873217128,0.22374790971452654,0.40856862745098044,0.5302035193621891,0.18709755113612347,0.43342266595200574,0.3590171422441238,0.1966672783602597,0.2076638850832399,0.9819499747713533,0.2666599950361327
task198_multinli_text_categorization,0.16849004653882704,1.2278516934433654,0.15765975617423061,0.1362087912087912,1.134216152676259,0.1656584740448287,0.2088078588078588,0.570733388455533,0.057927607331749245,0.19842918491675107,0.8339478399527931,0.10304452579513991,0.26316261968401544,0.3768504302338829,0.004932652142722427,0.16849004653882704,1.2278516934433654,0.025796837061944355
task199_multinli_textual_entailment,0.6031746031746031,0.25676937441643327,0.16913893770242938,0.5733333333333333,0.36618814192343596,0.2317857616321497,0.541093032957864,0.43532338308457713,0.27476891921540836,0.6021049929405724,0.29905682079595125,0.2162389363841949,0.6178622120318812,0.007631257631257604,0.03967559994294184,0.6031746031746031,0.25676937441643327,0.09455742067757966
task200_multinli_textual_entailment,0.9494505494505495,0.014103115134978349,0.03762374581666736,0.9505999688327879,0.03727353445608762,0.03807123283862948,0.9601156591668926,0.029135431070588767,0.03992244421105362,0.9494505494505495,0.014103115134978349,0.033281572441038326,0.9494505494505495,0.014103115134978349,0.03220127464652456,0.9494505494505495,0.014103115134978349,0.037421162478116665
task201_multinli_textual_entailment,0.11624297141046963,0.8388788357517422,0.04761174974305174,0.18255020376098594,0.6567547562068038,0.15534342152457215,0.13192658120194353,0.48526158606196956,0.07872135032699407,0.14881630412406507,1.0701075059422054,0.11276796457433884,0.13990652796622946,0.4133703673597986,0.007715899630198864,0.11624297141046963,0.8388788357517422,0.007455237504541384
task202_multinli_textual_entailment,0.6119014124778407,0.24525942025126932,0.1676172327875357,0.6045094792366725,0.31069401370399724,0.2992988637428087,0.6119014124778407,0.24525942025126932,0.1766211714460027,0.6160486848257717,0.20469493773307096,0.12117117654329634,0.6065551558509304,0.1454800171897877,0.07311398167132993,0.6119014124778407,0.24525942025126932,0.09062435115896744
task204_multinli_text_categorization,0.6579785352046232,0.1569885559104994,0.026434939381058342,0.6396986570586308,0.015585018085869833,0.07971276873908728,0.6483516483516483,0.025712081821558146,0.07224371058386803,0.6754417598269022,0.1719813448475454,0.05902400075432862,0.6381727725011307,0.09713453132588641,0.009642160198545746,0.6579785352046232,0.1569885559104994,0.024489020913139647
task209_starcon_stance_detection,0.4553710798921527,0.600662760980187,0.4515605853179526,0.6040305010893247,0.33255746015042104,0.20120540452593583,0.7136766568172225,0.30417101064321145,0.2506388198298114,0.6610401891252955,0.3255456797485507,0.2607054955609277,0.5931107708732966,0.29697624169734543,0.10036175841154125,0.4553710798921527,0.600662760980187,0.34209024694679924
task211_logic2text_text_to_code,0.7266929851199515,0.25321710253217106,0.21045554405537759,0.6427070197562001,0.43771043771043766,0.29494528930879427,0.5320855614973261,0.6583072100313481,0.3716297336876837,0.6427070197562001,0.43771043771043766,0.2855803812030686,0.6998799519807923,0.07215007215007214,0.08121392703540109,0.7266929851199515,0.25321710253217106,0.1392841331538993
task212_logic2text_text_to_code,0.462247143905251,0.812521113674956,0.3548453835787655,0.7833148546775031,0.38427008317108846,0.18848957031320873,0.8170252673299334,0.30475114986294777,0.13200858421816342,0.6105442176870748,0.587342091468526,0.3070934348741061,0.8094769791974762,0.3053450718624843,0.18346278422899803,0.462247143905251,0.812521113674956,0.31968765336799143
task213_rocstories_text_completion,1.0,0.0,0.011502600583886191,1.0,0.0,0.0031350898184243914,0.9899183385421918,0.009182736455463731,0.07682561817181374,1.0,0.0,0.011363544568914419,1.0,0.0,0.014432760666763383,1.0,0.0,1.3940426313308052e-09
task214_rocstories_text_completion,0.797077922077922,0.13005202080832334,0.07101511741202818,0.6961805555555556,0.36903650349028494,0.23057062974857817,0.7175436761167486,0.26777834421439806,0.16093868069783748,0.797077922077922,0.13005202080832334,0.06505562910371093,0.7777777777777778,0.1082484275761587,0.06678719955815302,0.797077922077922,0.13005202080832334,0.07080087454814998
task220_rocstories_title_generation,0.9797979797979798,0.018221574344023318,0.0009013359599462645,0.9697550156265753,0.027614138438880723,0.014435049188837201,0.9797077922077921,0.0024847601378213276,0.006422781598072774,0.9797077922077921,0.0024847601378213276,0.0023905764553466546,0.9797979797979798,0.018221574344023318,0.0011222388491511637,0.9797979797979798,0.018221574344023318,1.5276668818842154e-13
task221_rocstories_text_completion,0.49464914170796526,0.604617769320467,0.4040864017560405,0.6139903329752954,0.4209636684775755,0.2499963450629713,0.7030061892130858,0.18195443551940943,0.16817660739986878,0.6506744541788346,0.31894852609354873,0.3082536768146019,0.6672008547008548,0.24801160811108916,0.23760435051382592,0.49464914170796526,0.604617769320467,0.26102499158447845
task224_scruples_ethics_classification,0.6245306633291614,0.33742693716422373,0.06674971454172013,0.5713127099988413,0.16146827410145523,0.020411950001929524,0.455535390199637,0.6501810498808058,0.29973072827969727,0.5464100011063171,0.08298291325920772,0.03973155670182282,0.5604395604395604,0.050735667174023336,0.01830445606510589,0.6245306633291614,0.33742693716422373,0.0911616171672005
task226_curated_from_stack_overflow___english._answerability_classification,0.36580416032470825,0.9615384615384616,0.35148484322769274,0.47150735294117646,0.7077991452991452,0.19562330658485713,0.32432432432432434,1.0416666666666667,0.44507754081792716,0.4109868974636375,0.8452740070387129,0.23816168691857048,0.5538956323270048,0.37393162393162394,0.07134399864729385,0.36580416032470825,0.9615384615384616,0.1606829628241634
task227_clariq_question_understanding,0.8693598633303186,0.00046273159716438286,0.08650821912305204,0.898538961038961,0.05367686527106816,0.12531502781471712,0.898538961038961,0.05367686527106816,0.13106339393442792,0.8693598633303186,0.00046273159716438286,0.06777914045604061,0.8693598633303186,0.00046273159716438286,0.07231349444154592,0.8693598633303186,0.00046273159716438286,0.07729072512508964
task228_arc_question_answering,0.9407592824363787,0.043889681061974925,0.015852422511970096,0.950359584095504,0.042164304149628865,0.03782038714408291,0.9407441994801193,0.043889681061974925,0.052854301250580785,0.8934671694764862,0.07239846000265215,0.1074528760037805,0.9407592824363787,0.043889681061974925,0.020304674217156968,0.9407592824363787,0.043889681061974925,0.00012175768828906475
task229_arc_question_answering,0.8590047065337764,0.060736193614110805,0.04171624091805125,0.8304488509351731,0.08846136580702103,0.09060835417270018,0.8500940616764745,0.06591797610575502,0.06988867522556082,0.8493824896062607,0.08097662217727235,0.047105267544451795,0.8486341244961935,0.05691626887092176,0.050066104149459015,0.8590047065337764,0.060736193614110805,0.039986445967174655
task230_iirc_question_answering,0.8366444588152137,0.19324641414698368,0.05813463349894782,0.7077100115074799,0.36165878635085846,0.21255366013029156,0.7965466300255747,0.28641312238409405,0.09885962569872174,0.880992528418176,0.11490250415561937,0.0023123732449380485,0.9120424440962825,0.06326837312200119,0.028598457353662843,0.8366444588152137,0.19324641414698368,0.04687426532009631
task231_iirc_question_answering,0.7373951402054446,0.18872924207404565,0.16481310840816826,0.6890722555616173,0.16783250852867582,0.16378195785834623,0.7721175823701915,0.12667980385370275,0.1459652165018659,0.6928862655364294,0.23816339663176153,0.1703459738355917,0.7721175823701915,0.12667980385370275,0.118304768679123,0.7373951402054446,0.18872924207404565,0.1583241397479405
task232_iirc_answerability_classification,0.47482236638863146,0.07263321995464855,0.04166831492352305,0.39816281279695914,0.8842054263565892,0.1854959389022348,0.5059985885673959,0.11233660130718957,0.003982436849846893,0.5015766453056658,0.027233115468409598,0.02341050042156831,0.47482236638863146,0.07263321995464855,0.010546044278966632,0.47482236638863146,0.07263321995464855,0.004081602404522489
task233_iirc_answerability_classification,0.43464495703301675,0.3333333333333333,0.0009841534166991628,0.4276736617663562,0.3255587949465501,0.017911713014655717,0.30666666666666664,1.326530612244898,0.3711204613068488,0.43464495703301675,0.3333333333333333,0.02646347741936192,0.4498975299320462,0.17978620019436345,0.02520534002285807,0.43464495703301675,0.3333333333333333,0.0079410476899886
task241_tweetqa_answer_verification,0.9597423510466989,0.003354804079441718,0.017023221457869914,0.92,0.08051529790660225,0.09949713677358252,0.90999099909991,0.09157509157509156,0.1164653599639838,0.9597423510466989,0.003354804079441718,0.018837884874007366,0.949753793588584,0.0063564708873633646,0.0189904418181831,0.9597423510466989,0.003354804079441718,0.028124070953820413
task242_tweetqa_answerability_classification,0.9491404740107823,0.0032210268633640834,0.005166164165542386,0.9491404740107823,0.0032210268633640834,0.022191456019798855,0.9279167953866749,0.043651263693116255,0.10465045559923827,0.9491404740107823,0.0032210268633640834,0.004132459736093774,0.9491404740107823,0.0032210268633640834,0.0003340159926365771,0.9491404740107823,0.0032210268633640834,3.385328894434103e-07
task248_dream_question_understanding,0.09770992366412214,1.2500000000000002,0.654496366245927,0.24813852813852813,0.9992148826105709,0.18761191482239462,0.2242690058479532,1.7438622110373574,0.16185392541887228,0.27465015604550486,0.8247218955418545,0.15076366294813534,0.34710274096463356,0.7371210703128551,0.07564084881373004,0.09770992366412214,1.2500000000000002,0.26069186289405083
task268_casehold_text_completion,0.5354767994154183,0.3857149717697463,0.0949557251216819,0.6031037063295128,0.3462727799881973,0.10681544666373222,0.5811188811188811,0.3444933722437919,0.050370477370013766,0.5378333932884527,0.3918369314613484,0.15426267196987103,0.5791248458266444,0.22049995703915823,0.045936867769504244,0.5354767994154183,0.3857149717697463,0.1361994136228471
task274_overruling_text_categorization,0.8776009791921664,0.13914656771799633,0.1618217038570421,0.9199679871948779,0.04175583276788975,0.08070765967476243,0.9199679871948779,0.04175583276788975,0.08912326708184534,0.9397832195905259,0.043847326164508336,0.03489011339628145,0.9092650468797259,0.0789326719698868,0.07472945951756052,0.8776009791921664,0.13914656771799633,0.16615555540275762
task276_wsc; enhanced_wsc_text_matching,0.5994145405910112,0.5185131099131883,0.20948443903459152,0.5765813256080219,0.5521547527985404,0.19300629308924078,0.6982266271739955,0.40165017984434614,0.13378618954265062,0.6729591934525522,0.4220714769381821,0.1598827110101954,0.6880341880341881,0.29639087017836113,0.12415565143140311,0.5994145405910112,0.5185131099131883,0.216264252255098
task279_stereoset_stereotype_detection,0.34316287171830284,1.0341064325263853,0.29574503637526306,0.5054119816846305,0.5545114102972001,0.2237339084217875,0.4943718365188487,0.5816938456799724,0.22936860249605684,0.45044196168169776,0.631569489453088,0.23772108553899812,0.6105096549540994,0.20853194920498072,0.08319323461373632,0.34316287171830284,1.0341064325263853,0.13784607256903086
task280_stereoset_text_categorization,0.5335698252364919,0.5296519517684226,0.3413735744232821,0.7218880963894262,0.14991006074590643,0.28453426372771984,0.7254051545655743,0.15501255006039968,0.300470677869492,0.6603788248878626,0.20191500349312785,0.18428814077850408,0.7175824175824176,0.16611178054773992,0.2563605516504531,0.5335698252364919,0.5296519517684226,0.350574124939465
task284_imdb_sentiment_analysis,0.9294283697953423,0.016882239883642423,0.0006676294356878776,0.8699869986998701,0.0920835878357118,0.11538343231107337,0.9191919191919191,0.028880487292585598,0.0010402097736532667,0.9088976617066504,0.04114243244678027,0.006807534016525646,0.9294283697953423,0.016882239883642423,0.003370534573097911,0.9294283697953423,0.016882239883642423,0.000383790389274441
task285_imdb_sentiment_analysis,0.8699869986998701,0.04868099872183536,0.11813830662037236,0.8699869986998701,0.04868099872183536,0.12259594376502778,0.8698828946051447,0.02560943534655791,0.039689560712118876,0.8399359743897559,0.08411232819101142,0.1529081071208242,0.8799519807923168,0.03740739389073389,0.04015741436416312,0.8699869986998701,0.04868099872183536,0.11883778501435777
task286_olid_toxic_language_detection,0.34210526315789475,0.9615384615384615,0.4949072065939416,0.5279146141215106,0.2567070275403609,0.13384955621903427,0.5164835164835164,0.5766369047619048,0.10746542546087456,0.6052232007288187,0.22068095838587642,0.04509331031382258,0.5696126513862476,0.09278002699055328,0.022943046655071297,0.34210526315789475,0.9615384615384615,0.2603192069080498
task290_tellmewhy_answerability_classification,0.529239460194581,0.02164502164502167,0.020931730110391622,0.46320346320346323,0.645272601794341,0.3123585645447007,0.4117647058823529,0.7142857142857143,0.4904264870032705,0.539894512400404,0.1896690879741727,0.052293599840513405,0.5280995280995281,0.07653061224489797,0.013568434979568056,0.529239460194581,0.02164502164502167,0.007889647070116718
task291_semeval_2020_task4_commonsense_classification,0.8792270531400965,0.1109534722980101,0.18796605907957603,0.90999099909991,0.009014594848928584,0.033421316802190904,0.8996386993175431,0.04668534080298788,0.08333698524128619,0.92,0.020008003201280527,0.07314510727548282,0.9299369432489241,0.05227897610657166,0.04888234998135166,0.8792270531400965,0.1109534722980101,0.1810489685652582
task296_roc_stories_text_completion,0.9198717948717949,0.08361204013377926,0.02524150778984527,0.9198717948717949,0.08361204013377926,0.02854627767365489,0.9097744360902256,0.09509721048182589,0.029703311762573015,0.9198717948717949,0.08361204013377926,0.023973295995831784,0.9198717948717949,0.08361204013377926,0.022358977572828592,0.9198717948717949,0.08361204013377926,0.026912892663121912
task297_roc_stories_text_completion,0.9299929992999301,0.05083402260821615,0.07890315148973004,0.9299929992999301,0.05083402260821615,0.11484277578585553,0.9198717948717949,0.0034838350055741837,0.05429036983421895,0.9299929992999301,0.05083402260821615,0.07913326688729538,0.92,0.0400641025641026,0.07337354513535674,0.9299929992999301,0.05083402260821615,0.04652320004785579
task298_roc_stories_coherence_classification,0.9397832195905259,0.023867975995635605,0.024765120174211258,0.9397832195905259,0.023867975995635605,0.03544524809111313,0.8333333333333334,0.19841269841269843,0.13696019707645285,0.9296553110240177,0.03532533774469258,0.01924869255994216,0.9397832195905259,0.023867975995635605,0.03731574538569998,0.9397832195905259,0.023867975995635605,0.024594646192317493
task309_race_question_answering,0.755979028007137,0.12839427474859327,0.05838331377584541,0.7308904864354306,0.11091132006960104,0.12950959460065792,0.7579169598874032,0.10102572349598189,0.07488948216426267,0.753951378122099,0.19805133041580658,0.17802479049744938,0.7617882412398922,0.05416995632512751,0.026718663090137304,0.755979028007137,0.12839427474859327,0.04039515729770475
task310_race_question_answering,0.7149192271143491,0.3150684931506849,0.28044818143310857,0.7947454844006567,0.19999999999999996,0.21607264177159038,0.8199279711884754,0.02439024390243898,0.01151669707376718,0.8084484323016433,0.11111111111111113,0.06428256408912558,0.7947454844006567,0.19999999999999996,0.15962173592951243,0.7149192271143491,0.3150684931506849,0.13435335486115924
task316_crows_pairs_stereotype_detection,0.6,0.10101010101010102,0.03657071683569177,0.5798319327731092,0.06617903169627312,0.04982137708864712,0.5208333333333334,0.4751215862326973,0.13110057142061943,0.5784825371336813,0.003483106931382816,0.07179236664606717,0.5798319327731092,0.06617903169627312,0.007521788988868017,0.6,0.10101010101010102,0.012085123508014883
task317_crows_pairs_stereotype_detection,0.4345631269304694,0.6759310167790262,0.41252144122201156,0.6834787428088891,0.3182901294588679,0.20130212906004036,0.6524911359394118,0.30236898032134835,0.13648020446799974,0.6430495430495431,0.3855981101502109,0.22531346309670808,0.6855328740530876,0.3190946923365741,0.1788382428904743,0.4345631269304694,0.6759310167790262,0.3654254876623412
task318_stereoset_stereotype_detection,0.5034231641374499,0.5925250778635334,0.23396794959333977,0.5975021533161068,0.2559289582493375,0.09935288311803717,0.5444722918407129,0.3505142566983622,0.19100019136447777,0.6584842556950843,0.1279454216280441,0.11014609684430299,0.654074799046661,0.15927448872692698,0.03278813934725555,0.5034231641374499,0.5925250778635334,0.264379429057243
task319_stereoset_stereotype_detection,0.4886453184325525,0.49849561291537814,0.19574877415504977,0.5754261540375762,0.5887775735978719,0.13686999012827467,0.5679700321746145,0.6002375209067735,0.20728054266866663,0.7424538121259433,0.26546118778496736,0.037521900642823985,0.7892199422597747,0.18508822946660283,0.09492303001343023,0.4886453184325525,0.49849561291537814,0.2293863884644885
task320_stereoset_stereotype_detection,0.4096703660877991,0.7961864827065996,0.3347379350337682,0.5470681118693964,0.5230965343703027,0.26320683542810486,0.7823007195589198,0.1341635998762567,0.11314350821443357,0.7070651356365643,0.27825565457678036,0.05993440448530138,0.7597206181598196,0.11744237061632848,0.06615179072882937,0.4096703660877991,0.7961864827065996,0.2119146763945398
task322_jigsaw_toxic_language_detection,0.7612847222222222,0.2807712952640489,0.28850645988751017,0.8699869986998701,0.06894700797749279,0.08677804059705041,0.86,0.08051529790660229,0.12512930597950772,0.8874680306905371,0.08910962745843054,0.19674946405147398,0.8874680306905371,0.08910962745843054,0.20916724800407502,0.7612847222222222,0.2807712952640489,0.1361399244522341
task323_jigsaw_toxic_language_detection,0.6604414261460102,0.4357298474945534,0.2680833585398244,0.8492613807657522,0.16339869281045752,0.126625194594969,0.8492613807657522,0.16339869281045752,0.11736879727784741,0.8492613807657522,0.16339869281045752,0.14905079122002549,0.8492613807657522,0.16339869281045752,0.11255597435522269,0.6604414261460102,0.4357298474945534,0.17183990836746954
task325_jigsaw_toxic_language_detection,0.3695175438596491,0.9062253743104807,0.2858883662169527,0.7373737373737375,0.19584015971009144,0.10971705873973744,0.8084484323016433,0.051295775904366854,0.08563164081621474,0.7742200328407225,0.14565255432377075,0.12282343927784597,0.7898108297467721,0.022104894074363845,0.0655033389224387,0.3695175438596491,0.9062253743104807,0.17616814309444634
task326_jigsaw_toxic_language_detection,0.554367201426025,0.5535547552354275,0.358871961521684,0.567882624861823,0.10284815680658227,0.035183194244045146,0.625,0.33263305322128844,0.25856343418646177,0.6009060511271707,0.44875092894300583,0.3150100617597717,0.6093337556752191,0.38523345846275014,0.2801390828620911,0.554367201426025,0.5535547552354275,0.1266175923427537
task327_jigsaw_toxic_language_detection,0.3204616546219394,1.2519872813990462,0.3462500666857038,0.8957247132429613,0.05353102779573367,0.08485895983508329,0.8108448928121059,0.10536226685796274,0.11738759973764792,0.8597778017473843,0.05704868154158214,0.0840105561166222,0.7726333195535345,0.148472850678733,0.16211994114092873,0.3204616546219394,1.2519872813990462,0.1523641066704463
task328_jigsaw_toxic_language_detection,0.7477931904161412,0.3095975232198142,0.2857963291024217,0.6816638370118846,0.32298633739209964,0.22523089277994396,0.8492613807657522,0.10239389873596504,0.1211997106086129,0.8590982286634461,0.11306848320723639,0.1361659906056754,0.8487750781328763,0.12593272603158906,0.14557053264972925,0.7477931904161412,0.3095975232198142,0.18244036114130202
task329_gap_coreference_resolution,0.7490316591440186,0.1609276855797009,0.08935377335365656,0.6753200922501889,0.36571594564050036,0.22044512698084426,0.6535608104008429,0.4249466651356103,0.2858585627220002,0.6987378859589812,0.21356491933641217,0.12743060232984393,0.7610996163627742,0.1433676725588967,0.12217357021480264,0.7490316591440186,0.1609276855797009,0.08895623495717785
task333_hateeval_toxic_language_detection,0.34043632673769664,1.0220125786163523,0.3933892247023796,0.7198879551820728,0.03233864133101388,0.14527412171076476,0.7050147492625369,0.24397690841960634,0.208532759144953,0.7099709970997099,0.046081385947156245,0.16368000809921274,0.7181964573268921,0.17172933672331508,0.13548125132771827,0.34043632673769664,1.0220125786163523,0.21627550060668202
task335_hateeval_toxic_language_detection,0.4652406417112299,0.6564349112426036,0.15863496306231806,0.4650070968446337,0.5294746103569634,0.13858374943495,0.48994899489948995,0.060504971219256944,0.04125131655294206,0.4781212364512244,0.085136217948718,0.012546479913074005,0.4781212364512244,0.085136217948718,0.021692981195005512,0.4652406417112299,0.6564349112426036,0.021960699055966648
task337_hateeval_toxic_language_detection,0.8698828946051447,0.02560943534655791,0.03294573531623385,0.8698828946051447,0.02560943534655791,0.024785985229084317,0.8698828946051447,0.09482412547239026,0.09684198499873248,0.8696741854636592,0.0025378719712805227,0.013770064096579882,0.8698828946051447,0.02560943534655791,0.011779327736255868,0.8698828946051447,0.02560943534655791,0.0276056504896528
task340_winomt_gender_classification,0.8098288459613652,0.20221370796083438,0.2504950714449719,0.9897023993409535,0.01202501202501204,0.029331469411992245,0.989769820971867,0.008707767328457001,0.0820542040942806,0.9294283697953423,0.06488691138301818,0.163814978730623,0.9194847020933977,0.07496251874062972,0.17992729068933605,0.8098288459613652,0.20221370796083438,0.2363911444184178
task341_winomt_gender_classification,0.6693333333333333,0.3228353771832033,0.3435322576551968,0.7286704853783539,0.055979978925184436,0.1669329085745408,0.72997299729973,0.02634351949420441,0.1392012842451077,0.7033248081841432,0.1715420729505236,0.2640405383212059,0.7266929851199515,0.11086231120477695,0.11826103849422034,0.6693333333333333,0.3228353771832033,0.16558172220585873
task346_hybridqa_pos_tagging,0.4802494802494802,0.7246376811594203,0.4351056856835145,0.49264332825976664,0.6910896403650028,0.4078026809175405,0.5628946090335114,0.5799617552334944,0.343673420549573,0.6392190152801358,0.2854633289415898,0.07197784095221027,0.5792426367461431,0.5170591787439613,0.21773080011074522,0.4802494802494802,0.7246376811594203,0.09171047738962901
task349_squad2.0_answerability_classification,0.7956485154465681,0.26949904882688647,0.2008558837131264,0.751984126984127,0.3289473684210526,0.2397478471998513,0.5967181198720624,0.5374351371386213,0.30972592196712556,0.8092245539221188,0.16722236995520276,0.11238686334895576,0.8092245539221188,0.16722236995520276,0.10185981960398216,0.7956485154465681,0.26949904882688647,0.14191919581223453
task350_winomt_gender_classification,0.6587715776796468,0.27998045773986246,0.16852641386746034,0.6527777777777778,0.44554682834963943,0.3108101239968502,0.7877758913412564,0.12401818933443567,0.1974501385596334,0.7631551848419318,0.042144709362567985,0.12199443650099429,0.7390606182256123,0.10223121012703484,0.0682534603034197,0.6587715776796468,0.27998045773986246,0.1294167702175103
task351_winomt_gender_classification,0.45238095238095233,0.6472128694350916,0.2563337980929903,0.42832488404702834,0.6812808940468514,0.1478375498412201,0.4213342067911344,0.7242639157532774,0.16871429491224849,0.49541756770672435,0.23569023569023567,0.1245807114473052,0.5463252343986289,0.0642791551882461,0.0611410287483152,0.45238095238095233,0.6472128694350916,0.03589929636696654
task353_casino_negotiation_strategy_detection,0.539894512400404,0.5593220338983051,0.27640560214411325,0.48574100046750823,0.6785714285714284,0.38074155339141613,0.50997150997151,0.6140350877192984,0.3106337816603193,0.7253585596582239,0.17808219178082194,0.10281699026568791,0.7033248081841432,0.21126760563380279,0.07521450042053021,0.539894512400404,0.5593220338983051,0.036839590742992645
task355_casino_negotiation_strategy_detection,0.6604414261460102,0.4144331357593217,0.09631360667734945,0.6697027324592133,0.10515467623743985,0.06480599521230387,0.6576408341114224,0.3448234539865905,0.03590992705689494,0.6576408341114224,0.3448234539865905,0.05926902288940583,0.6846709388668497,0.24930328894163922,0.07278841733800512,0.6604414261460102,0.4144331357593217,0.06153473312382096
task356_casino_negotiation_strategy_detection,0.7178819444444444,0.3003003003003003,0.0496412901608867,0.7178819444444444,0.3003003003003003,0.06595813592716615,0.7303419264372775,0.28180354267310787,0.038176757097271974,0.74,0.08051529790660224,0.12689242616381124,0.75,0.1843376557335367,0.020152862096384005,0.7178819444444444,0.3003003003003003,0.04457355251464179
task357_casino_negotiation_strategy_detection,0.47987336047037543,0.7142005129122682,0.2836682624813892,0.4188403838356535,0.8199847444698704,0.21726372270751002,0.5793334052421529,0.5259892822259181,0.2416802449019711,0.7085720028137876,0.17974189743938676,0.07706834828532277,0.6940024479804161,0.28180354267310787,0.0776951915867028,0.47987336047037543,0.7142005129122682,0.11135991993555408
task359_casino_negotiation_strategy_detection,0.6368917937545389,0.3535805824043479,0.08059598042103566,0.6392190152801358,0.4251669647093172,0.2079751324193359,0.6338529134846741,0.38446098261433465,0.1492619814838838,0.6032956972841013,0.2741015195688084,0.04410412954410445,0.6254681647940075,0.23545079747408132,0.0262024536798382,0.6368917937545389,0.3535805824043479,0.026286244717733553
task361_spolin_dialogue_generation,0.6396986570586308,0.37418287926086147,0.24139312916246805,0.592944369063772,0.47295262946607786,0.3042164163359079,0.5634191176470589,0.522526255811243,0.30978533532907204,0.625,0.25341228422320355,0.20152601977001527,0.7064480210547626,0.09527255867602243,0.1174751859235248,0.6396986570586308,0.37418287926086147,0.03509196533528933
task362_spolin_dialogue_act_recognition,0.75,0.22351551956815116,0.049400950210599426,0.7050147492625369,0.14332791621524021,0.0057025188382266445,0.7591328783621036,0.03900978407557355,0.04406640644996829,0.7599039615846338,0.013706140350877217,0.0874861194761343,0.7591328783621036,0.03900978407557355,0.025809250420450236,0.75,0.22351551956815116,0.05139875022461579
task363_sst2_sentiment_analysis,0.8492613807657522,0.16339869281045752,0.1730575924998158,0.8798076923076923,0.03476796955057821,0.05510482929646443,0.6745595331612613,0.3872672427479531,0.22944950126794564,0.8799519807923168,0.10338896208461427,0.11263451153951715,0.8799519807923168,0.10338896208461427,0.10159264087689782,0.8492613807657522,0.16339869281045752,0.14765288102074575
task375_ddo_text_categorization,0.220531235750114,2.2854062833139204,0.5679781341385067,0.4693332062554752,0.6152858525127151,0.14669186407586815,0.583839116438269,0.2103251164717337,0.21858123752877007,0.5802096596214243,0.3105391261600377,0.2752085978537724,0.5886064696037915,0.29313334563694365,0.23220824859462927,0.220531235750114,2.2854062833139204,0.17865935144233858
task379_ag_news_text_categorization,0.109375,1.5464739353293544,0.6841303434805741,0.6858663388268651,0.3918028456539373,0.1683190197001796,0.8061105265892501,0.1996473442144668,0.17209783688597924,0.6142851519445757,0.47835860721279616,0.28548149080913315,0.7207171457171457,0.28051156172463565,0.15020388746553015,0.109375,1.5464739353293544,0.22104569755515543
task382_hybridqa_pos_tagging,0.5344198790627362,0.654988893124739,0.47483486686479814,0.6425800865589194,0.5661998902108173,0.38274957239733753,0.3880540797207464,1.0841473899632394,0.2963186665998555,0.35778665778665775,1.1973330093418584,0.3533255111989871,0.638936063936064,0.614079946725828,0.16758539435884284,0.5344198790627362,0.654988893124739,0.5255106911414086
task383_matres_misc.,0.4791666666666667,0.7197723253757736,0.32515219945888996,0.4282744282744283,0.8184523809523808,0.4001859478433102,0.4282744282744283,0.8184523809523808,0.42027446878368346,0.614448051948052,0.1537944582299421,0.014527425865069943,0.6353496353496353,0.35450660450660443,0.06892797440046211,0.4791666666666667,0.7197723253757736,0.13718090957489398
task384_social_iqa_question_understanding,0.8263888888888888,0.08882428940568476,0.04256241559992213,0.8666666666666667,0.1432980599647266,0.11969137968129959,0.8666666666666667,0.1432980599647266,0.14725182564060227,0.8095238095238095,0.044879062736205635,0.10394579530775092,0.8095238095238095,0.044879062736205635,0.058561635773096365,0.8263888888888888,0.08882428940568476,0.02087663985237634
task386_semeval_2018_task3_irony_detection,0.5805626598465473,0.35781544256120523,0.17099494916909447,0.49304282170208175,0.6155898608728797,0.29798101938272564,0.6186270574066639,0.1987618116650375,0.02078018263174966,0.6193910256410255,0.16617790811339198,0.014917885607189596,0.628178072555522,0.21324354657687997,0.07611588198342134,0.5805626598465473,0.35781544256120523,0.03615941105359122
task387_semeval_2018_task3_irony_detection,0.4090909090909091,0.5450696576846267,0.3280264076629862,0.3817983481377591,0.6640821675394348,0.3297037634537268,0.43727644535647614,0.4823487124895556,0.250453814547853,0.4397989767188399,0.48313553166986584,0.2703016409406829,0.4985349930190943,0.36280547424627185,0.19945634999440331,0.4090909090909091,0.5450696576846267,0.13255493257427603
task391_cod3s_cause_effect_classification,0.66078697421981,0.38961038961038963,0.12104796573024268,0.5796553173602353,0.4713804713804714,0.07785237123728911,0.3497730339835603,1.0251450676982592,0.4356589269354454,0.6995192307692308,0.15873015873015872,0.021988737562414706,0.6995192307692308,0.15873015873015872,0.028402766911988397,0.66078697421981,0.38961038961038963,0.021167882761683993
task392_cod3s_cause_effect_classification,0.7488808821923791,0.16458950885180387,0.12880316380907542,0.4615140956604371,0.7244511928352678,0.20346415275174404,0.2987377279102384,1.2295081967213113,0.39796082435915553,0.7291666666666667,0.05282710200742986,0.06489736715433858,0.6753246753246753,0.04574339193432736,0.026708094626642975,0.7488808821923791,0.16458950885180387,0.140906047586417
task397_semeval_2018_task1_sentiment_analysis,0.7488808821923791,0.041410421329010155,0.02130578419177065,0.7523292841136926,0.17375722080048547,0.14885182057606294,0.7144022847817217,0.1645811347303885,0.07924316027015171,0.6862030569895738,0.20418329957590184,0.09744877914633765,0.7519145723222953,0.012041328187868232,0.02816961415220623,0.7488808821923791,0.041410421329010155,0.012583955012295173
task398_semeval_2018_task1_sentiment_analysis,0.7012867647058824,0.39039039039039036,0.3017724965180857,0.6338529134846741,0.42735042735042733,0.22324476772886004,0.8197115384615384,0.051736881005173686,0.03150771272630637,0.7688104245481295,0.18389018389018386,0.1957209108386118,0.7821350762527233,0.14192558496355964,0.18715653176646901,0.7012867647058824,0.39039039039039036,0.12508660668869015
task399_semeval_2018_task1_sentiment_analysis,0.3215739484396201,1.156621392190153,0.34221400258627793,0.8108448928121059,0.030021947078553993,0.030453755509141756,0.8776009791921664,0.08585429850285536,0.09114294511283069,0.8286117552172598,0.13960766665984825,0.14031046707415087,0.8090644156366193,0.16296715504412165,0.1787485170187764,0.3215739484396201,1.156621392190153,0.12345991049374683
task400_paws_text_matching,0.35064935064935066,0.9259259259259258,0.15457499556580656,0.6124031007751938,0.14674562360396864,0.012874972066398344,0.3150684931506849,1.0869565217391304,0.29427089894936986,0.6693333333333333,0.28413731942402387,0.028562117107339358,0.6080795899909557,0.1960085531004989,0.010731235745453593,0.35064935064935066,0.9259259259259258,0.2236767943550767
task420_persent_sentiment_analysis,0.325780145342146,0.8382242451254497,0.33747258641622935,0.37525575447570336,0.4496072442652338,0.21183723482312466,0.3509887005649717,0.6873615539326571,0.2892002350808929,0.33401413982717987,0.5141847309216409,0.22559552935377258,0.3782651391162029,0.2168690934779607,0.15173892985214463,0.325780145342146,0.8382242451254497,0.09265134962388871
task421_persent_sentiment_analysis,0.47486709262059207,0.18934440470734165,0.17082683417520253,0.322453420372637,0.7700854274827039,0.30343708007910397,0.2706657972904441,0.9016256244218545,0.2833519970788979,0.40772005772005776,0.39204956811810676,0.21797866040615094,0.4676274018379282,0.1321650555328103,0.16888996536318424,0.47486709262059207,0.18934440470734165,0.10118532454422499
task456_matres_information_extraction,0.5021573182874212,0.6936245572609209,0.31177054475330956,0.4725620020199753,0.7534917912276402,0.37677746359274245,0.4725620020199753,0.7534917912276402,0.3764261328769531,0.7064480210547626,0.035439912200475585,0.0826890126461774,0.6601791782514674,0.37919170381856954,0.07700074616675284,0.5021573182874212,0.6936245572609209,0.055996233857242006
task457_matres_word_semantics,0.3695175438596491,0.9062253743104807,0.39649069046170843,0.39180970401405596,0.8704061895551257,0.3369278430483649,0.3695175438596491,0.9062253743104807,0.3889679331691725,0.4635084522724972,0.17467137012393552,0.002755882990729208,0.5413333333333333,0.3799643629346349,0.021100431231147743,0.3695175438596491,0.9062253743104807,0.05582028809696493
task458_matres_word_semantics,0.40476190476190477,0.8413461538461539,0.3686951635992599,0.39884676726781987,0.8845525389643036,0.41915751649202093,0.4171928120446819,0.849050788954635,0.37458019671387444,0.6189887756152817,0.3103378103378104,0.09584640046915605,0.625,0.35306490384615385,0.10405076266183255,0.40476190476190477,0.8413461538461539,0.07896645586595208
task462_qasper_question_understanding,0.5367132867132868,0.7299062833571703,0.2374134780873839,0.5806248425296044,0.532629795843216,0.17933491534258478,0.5383066129223605,0.6936002854195783,0.2278251565084824,0.5889770723104056,0.5561206724739612,0.03319368098364972,0.6048378522062733,0.48922551026667754,0.08638018705921287,0.5367132867132868,0.7299062833571703,0.14552212855100788
task472_haspart_kb_entity_relation_classification,0.6547756041426928,0.41760892507161157,0.2496794740906066,0.6940024479804161,0.3030303030303031,0.19891734055060364,0.72997299729973,0.08717310087173104,0.07680181316613277,0.7159090909090908,0.2693602693602694,0.1832626692835094,0.7286704853783539,0.197869101978691,0.1624172791780396,0.6547756041426928,0.41760892507161157,0.0655332261102404
task475_yelp_polarity_sentiment_analysis,0.9397832195905259,0.043847326164508336,0.006046978281202625,0.9499549594635172,0.05159958720330237,0.11482842321325401,0.9396135265700483,0.06513243595310467,0.0492304906856047,0.949753793588584,0.05370569280343717,0.034720353404401355,0.9599358974358975,0.02167533680138718,0.05567839796821128,0.9397832195905259,0.043847326164508336,0.006382002522897612
task476_cls_sentiment_analysis,0.9299369432489241,0.05227897610657166,0.00858573804551127,0.9198717948717949,0.06350366233449897,0.03463255666809906,0.7057587221521648,0.2856698234849495,0.2498456233392812,0.9299369432489241,0.05227897610657166,0.0033907613540264114,0.9299369432489241,0.05227897610657166,0.02493982492771135,0.9299369432489241,0.05227897610657166,0.011370810172514983
task477_cls_sentiment_analysis,0.9698522761531505,0.007885518867141493,0.024719528021834025,0.949874686716792,0.027544707178574462,0.08965133849864593,0.9199679871948779,0.058636140866764705,0.13633443263651945,0.9598554797270173,0.017612721417069266,0.03590243382706168,0.9698522761531505,0.007885518867141493,0.01514692919167937,0.9698522761531505,0.007885518867141493,0.02609062932625869
task478_cls_sentiment_analysis,0.9476932733549535,0.02192982456140349,0.007912269865921362,0.9583333333333333,0.008680555555555584,0.0381821507777666,0.9586606035551881,0.013020833333333346,0.17260302560357624,0.9476932733549535,0.02192982456140349,0.000443412035442764,0.9583333333333333,0.008680555555555584,0.023027203983003647,0.9476932733549535,0.02192982456140349,0.006662404276930822
task493_amazon_polarity_sentiment_analysis,0.926090169992609,0.06956575853347383,0.06677378244627916,0.9267705826969348,0.04734027657389749,0.05397061859402999,0.9481273991077912,0.02066969822240592,0.013981805589081103,0.9369482976040353,0.05585216328182037,0.06423536472257013,0.9267705826969348,0.04734027657389749,0.06299914554291347,0.926090169992609,0.06956575853347383,0.07127643864260594
task494_amazon_polarity_sentiment_analysis,0.928796663615095,0.06272401433691757,0.006726935705906295,0.9388004895960832,0.05319148936170212,0.02250517157332199,0.928796663615095,0.06272401433691757,0.0002450109373810794,0.928796663615095,0.06272401433691757,0.012732598875749207,0.928796663615095,0.06272401433691757,0.03962453980750105,0.928796663615095,0.06272401433691757,0.026502606138230772
task495_semeval_2020_task_7_text_categorization,0.3333333333333333,1.0,0.2565511553801748,0.3333333333333333,1.0,0.3767412879333187,0.48684354187138335,0.5471698113207547,0.03745730926882884,0.5647332725984411,0.19298245614035092,0.004999477514668893,0.5993589743589745,0.06666666666666664,0.012344873020958214,0.3333333333333333,1.0,0.11436836333813294
task496_semeval_2020_task_7_text_categorization,1.0,0.0,0.02373860831207894,1.0,0.0,0.029045318924580454,1.0,0.0,0.03502989567724765,1.0,0.0,0.032097902620463914,1.0,0.0,0.059753615077717065,1.0,0.0,0.0004377998366889291
task498_scruples_ethics_classification,0.109375,1.4931472479042045,0.31370453969870216,0.09371523915461624,2.254036723842871,0.4228283860534028,0.19760879397479006,0.5923813017943099,0.0402936444223425,0.2318936176621186,0.5218022424831522,0.025157360731369635,0.23589544513457555,0.45224517536612663,0.00689662889494741,0.109375,1.4931472479042045,0.028781373091838744
task502_scruples_ethics_classification,0.5305164319248826,0.41290093921672877,0.17240714282788847,0.570999570999571,0.3367003367003368,0.09448145959300336,0.3710691823899371,0.8298673004555356,0.3535599463834751,0.4950061721467849,0.5050505050505051,0.22544496676615883,0.6041666666666667,0.22482893450635388,0.0759022535696372,0.5305164319248826,0.41290093921672877,0.11001867626326617
task503_scruples_ethics_classification,0.47916666666666663,0.6111380929253684,0.15211933411132772,0.4117647058823529,0.7042253521126761,0.3366883364466754,0.40828402366863903,0.7042253521126761,0.24737008064883573,0.5416666666666666,0.07631998889891076,0.026127842183694128,0.5601023017902813,0.19043480483627723,0.041313446334553694,0.47916666666666663,0.6111380929253684,0.017425997078882594
task508_scruples_ethics_classification,0.4724573671942093,0.5936192278961148,0.18904437138076813,0.5123975516132379,0.1844673067773211,0.026141901203849294,0.5017958521608157,0.4848313425150309,0.14334885136515638,0.5772946859903382,0.04347764108850911,0.06310088728772859,0.5037482842360892,0.26246616799394723,0.058569516045907266,0.4724573671942093,0.5936192278961148,0.0673927827254811
task512_emotion_sentiment_analysis,0.36183758550983264,0.80284638661638,0.33569353232310817,0.5535824711557775,0.20213703436574545,0.0880525944111799,0.5191295707818131,0.22549866948305972,0.18728519741902194,0.446893336548509,0.3002972791597758,0.18035580961295228,0.47734515277389006,0.3481182970379493,0.1406388847968453,0.36183758550983264,0.80284638661638,0.23122526976146468
task517_emo_sentiment_analysis,0.762249793816731,0.1613407760906943,0.07899180965305631,0.717736860787815,0.2917286640457635,0.1523072175262696,0.7381869447086838,0.2712328018019094,0.19262509383675525,0.7541164966638545,0.14698198428278106,0.08520776996816508,0.7769230769230768,0.12310576328397568,0.06001465794142116,0.762249793816731,0.1613407760906943,0.05875199775450621
task520_aquamuse_answerability_classification,0.9592003263973888,0.005949952400380784,0.010226418047243696,0.969309462915601,0.01493183930817209,0.021295333709007686,0.7335187116209014,0.347327091513138,0.2704524040723002,0.9592003263973888,0.005949952400380784,0.019785393232770843,0.9491404740107823,0.0032210268633640834,0.0011270941843070648,0.9592003263973888,0.005949952400380784,0.021025871541146907
task521_qanta_text_categorization,0.7999688206749666,0.23341337282469254,0.17126793557475933,0.8307239168214778,0.25637760004884286,0.04839855045403635,0.7757082629053252,0.3321733439460969,0.11386747837106942,0.845288250558322,0.2586512123137298,0.08894848283928221,0.8419652572844061,0.19978228322619043,0.1105134244613674,0.7999688206749666,0.23341337282469254,0.17845539797291
task564_discofuse_discourse_relation_classification,0.023055375996552465,2.630536966624092,0.23959815029061812,0.06518218623481781,4.050145897161876,0.1257335187630214,0.08868778280542987,2.4954335045543004,0.07028643874255294,0.16214896214896213,1.4653283877647552,0.025577151247391676,0.1272877323782301,1.6935359954217872,0.005966428245319268,0.023055375996552465,2.630536966624092,0.09076711118297845
task566_circa_text_matching,0.7383252818035426,0.21087021087021088,0.12318968017614718,0.8069498069498069,0.01876172607879925,0.004583596043767568,0.7366771159874608,0.29628599248852416,0.18079600547043076,0.7897997566102445,0.09089675756342425,0.06756089532248763,0.7660461804495982,0.14414157271300126,0.07341897729346414,0.7383252818035426,0.21087021087021088,0.07628993584981675
task573_air_dialogue_intent_identification,0.6558431248015243,0.6499023848500551,0.23906389730113797,0.6623930342521047,0.29679988371206484,0.2434357226369181,0.7926779203049625,0.13853785103895244,0.09031955083830041,0.5766245297495297,0.4730779244723921,0.3071915603606753,0.8038957753604857,0.12294417048425295,0.08859721778896215,0.6558431248015243,0.6499023848500551,0.2310371269830779
task575_air_dialogue_speaker_identification,0.862738887129131,0.14647708613225852,0.18578997659374538,0.7512437810945274,0.3205128205128205,0.3026668542010248,0.9092650468797259,0.021407164264307065,0.12200793017245265,0.8738965952080706,0.13189935064935063,0.14279913733315014,0.8958333333333333,0.1037157287157287,0.10943742606186765,0.862738887129131,0.14647708613225852,0.15800968551018113
task577_curiosity_dialogs_speaker_identification,0.728629579375848,0.3508771929824561,0.24739178610926452,0.7549019607843137,0.3133903133903134,0.24299031970873963,0.7802197802197802,0.27777777777777773,0.19421258853005022,0.7549019607843137,0.3133903133903134,0.24215367997644763,0.7925537722458784,0.2606310013717421,0.2025338834299952,0.728629579375848,0.3508771929824561,0.1980867930896213
task579_social_iqa_answer_verification,0.5538956323270048,0.2549651100375738,0.05601629567872868,0.5,0.613582097839969,0.1721945273749585,0.38666666666666666,0.8513747241605534,0.2853183204331853,0.4025735294117647,0.8353462157809983,0.1175386493119509,0.5332792207792207,0.1431383073895152,0.007851761135927254,0.5538956323270048,0.2549651100375738,0.005774490885843225
task580_social_iqa_question_answering,0.7381392733505411,0.02808741254870849,0.10642967499177707,0.769489671135463,0.09001724098389,0.11592590881446048,0.7695165688038105,0.06500878783376404,0.10452309958914364,0.7496656986560409,0.0242344222486363,0.11241763552443644,0.7381392733505411,0.02808741254870849,0.07978032972610205,0.7381392733505411,0.02808741254870849,0.10590824398372682
task585_prepositional_paraprasing_preposition_prediction,0.39905670964037787,0.469846386934171,0.32029692495450207,0.2754129642287537,0.7935921274065668,0.41348836649318277,0.29474151706786345,0.9187769313611287,0.08674997111397365,0.3506513969224053,0.767185861880489,0.24614635496142437,0.33608671690067043,0.773666363138787,0.09365952712802034,0.39905670964037787,0.469846386934171,0.30443330252473666
task586_amazon_fine_food_reviews_sentiment_analysis,1.0,0.0,0.07784922850495807,1.0,0.0,0.05228248473835523,0.9899989998999901,0.009902951079421688,0.14452673059593224,1.0,0.0,0.07439915014566184,1.0,0.0,0.06292217083429244,1.0,0.0,0.06600698104432223
task587_amazon_fine_food_reviews_sentiment_analysis,0.8891017239641092,0.0811560579287895,0.07107315397597322,0.8891017239641092,0.0811560579287895,0.07457649229377103,0.9097744360902256,0.03495903856047914,0.04872462400256394,0.8891017239641092,0.0811560579287895,0.06886645204613306,0.9097744360902256,0.03495903856047914,0.05290616512712254,0.8891017239641092,0.0811560579287895,0.0842489289737875
task588_amazon_fine_food_reviews_sentiment_analysis,0.6819074960127591,0.2249200218827848,0.18185003945561884,0.5721925133689839,0.4263828166774173,0.2487192400472581,0.6486848684868487,0.28692326364625637,0.19997620308357933,0.6463092463092462,0.2614277458320187,0.1561892834120765,0.6612023288395068,0.180545565718721,0.0560054095988986,0.6819074960127591,0.2249200218827848,0.16508748443302546
task590_amazon_fine_food_reviews_text_matching,0.6553308823529411,0.4184704184704185,0.2702312777847398,0.6695156695156695,0.3969270166453265,0.23558333098616965,0.6695156695156695,0.3969270166453265,0.24189890819013193,0.6906666666666667,0.2546592687437758,0.1648479138315212,0.6938021328265231,0.22620571916346563,0.1342405935685487,0.6553308823529411,0.4184704184704185,0.1475693598893297
task607_sbic_toxic_language_detection,0.6486151302190988,0.1939686722295418,0.03585158858046569,0.5360501567398119,0.6383712905452036,0.35258630896277016,0.6266666666666667,0.306577480490524,0.10081374178629843,0.6266666666666667,0.306577480490524,0.09363374196448815,0.6532027743778049,0.13297223442150977,0.002726435454280307,0.6486151302190988,0.1939686722295418,0.0033873476607985675
task608_sbic_toxic_language_detection,0.44550861982054646,0.26093938177438786,0.06961241356584769,0.44147644487615345,0.7203711137874125,0.387652096183587,0.4391025641025641,0.1514543264844348,0.04412127821604345,0.4578005115089514,0.3805188038641237,0.10237836629334174,0.45978391356542614,0.01658143228666678,0.020470466411048438,0.44550861982054646,0.26093938177438786,0.03018028907464207
task609_sbic_toxic_language_detection,0.6798719487795117,0.20028187819894666,0.034002258717551026,0.6491228070175439,0.312025091344133,0.1537986814613028,0.677938808373591,0.10755878644017507,0.04986390691130496,0.6884735202492211,0.12458041681135049,0.027621765587648256,0.6798719487795117,0.20028187819894666,0.0031876310304943534,0.6798719487795117,0.20028187819894666,0.014222122936166287
task616_cola_text_quality_evaluation,0.2125984251968504,1.8518518518518516,0.39826946351369613,0.786833855799373,0.10422206329121658,0.1757328568619857,0.46013289036544847,0.6506506506506506,0.4782745806110984,0.5495946351716545,0.5142751718094183,0.21338267114499088,0.7333333333333334,0.16066294605107392,0.12772516749071428,0.2125984251968504,1.8518518518518516,0.077085447490018
task621_ohsumed_information_extraction,0.8391544117647058,0.10852713178294572,0.015917714874561922,0.8391544117647058,0.10852713178294572,0.011293284501780743,0.8262078554049357,0.08627450980392154,0.0013909197727653977,0.8391544117647058,0.10852713178294572,0.02520988604225738,0.829059829059829,0.11764705882352938,0.0572493430336905,0.8391544117647058,0.10852713178294572,0.01754140898060122
task623_ohsumed_keyword_tagging,0.8139727159983464,0.21951219512195122,0.05971227988634617,0.7453310696095077,0.3157894736842105,0.16454259065855617,0.7916666666666667,0.25,0.08024971503644221,0.8249407887962105,0.20481927710843373,0.012496587109533025,0.8249407887962105,0.20481927710843373,0.051092856793017005,0.8139727159983464,0.21951219512195122,0.05888244973652926
task629_dbpedia_14_text_categorization,0.7633837135159175,0.37897308718163236,0.3118195910079839,0.767989417989418,0.3784781623520789,0.12305409214639484,0.7796206354395306,0.34083381638085264,0.11252166112034992,0.7420997190222042,0.3745659720767829,0.16920568741538872,0.798096431555078,0.3318227875896029,0.09219758194275735,0.7633837135159175,0.37897308718163236,0.27591700129307317
task630_dbpedia_14_text_matching,1.0,0.0,0.022297137948803836,1.0,0.0,0.037903186007664375,1.0,0.0,0.0030622875909036285,1.0,0.0,0.02059613198019103,1.0,0.0,0.013850784695533691,1.0,0.0,2.634165940929023e-10
task632_dbpedia_14_text_categorization,0.9197109594540345,0.08525149190110827,0.07266260519784226,0.7241086587436333,0.3444621091679915,0.2527211413209335,0.3503118503118503,0.9803921568627452,0.41915132299565955,0.9197109594540345,0.08525149190110827,0.05862550320173043,0.9197109594540345,0.08525149190110827,0.07293114166559006,0.9197109594540345,0.08525149190110827,0.07314578920627213
task633_dbpedia_14_text_categorization,0.9513741154586892,0.05898348853869286,0.016137531328356047,0.962046783625731,0.06251861696682837,0.039160395690474706,0.9513741154586892,0.05898348853869286,0.014856799731991763,0.9513741154586892,0.05898348853869286,0.1698448577408275,0.9513741154586892,0.05898348853869286,0.04210659347447972,0.9513741154586892,0.05898348853869286,9.684664380615882e-06
task638_multi_woz_v22_speaker_identification,0.4615140956604371,0.39189588879029874,0.042179154748617276,0.43363196375244567,0.46072642691000176,0.08735246560671797,0.376114081996435,0.8124725516029864,0.17418933843150125,0.4635084522724972,0.15503477575632993,0.0037890618918992036,0.47665056360708535,0.08722490606548576,0.0013898243435406243,0.4615140956604371,0.39189588879029874,0.024190823747525042
task673_google_wellformed_query_question_understanding,0.4276736617663562,0.8050622846541214,0.3969618790658078,0.4851994851994852,0.6290584415584416,0.32590045942075885,0.3749262884774148,0.9636639955788893,0.4762379914602355,0.4851994851994852,0.6290584415584416,0.3286491518245965,0.5331465919701214,0.4722550177095631,0.26689402572793464,0.4276736617663562,0.8050622846541214,0.10642004534354965
task679_hope_edi_text_categorization,0.6904761904761905,0.31890974166016606,0.2650020811384106,0.7286704853783539,0.15291764541712216,0.05817525476834007,0.7286704853783539,0.15291764541712216,0.07394586208045567,0.7211497211497211,0.11815720644243563,0.15953252472583887,0.7291666666666667,0.032120405634836875,0.1350332038998042,0.6904761904761905,0.31890974166016606,0.1429129022312284
task681_hope_edi_text_categorization,0.2128037128037128,1.2382958606834045,0.35372270093577696,0.3349163879598662,0.9864780423778993,0.16585324897716097,0.4814297637390858,0.3289522085863109,0.12377671342299645,0.4358031217420672,0.3462804119361001,0.16717384998590928,0.49374060975891637,0.39760863726063533,0.09194005911841796,0.2128037128037128,1.2382958606834045,0.04152710033753185
task682_opp_115_text_categorization,0.7228211521124807,0.4040089161989137,0.32848219759692715,0.9239963657876943,0.12001975880801388,0.09055157351326062,0.9384221311475409,0.09289779642990639,0.08340132854621263,0.8615622595185775,0.1687975720753297,0.21721892042772514,0.9420538671342295,0.08726415966813805,0.07034913191621542,0.7228211521124807,0.4040089161989137,0.35218564746927805
task683_opp_115_information_extraction,0.5660598272292425,0.5420753509814941,0.39788407769649353,0.695173353764685,0.4287408911712585,0.300328446133932,0.6910709603212064,0.40165347833167425,0.24756496764087027,0.6715563699732826,0.43887508373089573,0.2212501253716384,0.8193105407537692,0.2722417525195986,0.13077583753617683,0.5660598272292425,0.5420753509814941,0.3920672201794528
task738_perspectrum_textual_entailment,0.34210526315789475,0.9615384615384615,0.4301936718125657,0.8291628982011858,0.12453660797034294,0.009866450343364308,0.8291628982011858,0.12453660797034294,0.026322517934158518,0.8108448928121059,0.22865853658536586,0.2608812767584651,0.7993876042656531,0.24434156378600824,0.2695958841091861,0.34210526315789475,0.9615384615384615,0.16307072933511524
task744_eurlex_text_categorization,0.9503663003663002,0.040927146913670484,0.0414338808496614,0.9625943823618242,0.046766321507046786,0.051702097382406165,0.9711908602354106,0.020102549991576592,0.0284922797071209,0.9503663003663002,0.040927146913670484,0.03937873017756563,0.9625943823618242,0.046766321507046786,0.03722771553871981,0.9503663003663002,0.040927146913670484,0.0448669093886771
task746_yelp_restaurant_review_sentiment_analysis,1.0,0.0,0.003533934224062868,0.9691071980228607,0.03596259889714697,0.06338792011226566,1.0,0.0,0.0007326092361938374,1.0,0.0,0.0033517868217704527,1.0,0.0,0.004087080695303585,1.0,0.0,8.559819519859957e-14
task767_craigslist_bargains_text_categorization,0.8969967346404127,0.11648893133706267,0.19265946415788504,0.9379630689738886,0.05410336718159533,0.09981017643360822,0.939484126984127,0.04883373565205706,0.099211039913823,0.9226086361581115,0.0561581117022477,0.19017701931651057,0.9175739511196782,0.0561581117022477,0.11837645455805662,0.8969967346404127,0.11648893133706267,0.230526996866158
task827_copa_cause_effect_classification,0.9279167953866749,0.023394600702720838,0.08927641247692183,0.904973075704783,0.09518396217903605,0.03341290495148916,0.9279167953866749,0.023394600702720838,0.07881815077769005,0.9279167953866749,0.023394600702720838,0.12323066384550355,0.9279167953866749,0.023394600702720838,0.05547960029500246,0.9279167953866749,0.023394600702720838,0.06902419919750397
task828_copa_cause_effect_classification,0.7596153846153846,0.1130385176107672,0.06535643017175696,0.7050147492625369,0.24397690841960634,0.2007351920260382,0.6791680495630048,0.3779804479223798,0.28029593456851315,0.78,0.060216780409474126,0.03152339180914776,0.78,0.060216780409474126,0.04119323693032101,0.7596153846153846,0.1130385176107672,0.059155315001919034
task834_mathmatics_dataset_question_understanding,0.7397700711986427,0.2775818258895277,0.08116136446793124,0.7259198899029407,0.35166034186583417,0.11530290825616535,0.7618112384069831,0.3084534392354814,0.05745816062802449,0.7983924349881797,0.1532086344374402,0.04165613495338262,0.7456959706959708,0.27298738183872817,0.0536925231814645,0.7397700711986427,0.2775818258895277,0.07763192302778443
task843_financial_phrasebank_sentiment_analysis,0.8944330523277891,0.018603798445443125,0.08957023656000188,0.6822935448972233,0.5030890910399267,0.17642360661374917,0.6371700205241925,0.5504510760332684,0.20469708968666966,0.893885949441505,0.02687281577224212,0.13792432773017865,0.9130443756449949,0.04602821744143808,0.04529543103300257,0.8944330523277891,0.018603798445443125,0.08279172993431427
task844_financial_phrasebank_sentiment_analysis,0.8193496587715776,0.13365187846980844,0.06608118615114439,0.7057587221521648,0.3668763102725367,0.22857542679566203,0.8295739348370927,0.12067539527842404,0.021368670851998478,0.8295739348370927,0.12067539527842404,0.01864506693042295,0.8295739348370927,0.12067539527842404,0.052330838339748,0.8193496587715776,0.13365187846980844,0.06172361672037269
task846_pubmed_qa_answer_verification,0.9199679871948779,0.04175583276788975,0.12642032461477004,0.9099189270343309,0.052988228258336253,0.15868952203741515,0.3288590604026846,1.0204081632653061,0.39305634669982054,0.8999599839935974,0.0022231114668089555,0.05306985547899162,0.9199679871948779,0.04175583276788975,0.0017756921808335102,0.9199679871948779,0.04175583276788975,0.13745059388620992
task848_pubmed_qa_intent_identification,0.40476190476190477,0.7612179487179487,0.33763786675575624,0.3985139757046821,0.7571297749869179,0.31645363533452886,0.40476190476190477,0.7612179487179487,0.3474609408732452,0.49541756770672435,0.2938034188034188,0.025327207462231716,0.44821731748726656,0.46073717948717946,0.11465529287370552,0.40476190476190477,0.7612179487179487,0.05236818999524151
task875_emotion_sentiment_analysis,0.4236828750930071,0.5773346070973969,0.350492020083258,0.4776570048309179,0.3565161940218327,0.23346295406099846,0.5078465101261453,0.21825112488227372,0.23096452483133997,0.45880230880230877,0.5292577288037443,0.2161844735650562,0.5283158789680529,0.32023104396965013,0.1335688231743725,0.4236828750930071,0.5773346070973969,0.19439643252210703
task879_schema_guided_dstc8_dialogue_act_recognition,0.6567996567996568,0.4230297888386123,0.2796321321592773,0.6567996567996568,0.4230297888386123,0.31623477763186447,0.6938021328265231,0.36452690501986273,0.2237188983280608,0.7742200328407225,0.24552103879026954,0.1426655449771759,0.7291666666666667,0.3107674982674982,0.15942040670525984,0.6567996567996568,0.4230297888386123,0.19873797640656798
task880_schema_guided_dstc8_dialogue_act_recognition,0.17373737373737375,1.5704961418252161,0.4441215999409567,0.4069964157706093,0.6030392125524031,0.21588120646423442,0.4782658080863271,0.4727999269451108,0.1640799261284955,0.46178821178821183,0.35663220647088445,0.14841490249507813,0.4679360109238158,0.4852510050680173,0.07973371546681064,0.17373737373737375,1.5704961418252161,0.14801084978329243
task881_schema_guided_dstc8_text_categorization,0.7377049180327868,0.4484166441517099,0.3264603572309171,0.7669256381798002,0.4411764705882353,0.19825596495735204,0.8121775025799793,0.3735632183908046,0.18238342534206436,0.9777206320810972,0.02753789908867791,0.19075831709874116,0.8867596899224806,0.2156546767724566,0.15102424042063278,0.7377049180327868,0.4484166441517099,0.3221527621049611
task888_rotten_tomatoe_sentiment_analysis,0.9194847020933977,0.007001330252748053,0.047377489531952977,0.9194847020933977,0.007001330252748053,0.0569795995367606,0.898989898989899,0.03131150474145645,0.10901431882043602,0.9092650468797259,0.019022845109801654,0.06510594608141684,0.9194847020933977,0.007001330252748053,0.05636824082138436,0.9194847020933977,0.007001330252748053,0.04013387839813895
task889_go_emotions_sentiment_analysis,0.7375083929353379,0.2297476272444248,0.14736554995703133,0.49712280701754386,0.6120018391158399,0.3502689150340321,0.6220591021881343,0.29553133418341865,0.21362576684637408,0.7069543189912226,0.21581960250599824,0.14736164062157603,0.735929493748719,0.1545266336084177,0.09298624858847011,0.7375083929353379,0.2297476272444248,0.1577836380084604
task902_deceptive_opinion_spam_dataset_sentiment_analysis,1.0,0.0,0.02284123416374212,0.9899507587177168,0.009352787130564894,0.005029342530337877,0.9899507587177168,0.009352787130564894,0.00033419063230560875,1.0,0.0,0.022827486683379056,1.0,0.0,0.018960613111114327,1.0,0.0,0.023146687125579546
task903_deceptive_opinion_spam_dataset_sentiment_analysis,0.9699248120300752,0.011564895585514101,0.036844289008765296,0.9598554797270173,0.02253605769230767,0.06629952565447378,0.9699248120300752,0.011564895585514101,0.0076940684982491625,0.9699248120300752,0.011564895585514101,0.03251223849896678,0.9699248120300752,0.011564895585514101,0.02798854611107765,0.9699248120300752,0.011564895585514101,5.611428821605813e-10
task904_hate_speech_offensive_toxic_language_detection,0.4190909090909091,0.8465430783634567,0.3594805004444723,0.6014805097451275,0.29514462796060814,0.2674237099531774,0.7176075645592469,0.10343564170041278,0.05711922050924678,0.6901135190918474,0.19690461408725016,0.12227802029250731,0.7195951278092297,0.10343564170041278,0.09250254983872827,0.4190909090909091,0.8465430783634567,0.2437812696913439
task905_hate_speech_offensive_toxic_language_detection,0.6843127731908694,0.4182754182754183,0.20365332663116953,0.7194950911640954,0.3489326765188834,0.146021360858356,0.7378917378917379,0.30228392297357815,0.10868026309081943,0.7267759562841529,0.1409044512492788,0.023596640237266486,0.736036321402175,0.150519978106185,0.0656186757670511,0.6843127731908694,0.4182754182754183,0.1441374353867323
task909_dialogre_speaker_identification,0.1714387974230494,1.222752818782858,0.20939716566731137,0.3630007990657078,0.9591755236280219,0.1904394261061573,0.3807361541107671,0.7094040632091914,0.10785158783565729,0.34473827055602757,0.7009999445474384,0.03603466044688641,0.4768531399046105,0.4513484819017471,0.059481362849115135,0.1714387974230494,1.222752818782858,0.2450761176902803
task923_event2mind_sentiment_analysis,0.3763713080168776,0.09456903496940834,0.06339365720495149,0.41430375180375184,0.4288169841375236,0.267638409226683,0.427781726289189,0.2585503330006881,0.059880901245172896,0.4131917631917632,0.059947205437627556,0.11168193869848855,0.41732258248984966,0.1325984232562972,0.03694615063040929,0.3763713080168776,0.09456903496940834,0.04369204280780298
task925_coached_conv_pref_speaker_identification,0.40119760479041916,0.7246376811594203,0.10465622628591012,0.25274725274725274,1.539855072463768,0.3195526861709259,0.2684790916038869,1.471234079929732,0.2593169080867726,0.5863970588235294,0.2133006077606358,0.012087652473540628,0.5894909688013137,0.1324606513947328,0.007828683830669148,0.40119760479041916,0.7246376811594203,0.2319859985619679
task929_generated_reviews_enth_sentiment_analysis,0.8572011423908609,0.12298747763864044,0.010319956972738076,0.8474214220323466,0.11312217194570134,0.021995155411424744,0.8397435897435898,0.007631257631257604,0.10257142260058616,0.8572011423908609,0.12298747763864044,0.006741407036032709,0.8474214220323466,0.11312217194570134,0.013115473181379261,0.8572011423908609,0.12298747763864044,0.0068967219506688715
task935_defeasible_nli_atomic_textual_entailment,0.7398959583833533,0.06713444213444213,0.02204769854140204,0.7241086587436333,0.28477997227997226,0.17889290865712548,0.7457023700539112,0.13354700854700852,0.13011858737165863,0.7699769976997699,0.027056277056277032,0.02064083175543882,0.76,0.04006410256410257,0.009766038859744808,0.7398959583833533,0.06713444213444213,0.01844319501935973
task936_defeasible_nli_atomic_textual_entailment,0.742559983523839,0.1279461279461279,0.13571740488325768,0.6259934548854604,0.4634581105169341,0.3160641347905185,0.6782496782496783,0.2741702741702742,0.24355210344322065,0.742559983523839,0.1279461279461279,0.1348499966259013,0.7660461804495982,0.06952643316279682,0.04431647228227145,0.742559983523839,0.1279461279461279,0.13934950567245447
task937_defeasible_nli_atomic_textual_entailment,0.7874278773155178,0.0596220876903321,0.01792890946308645,0.584,0.4929912093133761,0.28053942733250775,0.6846709388668497,0.2701346589185279,0.22169482315828382,0.7874278773155178,0.0596220876903321,0.016031735195409236,0.7874278773155178,0.0596220876903321,0.06751524253008875,0.7874278773155178,0.0596220876903321,0.018508363359521413
