,macro_f1,rsd,bias_score,cc_macro_f1,cc_rsd,cc_bias_score,dc_macro_f1,dc_rsd,dc_bias_score,looc_macro_f1,looc_rsd,looc_bias_score,affine_macro_f1,affine_rsd,affine_bias_score,temp_macro_f1,temp_rsd,temp_bias_score
task050_multirc_answerability_classification,0.7453310696095077,0.25671364279828435,0.15469310094725658,0.7453310696095077,0.25671364279828435,0.10237684783089024,0.769792813532179,0.021114974948776614,0.08323907925614035,0.7453310696095077,0.25671364279828435,0.15870262239621466,0.7453310696095077,0.25671364279828435,0.10777932496454498,0.7453310696095077,0.25671364279828435,0.09654083347057024
task056_multirc_answer_verification,0.6448503297818367,0.2466380070546737,0.21705808990359912,0.6533333333333333,0.2922565422565423,0.26785379175087054,0.6018474279343845,0.46296296296296297,0.38922628976553253,0.6279761904761905,0.23384353741496597,0.17913611549304775,0.5872154735228211,0.19841269841269837,0.1456141126018145,0.6448503297818367,0.2466380070546737,0.09566068791294555
task065_timetravel_coherence_classification,0.8579545454545454,0.09969439475253426,0.029096556857446443,0.8699869986998701,0.05157677571470676,0.0490367789553357,0.8599439775910365,0.06335718545020867,0.06286077588089034,0.8795664391810518,0.028226981351981376,0.02253602915844638,0.8684077335762729,0.08657530209254348,0.0025384862092253657,0.8579545454545454,0.09969439475253426,0.031233641692651748
task066_timetravel_coherence_classification,0.9294283697953423,0.0235651445328865,0.03837695506290559,0.9097744360902256,0.06600542314828033,0.06394863863179445,0.948849104859335,0.0384483937115516,0.09932032367158719,0.9294283697953423,0.0235651445328865,0.03846012890857062,0.9294283697953423,0.0235651445328865,0.03299803316077282,0.9294283697953423,0.0235651445328865,0.005916520620518395
task069_abductive_nli_coherence_classification,0.8795664391810518,0.008211379146746462,0.023836708285971037,0.8799519807923168,0.03740739389073389,0.027631569832532454,0.8043455874781176,0.15041804818333657,0.08489986699182306,0.8698828946051447,0.02560943534655791,0.020036241958822587,0.8795664391810518,0.008211379146746462,0.022525543076937715,0.8795664391810518,0.008211379146746462,0.040938376922419556
task070_abductive_nli_coherence_classification,0.34469200524246396,0.33931446974925245,0.06928364991978098,0.36680235187697874,0.6971892841458059,0.10628797436278442,0.3397358943577431,0.021312872975277078,0.021464517232154368,0.355877616747182,0.30416890320271966,0.05268223738580935,0.36,0.0805152979066023,0.006954874131123778,0.34469200524246396,0.33931446974925245,0.008224825736803859
task073_commonsenseqa_question_answering,0.7720601483836778,0.1216789602865459,0.05365531176146994,0.7671530522617479,0.1387412242658057,0.0889526578171125,0.7657513368983956,0.13065114916889695,0.05126309934143655,0.7709156122270876,0.14726996131845643,0.27502674044645614,0.7616813605048899,0.12193667666428216,0.031250958741680726,0.7720601483836778,0.1216789602865459,0.046640938807394616
task083_babi_question_answering,0.967301051051051,0.031530058498307985,0.06148459006225221,0.9564359343669689,0.05061288049582863,0.08253823485761994,0.967301051051051,0.031530058498307985,0.07079703450389577,0.9081798304356535,0.05056783921595757,0.20516417209805263,0.967301051051051,0.031530058498307985,0.059368362293754987,0.967301051051051,0.031530058498307985,0.06305546157401645
task092_synthetic_mathematics,0.78997899789979,0.1771944046060152,0.047007484180823955,0.8199279711884754,0.13917257399174973,0.009027407196498194,0.78997899789979,0.1771944046060152,0.04418616494477945,0.769792813532179,0.20418825837545043,0.08156178324416685,0.8199279711884754,0.13917257399174973,0.0003644715154950129,0.78997899789979,0.1771944046060152,0.047005552577449844
task104_semeval_2019_task_10_question_answering,0.28264731938599535,0.6629888347210197,0.11430658182001613,0.32186379928315406,0.3399265419669527,0.06009121869108494,0.3481848433793514,0.40409512787036445,0.09253536618192426,0.29434891718561207,0.614125787138151,0.1226995070461087,0.31972962709804814,0.4486827717856508,0.05470792720993342,0.28264731938599535,0.6629888347210197,0.05911591786889646
task106_scruples_ethics_classification,0.4590695997115038,0.7065850815850815,0.1959837391039208,0.537037037037037,0.10832146248812913,0.03151696439558155,0.3749262884774148,0.8711811238406985,0.2684731772879048,0.5383380168606985,0.07122507122507117,0.02479311804794332,0.5383380168606985,0.07122507122507117,0.02363460761707281,0.4590695997115038,0.7065850815850815,0.08900751152118436
task108_cad_toxic_language_detection,0.7741389045736872,0.2515589569160998,0.08800199870368486,0.6189887756152817,0.21101033005794906,0.25132704374254905,0.7562724014336918,0.2761044176706828,0.12047591058135704,0.7857142857142857,0.05928184281842818,0.07339366182785567,0.7857142857142857,0.05928184281842818,0.05783282347554955,0.7741389045736872,0.2515589569160998,0.08435911178054975
task109_sms_spam_collection_v.1_spam_classification,0.9047619047619048,0.05875440658049354,0.11419797344255317,0.9503968253968254,0.028153153153153157,0.046059753792977,0.9746321664129882,0.01378929950358519,0.015159071471655905,0.9386578333946755,0.035561877667140813,0.06230435026258069,0.8725524272969528,0.08351047676890376,0.11737218804994864,0.9047619047619048,0.05875440658049354,0.10613196610339137
task1135_x_csr_question_answering,0.5885532987697332,0.3262365891777279,0.11090850191083791,0.6005925925925927,0.2504730041673851,0.12368117585730579,0.6217142857142857,0.3450933269768182,0.1426485352002691,0.5924920182411471,0.1733513794020074,0.17424778472675337,0.5725485757404264,0.31084406640378553,0.0812533971708774,0.5885532987697332,0.3262365891777279,0.06620388579787773
task115_help!_need_advice_on_identifying_advice_text_categorization,0.769792813532179,0.04130330217286743,0.08854578182681438,0.6828644501278772,0.29930686830497794,0.2662210946257746,0.33542319749216304,1.0441292356185974,0.48470641662531905,0.72997299729973,0.09430216398649995,0.11909163303763026,0.7694235588972431,0.015161971683710808,0.08272892531097406,0.769792813532179,0.04130330217286743,0.07660796274566548
task1162_coda_19_text_matching,0.47733333333333333,0.5310457516339869,0.1999700887939727,0.49304282170208175,0.550314465408805,0.2564593911707609,0.32432432432432434,1.0416666666666667,0.47541377985570854,0.48686371100164205,0.3605769230769231,0.07242243581254393,0.4873940788785438,0.45248868778280543,0.11621452583789454,0.47733333333333333,0.5310457516339869,0.03718558758536861
task1163_coda_19_section_classification,0.5595468914646996,0.37793580097067625,0.1743322718829108,0.5193323592222098,0.4414107470666696,0.2527323790402059,0.4982934826472962,0.5156918072849199,0.3755682835433947,0.588756957328386,0.20705735616799156,0.10867991919759788,0.5910993779078886,0.17517068433709218,0.04652039080685219,0.5595468914646996,0.37793580097067625,0.14537862609684155
task1164_coda_19_section_classification,0.7742200328407225,0.0812410968660969,0.13969829294038472,0.7593890574327858,0.007891414141414149,0.079280800399674,0.46875,0.6826073232323232,0.3024888345517356,0.7726333195535345,0.053418803418803444,0.11704507740609146,0.7742200328407225,0.0812410968660969,0.12970007950417328,0.7742200328407225,0.0812410968660969,0.0699969829759709
task116_com2sense_commonsense_classification,0.7487689679429204,0.07336267840469524,0.13466934799930452,0.7487689679429204,0.07336267840469524,0.13759568859198,0.33774834437086093,0.9803921568627451,0.4633605251012839,0.7575757575757576,0.11162359680714393,0.1777450823429942,0.7694235588972431,0.04495304615352634,0.08790293840509633,0.7487689679429204,0.07336267840469524,0.09711953239330456
task1186_human_ratings_of_natural_language_generation_outputs_text_quality_evaluation,0.5400400990682863,0.5093270729244002,0.17588916499615603,0.54337899543379,0.5903202774377805,0.24524924137992646,0.4121863799283154,0.8080409932991723,0.4353619031393802,0.5783475783475784,0.42386327576046057,0.10381990872745539,0.6263736263736264,0.32083379696598785,0.06327636577651863,0.5400400990682863,0.5093270729244002,0.11227893369723105
task1187_liar_text_categorization,0.8181818181818181,0.04222143670712068,0.03509069207311741,0.797077922077922,0.07045088566827701,0.05837587959105123,0.7993876042656531,0.20526430886065877,0.19531661822748908,0.7960016319869441,0.09561191626409019,0.06800843424894826,0.8181818181818181,0.04222143670712068,0.03135234264139716,0.8181818181818181,0.04222143670712068,0.02085584473603
task1196_atomic_commonsense_classification,0.4747474747474747,0.12915995705850783,0.07115408648366861,0.4967793880837359,0.08051529790660233,0.04742983846018578,0.4608890245142916,0.19786206187686306,0.07897455229699582,0.4591346153846154,0.1680319260659525,0.07097468077866326,0.48872180451127817,0.022182786157941423,0.021081764892834254,0.4747474747474747,0.12915995705850783,0.017507040450712497
task1197_atomic_commonsense_classification,0.5366079703429101,0.15300791162860128,0.047195946410119954,0.5366079703429101,0.15300791162860128,0.04858516489493592,0.5208333333333334,0.21589734233412397,0.07616924588045848,0.5555555555555556,0.019059347877081842,0.0018804682117163907,0.5555555555555556,0.019059347877081842,0.022440873553554952,0.5366079703429101,0.15300791162860128,0.016261169857164304
task1198_atomic_commonsense_classification,0.4324282865470164,0.752950752950753,0.27576313292974486,0.5538956323270048,0.11909766008126668,0.036053506296104154,0.44638694638694637,0.717975836960501,0.24119704190971458,0.45193304695600656,0.7195900638523589,0.2662858678249831,0.5396419437340154,0.055409071802514434,0.046620058932418634,0.4324282865470164,0.752950752950753,0.16932176321949532
task1199_atomic_commonsense_classification,0.6053333333333333,0.1064015349729636,0.021706244480447223,0.5592948717948718,0.25117739403453687,0.08277840935386427,0.5863970588235294,0.2884615384615385,0.15344135868193085,0.6052232007288187,0.1315078364258692,0.06829573687116958,0.6179966044142615,0.08241758241758247,0.005590409095102444,0.6053333333333333,0.1064015349729636,0.010550835341829767
task1200_atomic_commonsense_classification,0.3993993993993994,0.45992359333852606,0.07804371131218724,0.40577249575551777,0.41356032788101327,0.042654319317148276,0.36680235187697874,0.6453766551685769,0.13377273645859203,0.40577249575551777,0.41356032788101327,0.06059316315836538,0.4373401534526854,0.19719842241262064,0.030761891205535852,0.3993993993993994,0.45992359333852606,0.028346244282121846
task1201_atomic_commonsense_classification,0.6754417598269022,0.250614920416597,0.20125515245888737,0.6727442730247779,0.21232222724760041,0.1378565453884365,0.6621621621621622,0.34899214003691614,0.2945875874479331,0.6695156695156695,0.17295086666539264,0.07083287541233113,0.6640018537828757,0.2048018550015607,0.05727803946050608,0.6754417598269022,0.250614920416597,0.09100825228554443
task1202_atomic_commonsense_classification,0.6338529134846741,0.10831959129563165,0.11956106248086462,0.5879811074263892,0.3558680830145126,0.06516272628820821,0.6394230769230769,0.16551071878940737,0.010511514113878462,0.6550324675324675,0.04012381061561385,0.0718258850390375,0.6363636363636364,0.06699243379571246,0.01965436312979954,0.6338529134846741,0.10831959129563165,0.057377083214887575
task1203_atomic_commonsense_classification,0.5687468290208015,0.4199751525954734,0.23116483858650333,0.5714285714285714,0.3397950089126559,0.18208664646415387,0.561128526645768,0.41478129713423834,0.22696477651486086,0.5783730158730158,0.386215092097445,0.21576483279875047,0.6212121212121212,0.18365472910927455,0.0890045063405551,0.5687468290208015,0.4199751525954734,0.14244564642087232
task1204_atomic_commonsense_classification,0.7996794871794872,0.17864649012189995,0.17968497534895153,0.8585858585858586,0.10899635375426454,0.15151824376294698,0.8973727422003284,0.04436971650086404,0.09991855843665032,0.9375,0.007601978303059531,0.07061881928357877,0.8684077335762729,0.09832200335309435,0.08519804253633298,0.7996794871794872,0.17864649012189995,0.1801450419148705
task1205_atomic_commonsense_classification,0.6532027743778049,0.2731043879177159,0.1563722606576181,0.6550324675324675,0.24269187255939562,0.13774863464529669,0.6510673234811166,0.30351690327603614,0.1597148736568763,0.6483516483516483,0.38255366377783556,0.15060132292457648,0.66996699669967,0.07519607901879607,0.04364981407856047,0.6532027743778049,0.2731043879177159,0.10781755572579499
task1206_atomic_commonsense_classification,0.512987012987013,0.37818158993189593,0.19815560141883456,0.5598239295718287,0.10637057760680768,0.11802356610946882,0.512987012987013,0.37818158993189593,0.21889384665994138,0.6296711929076422,0.35958518302002834,0.10274412576100717,0.5696126513862476,0.08911507655307183,0.025197754369541664,0.512987012987013,0.37818158993189593,0.2004881801080133
task1207_atomic_commonsense_classification,0.898000815993472,0.07604222580067987,0.0072103630671554175,0.8221571294068417,0.17412645752090486,0.07489890345503047,0.7877758913412564,0.22141706924315613,0.12155860372701982,0.9397832195905259,0.016274368725802596,0.058421566138889575,0.9194847020933977,0.007001330252748053,0.018988356775861415,0.898000815993472,0.07604222580067987,0.013955449803281228
task1208_atomic_commonsense_classification,0.5166036149642708,0.6593184188812603,0.27631744422763527,0.6347402597402598,0.42822614543926024,0.20557201542384443,0.5037482842360892,0.6872239009572756,0.2883745127481255,0.5894909688013137,0.5114193638783803,0.24267095701646513,0.6598639455782312,0.19934528131249443,0.12353657177250077,0.5166036149642708,0.6593184188812603,0.19826468315806706
task1209_atomic_commonsense_classification,0.6011396011396011,0.4801902232652935,0.23000257496268348,0.6396986570586308,0.37418287926086147,0.18942982145201695,0.6072270227808326,0.44930982305530676,0.21485867044801152,0.7660461804495982,0.10922437658688164,0.08886409062156797,0.7660461804495982,0.10922437658688164,0.11570048911714581,0.6011396011396011,0.4801902232652935,0.20659398843510837
task1210_atomic_commonsense_classification,0.7599039615846338,0.21322425534692455,0.22239657121784107,0.78997899789979,0.17294519651911813,0.16421900649059448,0.45054945054945056,0.8061182306738321,0.37734954703952195,0.818840579710145,0.0851994877947953,0.1191243332626035,0.8098288459613652,0.14775006507127214,0.07892399419512855,0.7599039615846338,0.21322425534692455,0.177733939554234
task1211_atomic_commonsense_classification,0.554367201426025,0.45625335480407947,0.2061696098354459,0.6338529134846741,0.24464263594698374,0.12323164872229278,0.5238095238095238,0.5904455179817499,0.3052745696879253,0.6338529134846741,0.24464263594698374,0.12898039616159618,0.6940024479804161,0.12077294685990338,0.06886873852956238,0.554367201426025,0.45625335480407947,0.12184881214956489
task1212_atomic_commonsense_classification,0.5659722222222222,0.5285695169276061,0.22958572963228704,0.7266929851199515,0.21144613760221728,0.14279401553280588,0.47987336047037543,0.692121266187906,0.2887183925630812,0.7362012987012987,0.22296483557021493,0.1551594230328197,0.779205138498595,0.1374177809344409,0.0816910725106636,0.5659722222222222,0.5285695169276061,0.14682082360852622
task1213_atomic_commonsense_classification,0.5862068965517242,0.5422702887033619,0.27917103144990385,0.6031746031746031,0.5171958624331005,0.2720666643486098,0.4791666666666667,0.7126781695423856,0.35834068927900664,0.6815662224318906,0.4021282898229964,0.1873996192952333,0.7488808821923791,0.24135391332453757,0.12157414309686526,0.5862068965517242,0.5422702887033619,0.1458960269590581
task1214_atomic_commonsense_classification,0.5582120582120582,0.533073483893156,0.25646548226641,0.539413080668509,0.5609984802923011,0.26739288095441677,0.6072270227808326,0.30232482943706146,0.17559899443271187,0.612789025334661,0.2699906230801565,0.1616083083215361,0.6458333333333333,0.08725336594189052,0.08126391648466497,0.5582120582120582,0.533073483893156,0.10456748716399636
task1215_atomic_commonsense_classification,0.483110950835437,0.7192982456140351,0.38248091256535655,0.5174632352941176,0.6206896551724138,0.35432331982037524,0.4479205005520795,0.7818181818181817,0.41380409391058415,0.5623386825272135,0.540983606557377,0.3282394115557883,0.6216897856242118,0.34375,0.15555564208498399,0.483110950835437,0.7192982456140351,0.21817880377827814
task1216_atomic_commonsense_classification,0.6921182266009853,0.24867089693020064,0.22886680108506205,0.5659722222222222,0.48686141123115917,0.2836739288217316,0.5659722222222222,0.48686141123115917,0.2749920347778072,0.7694235588972431,0.08496905255608736,0.16275097164100535,0.7699769976997699,0.033000213072241866,0.12511327842367334,0.6921182266009853,0.24867089693020064,0.21480250794786662
task1283_human_ratings_of_natural_language_generation_outputs_text_quality_evaluation,0.6846709388668497,0.2084891927785607,0.06730909500267812,0.6874684948079444,0.15049498060093602,0.04346698739214935,0.33774834437086093,0.9803921568627451,0.3994698674579953,0.6989160979526294,0.10575658834962556,0.031792750140222564,0.6598639455782312,0.05032315956685705,0.02326899115437628,0.6846709388668497,0.2084891927785607,0.042594065658504876
task1284_human_ratings_of_natural_language_generation_outputs_text_quality_evaluation,0.7333333333333334,0.2743208885320487,0.09407876711596727,0.5460679671205987,0.6247889226612631,0.2595853899877234,0.3695175438596491,0.9062253743104807,0.36496859411880944,0.7241086587436333,0.2652793299120076,0.08923056234074897,0.7266929851199515,0.09101257678326916,0.005558169205825747,0.7333333333333334,0.2743208885320487,0.101046810338764
task1289_trec_question_understanding,0.5795666585672911,0.5215563228851907,0.2011070641271919,0.7612902083188217,0.19498526746125064,0.1474099757655049,0.7241434838136488,0.285512983818465,0.22610717724678395,0.6918187907243994,0.2395443560448454,0.11183358596585076,0.7431297341631687,0.1507173484182495,0.062104275936389,0.5795666585672911,0.5215563228851907,0.19636357048131298
task1308_multilingual_amazon_reviews_text_categorization,0.6471418489767113,0.15852494844091475,0.00906348727478229,0.6482765551200884,0.12774340505432946,0.045870748910273595,0.5327635327635327,0.61346572527316,0.3034039038221371,0.7076318177235609,0.10680328469415933,0.13419515635637067,0.6482765551200884,0.12774340505432946,0.002605156856189811,0.6471418489767113,0.15852494844091475,0.008956288464297635
task1309_multilingual_amazon_reviews_summarization,0.9699248120300752,0.028636884306987413,0.04694314156270529,0.9699248120300752,0.028636884306987413,0.033208162393734836,0.864002510722879,0.16241879060469766,0.1738734662365291,0.9699248120300752,0.028636884306987413,0.03780611795002886,0.9699248120300752,0.028636884306987413,0.03818870318369583,0.9699248120300752,0.028636884306987413,0.03426162942511546
task1310_multilingual_amazon_reviews_sentiment_analysis,0.6449544162450225,0.2618654095503556,0.036020568327447655,0.5498793675775773,0.567660818726237,0.14822962173026322,0.39241906241906244,0.931392305683706,0.23888843493164774,0.6537382102599494,0.31575312596298816,0.04498289448939405,0.6388888888888888,0.2741170118190499,0.02763575243556171,0.6449544162450225,0.2618654095503556,0.06170833033762714
task1311_multilingual_amazon_reviews_sentiment_analysis,0.8062678062678064,0.04859621132933557,0.1490930538099585,0.8895841001104159,0.015889741917139207,0.10790526704617881,0.9480249480249481,0.050735667174023336,0.054826123461050785,0.878581835842642,0.00845594452900389,0.11738821305293531,0.7582417582417582,0.09561721890489012,0.14124193093375095,0.8062678062678064,0.04859621132933557,0.13048777631776126
task1312_multilingual_amazon_reviews_sentiment_analysis,1.0,0.0,0.003826360228600112,1.0,0.0,0.023576742253335364,1.0,0.0,0.12793451836630235,1.0,0.0,0.003815765142829358,1.0,0.0,0.0013462427277481648,1.0,0.0,1.1518563880485999e-14
task1313_multilingual_amazon_reviews_sentiment_analysis,0.9897023993409535,0.008560178051703452,0.0032675976496253367,0.9897023993409535,0.008560178051703452,0.005607723287649552,0.9897023993409535,0.008560178051703452,0.007730914539557043,0.9897023993409535,0.008560178051703452,0.004009253116197903,0.9897023993409535,0.008560178051703452,0.0024625374411052225,0.9897023993409535,0.008560178051703452,4.941035386396564e-09
task1328_question_&_answer_zre_question_understanding,0.7461410378749088,0.4688255227681388,0.308184372360095,0.7639069264069264,0.40964382380774167,0.2141959584384009,0.7929232804232805,0.3838635798083803,0.2014397179252405,0.7402116402116402,0.465368769697113,0.2759494274250075,0.8287457912457912,0.3565822338742652,0.1146262912649631,0.7461410378749088,0.4688255227681388,0.32610328035679836
task1336_equity_evaluation_corpus_gender_classification,0.9899749373433584,0.01052188552188554,0.000799958575590648,0.9899749373433584,0.01052188552188554,0.005559020032311124,0.9899749373433584,0.01052188552188554,0.0005219506852407463,0.9899749373433584,0.01052188552188554,0.000800132328779124,0.9899749373433584,0.01052188552188554,0.0028589664191954745,0.9899749373433584,0.01052188552188554,0.0
task1338_equity_evaluation_corpus_sentiment_analysis,0.903972156907725,0.09694425833439423,0.10088038149195809,0.9310823013415892,0.07940057284156994,0.03983300794030728,0.9220467032967034,0.07781929882474582,0.06849850183946525,0.912092556773408,0.09600757565369726,0.07878607649407342,0.9224537037037037,0.07781929882474582,0.06329460628424403,0.903972156907725,0.09694425833439423,0.09945156238551778
task133_winowhy_coreference_resolution,0.7785829307568438,0.02270944299929803,0.05456755012202641,0.7796474358974359,0.13212766835955236,0.06129508232944525,0.35064935064935066,0.9259259259259258,0.37981246962921533,0.7681217864704104,0.037120689294602355,0.09449182026784453,0.769792813532179,0.04130330217286743,0.02915469218486466,0.7785829307568438,0.02270944299929803,0.03430125940237305
task1344_rte_textual_entailment,0.8181818181818181,0.16221075672295188,0.14504201729803415,0.7960016319869441,0.21534455128205127,0.20602163450417166,0.47619047619047616,0.7554945054945054,0.3907718075033868,0.8084484323016433,0.15135327635327636,0.1214297771128516,0.8084484323016433,0.15135327635327636,0.09324506986527728,0.8181818181818181,0.16221075672295188,0.10749483686434053
task1346_cola_grammar_error_detection,0.8090644156366193,0.12662234884457102,0.11522980939691449,0.6756982948007113,0.3448996655518395,0.21536335466740525,0.32432432432432434,1.0416666666666667,0.45628181184868655,0.8193496587715776,0.11335209505941214,0.09770633828646974,0.8397435897435898,0.08775946275946271,0.03628030907806662,0.8090644156366193,0.12662234884457102,0.08844420262907804
task1347_sts_b_text_matching,0.4910795767617357,0.6488427024996656,0.0794182516819921,0.4093839271330462,0.5506454756134455,0.1507305213911388,0.1810836574391825,1.3027353030016395,0.2494979840059926,0.5766734374748109,0.2985970034470831,0.10251728929709683,0.5651697238035,0.40559032213734125,0.03225149476344247,0.4910795767617357,0.6488427024996656,0.1357297762052263
task1354_sentence_compression_text_matching,0.9899749373433584,0.009529254812273678,0.006195978164963284,0.9899749373433584,0.009529254812273678,0.015878264436243766,0.6553308823529411,0.4559270516717326,0.262977056330891,0.9899749373433584,0.009529254812273678,0.005969043409801117,0.9899749373433584,0.009529254812273678,0.008579258288113595,0.9899749373433584,0.009529254812273678,1.191269305422793e-12
task1361_movie_rationales_sentiment_analysis,0.8585858585858586,0.1565295169946333,0.08237157132224596,0.8270776116366596,0.19694161260426318,0.1336830310433235,0.8056265984654731,0.22554605887939222,0.16745916884485706,0.8487750781328763,0.1461161387631976,0.06314060011512149,0.8487750781328763,0.1461161387631976,0.06973167807357228,0.8585858585858586,0.1565295169946333,0.07638115365159281
task1384_deal_or_no_dialog_dialogue_state_tracking,0.8552441110672457,0.13710540395933654,0.05078875465560362,0.7857142857142857,0.05928184281842818,0.011745696431202907,0.8552441110672457,0.13710540395933654,0.05100764185870693,0.8331408034912078,0.1242930122240467,0.01951202583071443,0.8159735001840265,0.08169934640522873,0.024708360195017154,0.8552441110672457,0.13710540395933654,0.04066675396487618
task1391_winogrande_coreference_resolution,0.7373737373737375,0.015356265356265343,0.006429750644047966,0.6703296703296704,0.3130797773654917,0.21079011790922786,0.7584541062801933,0.014952153110047833,0.015629401225280976,0.7033248081841432,0.09260106091092012,0.08575890067285641,0.7479584635547938,0.0,0.0216048492541778,0.7373737373737375,0.015356265356265343,0.006486093906091617
task1393_copa_cause_effect_classification,0.9499549594635172,0.011583580800741343,0.021739771705129224,0.96,0.02000800320128051,0.04174519259869805,0.9499549594635172,0.011583580800741343,0.024978481759669546,0.9499549594635172,0.011583580800741343,0.02196906664276052,0.9499549594635172,0.011583580800741343,0.023402929556707308,0.9499549594635172,0.011583580800741343,0.016503296828765085
task1408_dart_text_matching,0.8125,0.1845668797916402,0.03658899635701729,0.7854997854997855,0.2659574468085106,0.10804190868215124,0.7103386809269162,0.3737780333525015,0.2313034333753939,0.8125,0.1845668797916402,0.029207098957112793,0.867007672634271,0.11281994490510666,0.023817940562207374,0.8125,0.1845668797916402,0.06331047809671347
task1418_bless_word_relation_classification,0.8704901005718338,0.1127455024132379,0.14626279719606802,0.8684499667925697,0.15034493653247627,0.23966202086051977,0.8569616446257159,0.18249791592793427,0.21044664138964173,0.8582838708850703,0.14342385556191825,0.14453275583732317,0.8983118340737918,0.07975883856889843,0.0738081972979947,0.8704901005718338,0.1127455024132379,0.14603850594052245
task1429_evalution_word_relation_classification,0.4862589480236539,0.4607633052251236,0.18089384425762944,0.5370822926378481,0.40644486796408946,0.1451755918716512,0.5710124330047702,0.33142201720805603,0.16288552149875585,0.4645260584332715,0.5890673128284182,0.25644876966469143,0.545716071579916,0.3003014052433187,0.05462222559664282,0.4862589480236539,0.4607633052251236,0.2235265590503252
task1431_head_qa_question_answering,0.7096328929020406,0.06371294916750467,0.050274073372317166,0.6999567548866978,0.06565698952985265,0.0892581586803526,0.6769958547639058,0.16544054010297862,0.10576646990676626,0.6712083879150812,0.12869455506411454,0.09448912232315637,0.6985905241342713,0.046965813694696754,0.03191110809977203,0.7096328929020406,0.06371294916750467,0.05480236345104568
task1434_head_qa_text_categorization,0.48497975143136435,0.4482580955359332,0.2997071066211803,0.5716666666666667,0.5021050920305637,0.07355598742958476,0.5341138635426183,0.586477400689139,0.1488835183421795,0.5759866181278862,0.3860674773829034,0.19816913574480294,0.5768980005795422,0.2613047979136807,0.06792628607782099,0.48497975143136435,0.4482580955359332,0.2622903527199861
task1439_doqa_answerability_classification,0.5396419437340154,0.31322843822843816,0.30571180546715115,0.5889724310776943,0.12494567579313336,0.2741285072808656,0.33542319749216304,0.9990452809601746,0.4742475697596656,0.6496847162446202,0.0061637080867849876,0.22666043538127228,0.6096486838154338,0.08932324506094994,0.15122287282904856,0.5396419437340154,0.31322843822843816,0.06243349416969421
task1442_doqa_answerability_classification,0.6047430830039526,0.2964426877470356,0.04453485336366014,0.6108031607500884,0.059414952341623306,0.15725448357294144,0.4694960212201591,0.6122024428660584,0.42201269585933443,0.5847828526540231,0.022854991799091198,0.22812454710670324,0.6279761904761905,0.12503024925385178,0.016635868516766905,0.6047430830039526,0.2964426877470356,0.031150954872562864
task1488_news_headlines_dataset_for_sarcasm_detection_text_categorization,0.742559983523839,0.2670940170940171,0.04774701632270317,0.5944849959448499,0.5300788954635108,0.22874987714890294,0.7312939231087227,0.2836971586971587,0.05323303686683922,0.8099809980998101,0.02769863880974996,0.02111586453703307,0.8099809980998101,0.02769863880974996,0.008525126269746497,0.742559983523839,0.2670940170940171,0.07064141987759642
task1495_ade_corpus_v2_text_categorization,0.7552019583843329,0.20429224321307474,0.11522217547272423,0.86,0.020008003201280496,0.04845301433242674,0.8792270531400965,0.07093746589544907,0.11575225333595687,0.8197115384615384,0.06880801100928179,0.03446991443318104,0.86,0.020008003201280496,0.020976581330278327,0.7552019583843329,0.20429224321307474,0.12216040739324915
task1500_dstc3_dialogue_state_tracking,0.9013967890680219,0.0817503078078019,0.09104333964889846,0.897500585000585,0.09862078501986868,0.10399375629727362,0.9097715066465066,0.08529044497783768,0.12463244373692765,0.9013967890680219,0.0817503078078019,0.05234828594346208,0.9121943115364168,0.0635630728653557,0.05976721266432171,0.9013967890680219,0.0817503078078019,0.058155573824784854
task1501_dstc3_dialogue_state_tracking,0.8514431239388794,0.023000255558395077,0.14032226653889865,0.8318621269440941,0.041862899005756134,0.11515153388280308,0.8712998712998713,0.004995004995004978,0.1448767520770899,0.841621792841305,0.03232062055591463,0.13046233646566335,0.8514431239388794,0.023000255558395077,0.12041233902230311,0.8514431239388794,0.023000255558395077,0.08927412020660933
task1502_hatexplain_toxic_language_detection,0.4099692577953447,0.7510092240333675,0.28574937465976624,0.5759050746735476,0.3974494410660617,0.1942382550826925,0.6046657046657047,0.16703166819035997,0.07385310943808016,0.6552894536765504,0.16683474490249203,0.0729610760189563,0.6650997150997151,0.15044295165492486,0.0772688047508425,0.4099692577953447,0.7510092240333675,0.1619341517689568
task1503_hatexplain_toxic_language_detection,0.4403379028379028,0.7253311446156174,0.35410034252663064,0.6708387096774194,0.4520659040030048,0.16803882659824454,0.6871192658924056,0.43862666445253773,0.08780631918264067,0.6245310245310245,0.5155688623074929,0.23194592294831673,0.7144729064039408,0.41162438816433966,0.12938551682768507,0.4403379028379028,0.7253311446156174,0.3591783592809041
task1505_root09_word_relation_classification,0.8571805006587615,0.07771123322934441,0.08801498935228019,0.8082559339525283,0.15211007794969536,0.14434718773957833,0.789342403628118,0.11678573656486627,0.12222270833462943,0.8229992994380599,0.14313931344025946,0.12687561737980113,0.8677398832738638,0.061541445990914934,0.04687897051850426,0.8571805006587615,0.07771123322934441,0.13854513666353407
task1516_imppres_textual_entailment,0.5742594910304547,0.5258654324941666,0.16819635622675094,0.6241358024691358,0.4098409355022218,0.16807314713014448,0.5788113695090439,0.515688531618733,0.3705363567951888,0.6000646595271771,0.5071762324559626,0.18640199814440567,0.649182658137882,0.292047408422476,0.11997883233324515,0.5742594910304547,0.5258654324941666,0.13741895980728042
task1517_limit_information_extraction,0.7198879551820728,0.12267847062702947,0.05637313764792265,0.69662098545873,0.1588888697341125,0.08404626366912663,0.6239316239316239,0.3900327006339173,0.24635911513896352,0.69662098545873,0.1588888697341125,0.09959970894884337,0.7348021215830274,0.05017257159240019,0.02187114904732823,0.7198879551820728,0.12267847062702947,0.023011913837805764
task1529_scitailv1.1_textual_entailment,0.8357963875205254,0.19047619047619047,0.11672409910882134,0.9099189270343309,0.03296703296703293,0.02858329127195805,0.3551783129359126,0.9607843137254901,0.38498721688480675,0.8368013055895553,0.16666666666666669,0.07972280037834947,0.8383838383838383,0.11904761904761903,0.08516455678157045,0.8357963875205254,0.19047619047619047,0.11629852677799252
task1531_dailydialog_dialogue_act_recognition,0.2813131313131313,1.2036746977744281,0.32735956940042943,0.6047855961681017,0.25699593357746897,0.06582652452562242,0.6152273406665079,0.29959423456029444,0.10125448986272827,0.44155311838238664,0.3476145721602424,0.18118884908358296,0.5510248590592086,0.27066535214745135,0.07173705929841562,0.2813131313131313,1.2036746977744281,0.18328617924697038
task1533_dailydialog_dialogue_act_recognition,0.4791666666666667,0.6255511463844797,0.14811667488793023,0.6212121212121212,0.39280351780351785,0.02763098270911571,0.24924924924924924,1.6203703703703705,0.37204276258295255,0.6279761904761905,0.23384353741496597,0.052576974597217996,0.5960257670051315,0.025195263290501386,0.009052698505916196,0.4791666666666667,0.6255511463844797,0.12554707629004588
task1534_dailydialog_dialogue_act_recognition,0.5998399359743898,0.013338668800853642,0.03686866743916628,0.58,0.020008003201280523,0.041066171542454705,0.5413333333333333,0.458780003229362,0.15977154355415796,0.595959595959596,0.14672535680939042,0.0016076272000585812,0.58,0.020008003201280523,0.0028924295223903274,0.5998399359743898,0.013338668800853642,0.0041272968031562385
task1535_dailydialog_sentiment_analysis,0.539894512400404,0.5795538554404813,0.11035074922466159,0.5586380832282472,0.3994701328807385,0.07383837712398131,0.5104039167686658,0.28934650783390276,0.03962683444756382,0.5219204557013528,0.2653891745377396,0.03510010493141552,0.5398159263705482,0.05705986098142961,0.023762776699308513,0.539894512400404,0.5795538554404813,0.12241026004634614
task1536_dailydialog_sentiment_analysis,0.2988890087369216,0.2884698183070697,0.009770700746698974,0.4152046783625731,0.6329113924050633,0.28360804584928767,0.43820224719101125,0.6329113924050633,0.3900220846866287,0.27656056221579167,0.030138637733574485,0.028093703306192763,0.33789698125911793,0.33887590232141024,0.013665439715119798,0.2988890087369216,0.2884698183070697,0.0007075442310918723
task1541_ag_news_text_categorization,0.8442930129688937,0.10484491304008307,0.05414549761201928,0.7975057887848586,0.13871744650648726,0.15067303332468462,0.7181199266823776,0.27027447531600496,0.20679484770744122,0.8368466508860598,0.0828557457550738,0.06260426800814471,0.8362795436722591,0.06095578095983666,0.043607459480939595,0.8442930129688937,0.10484491304008307,0.0859050602018399
task1548_wiqa_sentence_ordering,0.8015873015873016,0.2078352824621481,0.07700548720915446,0.6899545266639107,0.09368740712024291,0.06603572365457833,0.3694829760403531,1.0063319764812302,0.2572091743339484,0.712,0.0027880522666864803,0.028662937479983164,0.712,0.0027880522666864803,0.017446552167972085,0.8015873015873016,0.2078352824621481,0.09680921284428409
task1554_scitail_textual_entailment,0.75,0.3036437246963563,0.15764249532935912,0.8299829982998299,0.05213160333642263,0.001217510853178505,0.3453985367731998,1.000784929356358,0.37246673107679085,0.8299829982998299,0.05213160333642263,0.010126657864006128,0.849624060150376,0.09898190045248867,0.08306179993846363,0.75,0.3036437246963563,0.1545805173726566
task1559_blimp_linguistic_probing,0.32432432432432434,1.0416666666666667,0.4075090400594592,0.32432432432432434,1.0416666666666667,0.4270354247202056,0.5383380168606985,0.1513532763532763,0.1317039032260961,0.32432432432432434,1.0416666666666667,0.39644302559894207,0.5,0.42529585798816566,0.08807978168360125,0.32432432432432434,1.0416666666666667,0.06689334742179207
task1560_blimp_linguistic_probing,0.8891017239641092,0.10112359550561795,0.09334514012738249,0.8891017239641092,0.10112359550561795,0.11629243142969081,0.6570417081535569,0.44927536231884063,0.27420956362034166,0.9198717948717949,0.043478260869565195,0.048395605527548013,0.8996386993175431,0.06666666666666667,0.06643588027745212,0.8891017239641092,0.10112359550561795,0.08661769978664635
task156_codah_text_completion,0.8792053513862024,0.08824986171931469,0.02970038119233949,0.8682842623215294,0.10254921733335845,0.060556303314131976,0.8902849601379014,0.055992488342996846,0.10009247684170572,0.8686101132909644,0.10103580608022532,0.034179537640957894,0.8792053513862024,0.08824986171931469,0.03644779949230577,0.8792053513862024,0.08824986171931469,0.04123606496908025
task1583_bless_word_relation_classification,0.7987117552334944,0.08003201280512205,0.0004891150970595393,0.7874278773155178,0.11928822161776101,0.0654033260426593,0.7660461804495982,0.14889072512121734,0.09347688915263322,0.8084484323016433,0.09114757013916673,0.02380217722195066,0.7889659330720531,0.06863504895629136,0.007310591901947466,0.7987117552334944,0.08003201280512205,0.0008065252530633227
task1584_evalution_word_relation_classification,0.9191919191919191,0.031930179341173974,0.006213836221447666,0.9391233766233766,0.01258713334548644,0.05389661881634544,0.883855981416957,0.12079453926166339,0.1766731781433937,0.9191919191919191,0.031930179341173974,0.008801507583818036,0.9092650468797259,0.04192054375652911,0.004160906701488165,0.9191919191919191,0.031930179341173974,0.0058507228016324575
task1587_scifact_text_matching,0.88,0.10101010101010097,0.0280553866536305,0.8699869986998701,0.11262045744804361,0.0014022425985281417,0.40476190476190477,0.9090909090909091,0.4066382693358781,0.88,0.10101010101010097,0.03260224134467421,0.88,0.10101010101010097,0.0010745319137609177,0.88,0.10101010101010097,0.01314665676351831
task1589_scifact_text_quality_evaluation,0.4285714285714286,0.8322267856591421,0.3546364578924899,0.3197278911564626,1.0638297872340425,0.4953464080442251,0.3197278911564626,1.0638297872340425,0.4996683693650658,0.5626666666666666,0.4854765290639522,0.14971538597369385,0.5670995670995671,0.45145574917159403,0.09749679665588792,0.4285714285714286,0.8322267856591421,0.05860143243296914
task1592_yahoo_answers_topics_text_categorization,0.6528943571048835,0.4582852490454356,0.14499114742634778,0.6112057954362958,0.5071500503931078,0.19773478092227179,0.6356202895831379,0.45414572911269435,0.1753476505184483,0.6482357992884309,0.4928957514056677,0.14470563103345518,0.7017780829954952,0.3936102113098087,0.06135053165640488,0.6528943571048835,0.4582852490454356,0.20985200550653021
task1593_yahoo_answers_topics_text_categorization,0.5215963341858483,0.3629824863796762,0.10386480156381847,0.5692118383565752,0.41412695406618444,0.13148034552648533,0.5017189417324024,0.4712797486192064,0.24355769936397803,0.4998208050624692,0.44480461602624,0.20461840794843195,0.5759620472120472,0.38815220940029427,0.06326840766996944,0.5215963341858483,0.3629824863796762,0.11310861147046032
task1599_smcalflow_speaker_identification,0.8262078554049357,0.05808976397211693,0.15744367897614986,0.8513312609812136,0.12088579504309843,0.00895128602403894,0.836372136512389,0.04955760769714262,0.13607166655371386,0.8844820947246823,0.047405816636585885,0.09827468982918863,0.8417005879692447,0.10999371464487741,0.11336720580645138,0.8262078554049357,0.05808976397211693,0.1352956037960388
task1604_ethos_toxic_language_detection,0.7851662404092072,0.16994139427923066,0.2254619054349686,0.8099809980998101,0.007657383941230805,0.03612536388902965,0.8090644156366193,0.06644633161906743,0.15234249070484118,0.818840579710145,0.07759201241472201,0.15972903215151826,0.797979797979798,0.10504201680672266,0.1466164702165401,0.7851662404092072,0.16994139427923066,0.17577640388157656
task1612_sick_textual_entailment,0.8095795385777231,0.1727369316971957,0.01510348781517562,0.6922339104045788,0.4476326981054459,0.1121418614939521,0.6233111514418229,0.4382663152545694,0.34492993330513233,0.8306310475997627,0.0798123222501984,0.05969719790532202,0.8172981782201268,0.10516165389345186,0.032675940287007266,0.8095795385777231,0.1727369316971957,0.03231711911349641
task1615_sick_textual_entailment,0.7667188532860174,0.24621954436947677,0.07146341387144445,0.666696043869957,0.431707963435524,0.12146077693495032,0.5407135076252724,0.6399300836995706,0.25267020625200604,0.7597811671087533,0.23314708690213998,0.042192900319821924,0.7907647907647908,0.20732176289057438,0.028346913228412124,0.7667188532860174,0.24621954436947677,0.16284901032632754
task1623_disfl_qa_text_quality_evaluation,0.8813504476324021,0.14713750668806846,0.14813323281259017,0.9273783587509077,0.04546497872415562,0.05295685259073013,0.3333333333333333,1.09717868338558,0.406719534527665,0.9273783587509077,0.04546497872415562,0.061118429200809316,0.9273783587509077,0.04546497872415562,0.0968193167530852,0.8813504476324021,0.14713750668806846,0.07227148584146223
task1624_disfl_qa_answerability_classification,0.565936337329475,0.48270199875431746,0.18439670795328467,0.62,0.16420361247947463,0.010415831264363185,0.2907801418439716,1.1904761904761905,0.48774837075455113,0.6193910256410255,0.2304147465437788,0.06125668299976292,0.6296667000300271,0.2130737352412229,0.11451798842515501,0.565936337329475,0.48270199875431746,0.037935313001342674
task1630_open_pi_text_categorization,0.5910254737597442,0.3334990482449295,0.16338476400699398,0.7943759321910582,0.15315749438479045,0.11201160612239074,0.7551820728291316,0.3069244338619062,0.09994880453939119,0.6877880449483877,0.3130123457448047,0.04427645203979795,0.6762270986641055,0.25060178777693354,0.03720704469071465,0.5910254737597442,0.3334990482449295,0.2271087462034653
task1640_adversarial_qa_answerability_classification,0.8186666666666667,0.04419221286691164,0.06292010177600219,0.7964721845318861,0.16584528779650726,0.03695255541206552,0.6350858224084336,0.47043129234910047,0.2966348902999052,0.8186666666666667,0.04419221286691164,0.07156806139082011,0.8108448928121059,0.00889391133293567,0.03573200003214938,0.8186666666666667,0.04419221286691164,0.05392138562190618
task1645_medical_question_pair_dataset_text_matching,0.8886526976414617,0.043876314027755166,0.10705513901039249,0.8084484323016433,0.19234210055466097,0.16228425816509548,0.3150684931506849,1.0869565217391304,0.4913587480433643,0.8498648783905515,0.11603675286539736,0.04885552317867753,0.8899009108197378,0.04659031283359571,0.017936769478156367,0.8886526976414617,0.043876314027755166,0.10079177485639795
task1661_boolq_question_answering,0.8993558776167472,0.008946144211844734,0.028074438383825062,0.8698828946051447,0.04581042811927365,0.01930857837237543,0.797979797979798,0.20632045088566828,0.23024694808292806,0.8993558776167472,0.008946144211844734,0.02881169208474843,0.8894583458948849,0.0013569994029202688,0.05720192973551341,0.8993558776167472,0.008946144211844734,0.02532267893125148
task1712_poki_text_categorization,0.5598239295718287,0.34405892614847844,0.059214818843993405,0.5757575757575757,0.1894914144013475,0.010801953281793508,0.4330262225372077,0.7130124777183601,0.41799617920930143,0.5288220551378446,0.27777066639358955,0.04280878462959836,0.5757575757575757,0.1894914144013475,0.03379715004621736,0.5598239295718287,0.34405892614847844,0.012479812930638878
task1720_civil_comments_toxic_language_detection,0.6338529134846741,0.3636587771203156,0.12920463329747212,0.5796553173602353,0.32719017094017094,0.18802024166858056,0.4350282485875706,0.8148887276245765,0.4284130637207848,0.6482765551200884,0.14792899408284022,0.01248308410310714,0.6236395076797885,0.2467439967439967,0.05323181540236521,0.6338529134846741,0.3636587771203156,0.07975838051964343
task1721_civil_comments_toxic_language_detection,0.6693333333333333,0.3228353771832033,0.050941348092253425,0.6846709388668497,0.14864362690449642,0.0005903164936492122,0.38666666666666666,0.8873456790123456,0.4467295699792613,0.7171717171717171,0.17917556980056978,0.10462780468996125,0.6980676328502415,0.07440476190476188,0.01325683362635971,0.6693333333333333,0.3228353771832033,0.06838695121072919
task1722_civil_comments_toxic_language_detection,0.5452666391070691,0.34156519750757436,0.041531428521604574,0.6395839769333744,0.24163511558469544,0.10306768541083483,0.4106583072100314,0.8694043655197927,0.3689379853567404,0.584,0.38999206239872997,0.1272418681287124,0.5849782366636299,0.20652328728101413,0.00503012011866838,0.5452666391070691,0.34156519750757436,0.023346921470404652
task1723_civil_comments_toxic_language_detection,0.5174503422735944,0.559171036835787,0.16766567193706217,0.5793269230769231,0.048985111285893675,0.005951723153664018,0.4479205005520795,0.762123031030594,0.3123735080535355,0.5941558441558441,0.18007202881152468,0.031143066446712026,0.5941558441558441,0.18007202881152468,0.061024434844411085,0.5174503422735944,0.559171036835787,0.06421601111675879
task1724_civil_comments_toxic_language_detection,0.6305418719211823,0.3535353535353535,0.25431788138378186,0.6376811594202898,0.02525252525252524,0.07700532884615119,0.5464100011063171,0.6317411402157166,0.397533827882108,0.6550324675324675,0.2846648301193756,0.23313034883861294,0.6090225563909775,0.18380526577247888,0.11008000580887489,0.6305418719211823,0.3535353535353535,0.040733744944692674
task1725_civil_comments_toxic_language_detection,0.74997499749975,0.053418803418803375,0.10577347943120763,0.7383252818035426,0.0682172557172557,0.05546254234142789,0.5960257670051315,0.5011192511192512,0.30523327465126987,0.7395833333333333,0.014076576576576601,0.006593904019276731,0.74997499749975,0.053418803418803375,0.07359748456672666,0.74997499749975,0.053418803418803375,0.054485690622530614
task190_snli_textual_entailment,0.539413080668509,0.4833401892225421,0.16366192325817236,0.44258639910813824,0.6890168654874537,0.287014673007539,0.3939393939393939,0.7575757575757576,0.3237005985449606,0.49993242330044596,0.5453696630167219,0.16661525826794493,0.6527777777777778,0.10223340673167662,0.022435338327430332,0.539413080668509,0.4833401892225421,0.018718250659912283
task195_sentiment140_sentiment_analysis,0.7487689679429204,0.09333333333333327,0.0773702098118012,0.7398959583833533,0.027027027027027053,0.1441936402737794,0.7013695808876532,0.23943661971830985,0.2524923828478486,0.7277951406391774,0.12328767123287668,0.05902986894678941,0.7390606182256123,0.08108108108108109,0.05438441966331947,0.7487689679429204,0.09333333333333327,0.059069035057781355
task196_sentiment140_sentiment_analysis,0.7694235588972431,0.015161971683710808,0.1721481371966319,0.7694235588972431,0.015161971683710808,0.16353186423605873,0.7699769976997699,0.06744463266202398,0.18157236610664126,0.7898108297467721,0.042296010925620145,0.17740525780962246,0.7694235588972431,0.015161971683710808,0.16285402627471046,0.7694235588972431,0.015161971683710808,0.09127467597813868
task197_multinli_text_categorization,0.31780612244897954,1.006810560301249,0.4641450150919326,0.6577568922305764,0.3036873722466972,0.11631319103642687,0.6711178227457297,0.1681239975616489,0.18419486169174862,0.6709746109746109,0.24350497956101255,0.14689345754765717,0.7085965719637335,0.2633239214625033,0.10002869663130783,0.31780612244897954,1.006810560301249,0.29683465985425606
task198_multinli_text_categorization,0.38394759023562264,0.6855740200496252,0.10851090335202529,0.323758842783233,0.7830931518048895,0.054267862878785295,0.35,0.8501606862700577,0.1635275506053811,0.42166068580542265,0.5625061338536833,0.1026769385736508,0.3409061200237671,0.668763024105297,0.01800953406858473,0.38394759023562264,0.6855740200496252,0.07501056866382039
task199_multinli_textual_entailment,0.8289248585340177,0.15280058383506656,0.18893661253600835,0.6517990383021057,0.4432891299979908,0.27795208786716946,0.7807017543859649,0.22203325774754348,0.21438694171863135,0.786833855799373,0.1266972652514821,0.13510151679649463,0.7702205882352942,0.012400793650793676,0.08455766586576363,0.8289248585340177,0.15280058383506656,0.13665163505303218
task200_multinli_textual_entailment,0.8779274711478101,0.0886004303088136,0.0732540566212837,0.8793295058910332,0.07854060725396472,0.07493108051310299,0.9085171714424919,0.050459998028279836,0.019370936970678237,0.867517015050843,0.1045491842506838,0.07535293538988022,0.8995937873357228,0.03637380561659194,0.049136777917188096,0.8779274711478101,0.0886004303088136,0.08349520906543206
task201_multinli_textual_entailment,0.23839970770917063,0.23147197715598067,0.0181263552534687,0.2530859821182402,0.6246534904579062,0.10884135748772891,0.2622796593384829,0.41699917855309493,0.06544605846799514,0.2273845090746499,0.28485917522295107,0.016103330960523327,0.2337704387242998,0.27299004292199475,0.005588060715561477,0.23839970770917063,0.23147197715598067,0.004604522205499451
task202_multinli_textual_entailment,0.7805614783226723,0.08160575379506013,0.02298794578908403,0.7864157063241732,0.07206726063594922,0.08762213962724964,0.7824239262736915,0.027229881874235962,0.04201341188312124,0.789010989010989,0.06624476959207551,0.08035374213125482,0.791460131811009,0.04080247361433861,0.016348386322217884,0.7805614783226723,0.08160575379506013,0.018553258880623147
task204_multinli_text_categorization,0.735780837157558,0.2845082414452658,0.17272985450922262,0.7866666666666666,0.21277087814241774,0.11062436031953216,0.742559983523839,0.23474178403755866,0.14191533868317938,0.735780837157558,0.2845082414452658,0.1507419862240672,0.7762863534675615,0.20684973990181224,0.12150786461383056,0.735780837157558,0.2845082414452658,0.14264081803498016
task209_starcon_stance_detection,0.5993038729279643,0.2775865974944777,0.08999418979559504,0.6732481610530391,0.29007492215841085,0.16009913635650164,0.5408740005514199,0.49250358789674753,0.3612421259114387,0.5386259449743601,0.2510090499119053,0.1272945101732717,0.5386259449743601,0.2510090499119053,0.07021944565394267,0.5993038729279643,0.2775865974944777,0.0749359704690761
task211_logic2text_text_to_code,0.7106242248863166,0.35353535353535354,0.2728908729168871,0.8084484323016433,0.2132435465768799,0.1761531249664207,0.3497730339835603,1.0251450676982592,0.44778293578144224,0.7874278773155178,0.24165707710011508,0.20609982505652732,0.8084484323016433,0.2132435465768799,0.13755876935621392,0.7106242248863166,0.35353535353535354,0.22947081156514107
task212_logic2text_text_to_code,0.6826268777305644,0.5152140237385482,0.23392237459284554,0.7151351504292681,0.4541915079308087,0.17555604637030175,0.8572134387351779,0.27178894545503995,0.08597654289938897,0.8113759551450553,0.252659554232002,0.2168275352499484,0.988497814584771,0.02524726595323827,0.10408734218255762,0.6826268777305644,0.5152140237385482,0.25695920168343234
task213_rocstories_text_completion,0.9595959595959596,0.004208754208754178,0.004612331514537327,0.9595959595959596,0.004208754208754178,0.001716582961336116,0.9698522761531505,0.028116213683224003,0.04576637894301239,0.9595959595959596,0.004208754208754178,0.0047421674095754485,0.9595959595959596,0.004208754208754178,0.0009379322090124764,0.9595959595959596,0.004208754208754178,2.3657196757120857e-08
task214_rocstories_text_completion,0.7898108297467721,0.01798187629482176,0.012335328831060893,0.6693333333333333,0.34245582290887366,0.12147361482873231,0.6310763888888888,0.4044041859167909,0.1535355979493402,0.8199279711884754,0.044408007105281116,0.02190638032175901,0.8099809980998101,0.007657383941230805,0.02222774526981386,0.7898108297467721,0.01798187629482176,0.014244140163225949
task220_rocstories_title_generation,0.9797979797979798,0.018221574344023318,0.013002006409348177,1.0,0.0,0.08314595971177322,0.9898775179674055,0.009018759018759042,0.025699811088714664,0.9797979797979798,0.018221574344023318,0.001918316334825948,0.9797979797979798,0.018221574344023318,0.025760551095453194,0.9797979797979798,0.018221574344023318,1.2916813174612685e-09
task221_rocstories_text_completion,0.71509324009324,0.1831254879489655,0.060790894918100885,0.7470256100020166,0.0151634819821617,0.060152496034276165,0.7135964015538745,0.14940528901695088,0.02686745686199518,0.7186532448715015,0.2770399441913865,0.17162775402397956,0.744477313502335,0.08777480701617559,0.04092873787940918,0.71509324009324,0.1831254879489655,0.08020089472870673
task224_scruples_ethics_classification,0.6047430830039526,0.3678335870116692,0.08266796699352497,0.6514004087029691,0.14899136064484314,0.01984236896897207,0.522809696506967,0.5834601725012684,0.16803393922927173,0.6194824961948249,0.2500543596434007,0.049940823080932895,0.6615351020853806,0.050368017411892695,0.019187897044467134,0.6047430830039526,0.3678335870116692,0.1810368136780683
task226_curated_from_stack_overflow___english._answerability_classification,0.415614773258532,0.8012820512820512,0.27048324913649024,0.4725620020199753,0.6637034349298501,0.16616944235142123,0.32432432432432434,1.0416666666666667,0.46049213977857895,0.4725620020199753,0.6637034349298501,0.17299223264290134,0.6214833759590792,0.2785409035409035,0.09477831996307462,0.415614773258532,0.8012820512820512,0.13346985029254171
task227_clariq_question_understanding,0.8996386993175431,0.01341921631776704,0.015085750579820312,0.8999599839935974,0.05814993737699053,0.006707342703578145,0.6343908479773559,0.48834278512917456,0.28510330824413543,0.8996386993175431,0.01341921631776704,0.010054777062586923,0.8996386993175431,0.01341921631776704,0.016580098114862996,0.8996386993175431,0.01341921631776704,0.010369476786030285
task228_arc_question_answering,0.9498591707214288,0.04397656370711355,0.027213006706952605,0.960479302832244,0.028444131632818434,0.0709120328273737,0.9406240220578672,0.04490203415903925,0.05923840537439452,0.8644112810802731,0.09796251512157121,0.2953253901017106,0.9501879486972655,0.04397656370711355,0.01839616723269115,0.9498591707214288,0.04397656370711355,0.00993183832820324
task229_arc_question_answering,0.8171276844070962,0.0945497114465843,0.062136212183084114,0.81854035639413,0.0748703743877941,0.05190580113727068,0.8174696048632218,0.0945497114465843,0.06882419897681083,0.8174696048632218,0.0945497114465843,0.06930331424198477,0.8171276844070962,0.0945497114465843,0.04447016986007196,0.8171276844070962,0.0945497114465843,0.04911355409920226
task230_iirc_question_answering,0.9599745034053196,0.018733404200569344,0.06408003883012553,0.9499310725117177,0.014814126359374244,0.04153576531554801,0.950083814490594,0.014814126359374244,0.061401927834350944,0.9499310725117177,0.014814126359374244,0.03738789240054749,0.950083814490594,0.014814126359374244,0.028090748848628472,0.9599745034053196,0.018733404200569344,0.06494346411535035
task231_iirc_question_answering,0.6507936507936508,0.18260170786854177,0.1610118536817865,0.5647484575225439,0.3181907369938991,0.1897612577315665,0.6049463821202952,0.2776557514481517,0.14715087414228636,0.5753273472813818,0.15477475388389167,0.2162923842908256,0.6502866502866502,0.18260170786854177,0.1246944169738809,0.6507936507936508,0.18260170786854177,0.137361148560202
task232_iirc_answerability_classification,0.5796553173602353,0.09403935185185185,0.003058247959381699,0.5703301673450927,0.29121863799283154,0.08555818728757847,0.5755517826825127,0.13020833333333334,0.02988231763974203,0.5628946090335114,0.4082573784722222,0.14805534614684654,0.5689655172413793,0.004489942528735664,0.006155295517074499,0.5796553173602353,0.09403935185185185,0.003098298236261232
task233_iirc_answerability_classification,0.4650070968446337,0.2007469654528478,0.07480459658374589,0.5,0.3448275862068965,0.17949545160396488,0.23076923076923078,1.6666666666666667,0.4389369466837162,0.46943972835314096,0.09523809523809523,0.029156020895203083,0.46943972835314096,0.09523809523809523,0.059243125890309,0.4650070968446337,0.2007469654528478,0.0097483430567962
task241_tweetqa_answer_verification,0.9595959595959596,0.024322329575952758,0.026091086446555667,0.9595959595959596,0.024322329575952758,0.02731776749363729,0.9199679871948779,0.058636140866764705,0.12428190984956825,0.9595959595959596,0.024322329575952758,0.026050656376321424,0.9595959595959596,0.024322329575952758,0.023778074887067013,0.9595959595959596,0.024322329575952758,0.02219338575366933
task242_tweetqa_answerability_classification,0.9696325539022168,0.027129679869777563,0.04728063313263975,0.9696325539022168,0.027129679869777563,0.01029353637323499,0.9159310634720471,0.10111223458038422,0.20287415014750015,0.9696325539022168,0.027129679869777563,0.02004077661794404,0.9696325539022168,0.027129679869777563,0.02926185519009583,0.9696325539022168,0.027129679869777563,0.04750974678833525
task248_dream_question_understanding,0.21000000000000002,1.2472214015521847,0.3503163414045871,0.2392156862745098,2.289060099516104,0.14823353343983425,0.21628045157456924,1.8349390946182809,0.10306639067384119,0.2936572199730094,1.520802125934721,0.059497829365890306,0.35468217323227985,0.8258278175957767,0.04287777203552151,0.21000000000000002,1.2472214015521847,0.3140326998606511
task268_casehold_text_completion,0.5318574844571975,0.3143380240889486,0.0950690041762774,0.5305572755417958,0.30001995330193226,0.09020754987933016,0.5586751413659361,0.3122736716376926,0.1117602453387624,0.47659698025551683,0.4886947349005599,0.12665238057887407,0.5456819030167295,0.15772424559701698,0.017748171966390724,0.5318574844571975,0.3143380240889486,0.13635400244941664
task274_overruling_text_categorization,0.9598554797270173,0.04251700680272108,0.05152754430172932,0.9299929992999301,0.03076499416971086,0.13172975990611357,0.3288590604026846,1.0204081632653061,0.3601766231115919,0.9499549594635172,0.011583580800741343,0.08205020287157344,0.9599358974358975,0.02167533680138718,0.007991968505698832,0.9598554797270173,0.04251700680272108,0.029195055669813064
task276_wsc; enhanced_wsc_text_matching,0.888385507760031,0.09416603123890574,0.12149804145354756,0.8283490529867342,0.20435716845662646,0.14230602658743713,0.7517077770638491,0.3554701157886116,0.19163309931772424,0.8962502875546353,0.1197674876745024,0.1487096446088457,0.898634237845616,0.10955623360143281,0.10595594335798356,0.888385507760031,0.09416603123890574,0.05811751650088248
task279_stereoset_stereotype_detection,0.4479385045422781,0.4533011651204699,0.165573902009744,0.47406692406692413,0.36297265457465927,0.12048026407845061,0.4394593520752779,0.7525437547898667,0.19159189667515453,0.43874643874643876,0.46854767542550335,0.21957563337161012,0.5062159600800077,0.2834885625950285,0.012349410127198479,0.4479385045422781,0.4533011651204699,0.11065651182576143
task280_stereoset_text_categorization,0.8588560954625369,0.03924676474966724,0.18454201299499884,0.7449494949494949,0.29860745576818665,0.29486864232562093,0.8588560954625369,0.03924676474966724,0.21473792390334254,0.8235599999722667,0.048525004472809136,0.09462717796772345,0.782608395851721,0.08050455855698722,0.11964333144765668,0.8588560954625369,0.03924676474966724,0.21837862538520236
task284_imdb_sentiment_analysis,0.9594155844155845,0.045289855072463796,0.036445127316817094,0.9491404740107823,0.05720823798627005,0.0077315132876510095,0.44,0.7871064467766117,0.3453004800781751,0.9493875898370281,0.03602000169505895,0.052559128864854116,0.9594155844155845,0.045289855072463796,0.026324837038314924,0.9594155844155845,0.045289855072463796,0.03631238995532082
task285_imdb_sentiment_analysis,0.9495916927109588,0.03486234655285344,0.016567791427053308,0.9495916927109588,0.03486234655285344,0.020663711215856417,0.9495916927109588,0.03486234655285344,0.01937800963653366,0.9495916927109588,0.03486234655285344,0.02475749299895766,0.9495916927109588,0.03486234655285344,0.008499553694425038,0.9495916927109588,0.03486234655285344,0.013050628326335578
task286_olid_toxic_language_detection,0.6532027743778049,0.17239704739704745,0.13509801756328038,0.6598639455782312,0.07041569541569541,0.08018696338655584,0.6224786970121885,0.4561143984220908,0.17758734837872517,0.6673051718923279,0.1746077305778798,0.04787800358760097,0.6482765551200884,0.14792899408284022,0.0159561931711677,0.6532027743778049,0.17239704739704745,0.1422240091105691
task290_tellmewhy_answerability_classification,0.5404411764705883,0.23809523809523808,0.04416633168073392,0.511183528366168,0.5366027007818053,0.20914024195648984,0.40828402366863903,0.7142857142857144,0.4388969542602508,0.5250930560903607,0.4119425547996976,0.11145276422274186,0.570999570999571,0.03968253968253973,0.012790422192316409,0.5404411764705883,0.23809523809523808,0.018354019061174787
task291_semeval_2020_task4_commonsense_classification,0.8383838383838383,0.09908725394919873,0.19043756836722223,0.7916666666666667,0.23009203681472584,0.23987297678800534,0.849624060150376,0.03883906503777979,0.15584241316314595,0.849624060150376,0.03883906503777979,0.14718586809500228,0.849624060150376,0.03883906503777979,0.13903887166761938,0.8383838383838383,0.09908725394919873,0.16408219432662458
task296_roc_stories_text_completion,0.9899909918927035,0.009712509712509735,0.015933038696406415,0.9899909918927035,0.009712509712509735,0.0009355411218169296,0.9899909918927035,0.009712509712509735,0.014340281689356998,0.9899909918927035,0.009712509712509735,0.0012880083982669543,0.9899909918927035,0.009712509712509735,0.01692548328393162,0.9899909918927035,0.009712509712509735,0.015705215653826182
task297_roc_stories_text_completion,0.5882166613873931,0.33758932324506097,0.05919398409845511,0.6053333333333333,0.3573972323972324,0.15295184803022255,0.6161427533976553,0.262006512006512,0.026272796610226135,0.5924495924495925,0.37996277915632753,0.1569631469341669,0.6254681647940075,0.13481888481888488,0.014864121405827019,0.5882166613873931,0.33758932324506097,0.02259681315264994
task298_roc_stories_coherence_classification,0.949874686716792,0.012651821862348192,0.06151347949760552,0.8798076923076923,0.08559149184149185,0.11779046266064006,0.5714285714285714,0.5859375,0.31186113028216084,0.949874686716792,0.012651821862348192,0.06168109741837191,0.949874686716792,0.012651821862348192,0.07066429468976221,0.949874686716792,0.012651821862348192,0.06207914127942965
task309_race_question_answering,0.8403151568176199,0.06492605229474518,0.04734344610605243,0.8289992221934146,0.06568081860173139,0.050792756687502646,0.8403151568176199,0.06492605229474518,0.05885593208116349,0.8403151568176199,0.06492605229474518,0.0539587266248361,0.8403151568176199,0.06492605229474518,0.049795579662268094,0.8403151568176199,0.06492605229474518,0.03609957232486792
task310_race_question_answering,0.8799519807923168,0.02272727272727275,0.12286196023222304,0.8698828946051447,0.03448275862068969,0.10568164484143774,0.849624060150376,0.05882352941176469,0.24155225472767172,0.8799519807923168,0.02272727272727275,0.12455761657393269,0.8799519807923168,0.02272727272727275,0.09544774789917645,0.8799519807923168,0.02272727272727275,0.06307355047023525
task316_crows_pairs_stereotype_detection,0.5164835164835164,0.4401154401154401,0.08310941252759252,0.4643874643874644,0.5660377358490567,0.14190629706809987,0.5625,0.24730059212817837,0.01334061937427622,0.47987336047037543,0.5349794238683128,0.11382939573386053,0.5459824728117411,0.30657451710083294,0.007201370724507883,0.5164835164835164,0.4401154401154401,0.046527781380557576
task317_crows_pairs_stereotype_detection,0.716928314571508,0.26417095258577183,0.33847855946906247,0.7687636944111231,0.19859495551260112,0.12217669741916615,0.6955411101681241,0.2482341962527063,0.11694485700486881,0.6135768733807949,0.3767609992261225,0.25595675202766616,0.7120790374413563,0.2397518795543747,0.1303014850333984,0.716928314571508,0.26417095258577183,0.33040975634011627
task318_stereoset_stereotype_detection,0.5187499999999999,0.643162280208679,0.1616793385167836,0.6239699425869639,0.38582044294604273,0.22096579824539664,0.33564814814814814,0.9186577678535888,0.3655285090268081,0.7112665112665112,0.21451384074049032,0.011253905054349783,0.7112665112665112,0.21451384074049032,0.06323480547920168,0.5187499999999999,0.643162280208679,0.20228189792556084
task319_stereoset_stereotype_detection,0.720480173711353,0.3945214446552217,0.17290834403588606,0.7121254355400697,0.356015037411717,0.19243371173227308,0.558015206082433,0.43828940441432235,0.253163746429131,0.7919204579862407,0.18752279887545287,0.015793851607130538,0.8052750690354417,0.16852895066107737,0.06692930589969232,0.720480173711353,0.3945214446552217,0.19699894286331146
task320_stereoset_stereotype_detection,0.725877192982456,0.30223193393186043,0.19885601277705753,0.8336766964850456,0.06734388734965983,0.07322209089743384,0.6065934065934067,0.3748745409555141,0.19322486177966808,0.727374368550839,0.25859835587631647,0.15537883710520883,0.786832337127105,0.1623715708652237,0.03326320482535647,0.725877192982456,0.30223193393186043,0.21315158585324437
task322_jigsaw_toxic_language_detection,0.7455470737913485,0.3246753246753247,0.24594944531324106,0.8430798200648604,0.16813488680496355,0.04068157420467955,0.7694235588972431,0.1458686241294937,0.13334219668162678,0.830220713073005,0.2070393374741201,0.08249948037530896,0.8186666666666667,0.22262964903090623,0.1468765958800349,0.7455470737913485,0.3246753246753247,0.14250008581074636
task323_jigsaw_toxic_language_detection,0.4285714285714286,0.8547008547008547,0.14611322838853358,0.769792813532179,0.04130330217286743,0.019824196620201073,0.539894512400404,0.6434400502197113,0.07775166220017449,0.769792813532179,0.04130330217286743,0.02355901602015173,0.7796474358974359,0.13212766835955236,0.0059112481791464,0.4285714285714286,0.8547008547008547,0.1337577512093564
task325_jigsaw_toxic_language_detection,0.6695156695156695,0.4345220257716512,0.16975207092917757,0.8455359901143034,0.14050582095543956,0.035879170671409055,0.779205138498595,0.1374177809344409,0.11888116058775194,0.8346424142207525,0.154843149624362,0.042968165005073944,0.867007672634271,0.11281994490510666,0.020782352090587347,0.6695156695156695,0.4345220257716512,0.17971397946929546
task326_jigsaw_toxic_language_detection,0.6212121212121212,0.5050505050505051,0.23495955041305666,0.6995192307692308,0.07717372663351049,0.0850334980846928,0.612789025334661,0.4971219256933542,0.21682922003080732,0.6788438378161381,0.108278605559871,0.10581051663201091,0.6995192307692308,0.07717372663351049,0.05140423237142008,0.6212121212121212,0.5050505050505051,0.12903689441094174
task327_jigsaw_toxic_language_detection,0.9214454045561665,0.005929791271347227,0.044010583963329436,0.9007936507936507,0.1358695652173913,0.05750749090249904,0.8871473354231975,0.15453296703296704,0.11005548374767316,0.9298737727910238,0.05084480600750939,0.0068296634285692215,0.8813504476324021,0.06506113681427629,0.05669341890708049,0.9214454045561665,0.005929791271347227,0.02814163422479174
task328_jigsaw_toxic_language_detection,0.7837503861600247,0.23528398701252654,0.2345919973935648,0.797979797979798,0.1450580232092837,0.1203574195603733,0.797979797979798,0.1450580232092837,0.11604250161467972,0.8098288459613652,0.05705986098142961,0.07185062482703666,0.797979797979798,0.1450580232092837,0.03833456193536561,0.7837503861600247,0.23528398701252654,0.21285958746839265
task329_gap_coreference_resolution,0.7394335511982572,0.2636815197083825,0.17883784055873125,0.70917534477906,0.31207532873085164,0.2691575143003413,0.7013364924008444,0.30938338829056167,0.27122383734427996,0.7866666666666667,0.15941217568905752,0.1498065236447868,0.756552870476921,0.1512709785471664,0.1410849435591638,0.7394335511982572,0.2636815197083825,0.14840411719096658
task333_hateeval_toxic_language_detection,0.6756982948007113,0.3656642172691254,0.307446292459739,0.779205138498595,0.1374177809344409,0.19104216787736183,0.8098288459613652,0.09738763251408775,0.18040190076642348,0.8,0.06021678040947408,0.1477188758101471,0.7996794871794872,0.11039743075070253,0.10147814322436724,0.6756982948007113,0.3656642172691254,0.19448875782625694
task335_hateeval_toxic_language_detection,0.5164835164835164,0.5766369047619048,0.07214893034286862,0.5192307692307692,0.11711045364891519,0.029635456829425755,0.568922305764411,0.047795771479982034,0.008506733458857607,0.5755517826825127,0.44070512820512825,0.058545072002567256,0.537037037037037,0.10832146248812913,0.0017029962743499438,0.5164835164835164,0.5766369047619048,0.007532717869000893
task337_hateeval_toxic_language_detection,0.9194847020933977,0.027053915836140568,0.03956859449445088,0.9294283697953423,0.036907058960645445,0.05850508488017361,0.8996386993175431,0.006690753378830491,0.015384466724755463,0.8996386993175431,0.006690753378830491,0.021492349900265828,0.8996386993175431,0.006690753378830491,0.03429145177983384,0.9194847020933977,0.027053915836140568,0.04186591499732503
task340_winomt_gender_classification,0.9897023993409535,0.01202501202501204,0.035677011569293066,0.9897023993409535,0.01202501202501204,0.010552795761943179,0.9897023993409535,0.01202501202501204,0.030208572728624705,0.9897023993409535,0.01202501202501204,0.030322923010341535,0.9897023993409535,0.01202501202501204,0.06334524478092754,0.9897023993409535,0.01202501202501204,2.4968696554772407e-10
task341_winomt_gender_classification,0.7785829307568438,0.14279257067718604,0.13822040333613472,0.7028862478777589,0.37393162393162394,0.2602653450714507,0.7536945812807883,0.2509278002699056,0.1981659196509495,0.7992773986350863,0.11518429487179488,0.09236167951345145,0.7992773986350863,0.11518429487179488,0.06563313414093375,0.7785829307568438,0.14279257067718604,0.12059097702680593
task346_hybridqa_pos_tagging,0.7552019583843329,0.26591236545469954,0.1842554594754131,0.6756982948007113,0.3868234964643283,0.22397071744499397,0.49264332825976664,0.6910896403650028,0.2859363588259727,0.7874278773155178,0.22065268350353653,0.10190989439625309,0.7874278773155178,0.22065268350353653,0.0888844876951817,0.7552019583843329,0.26591236545469954,0.16052832023717048
task349_squad2.0_answerability_classification,0.8768472906403941,0.06173792251890719,0.059793176005227155,0.8768472906403941,0.06173792251890719,0.08759142711330042,0.6710093433346493,0.4385964912280702,0.35244401098391265,0.8768472906403941,0.06173792251890719,0.05791074748886421,0.8768472906403941,0.06173792251890719,0.028134554763397157,0.8768472906403941,0.06173792251890719,0.055411740688844385
task350_winomt_gender_classification,0.4120307553143374,0.9180790960451978,0.21172035592051097,0.5974235104669887,0.04822929585228055,0.0346251939280634,0.5604395604395604,0.3307151715584952,0.09969971899453434,0.5398159263705482,0.22430450293203502,0.02234994006543109,0.54995499549955,0.1672366492540118,0.018656698286073803,0.4120307553143374,0.9180790960451978,0.023994932979805206
task351_winomt_gender_classification,0.3548387096774194,0.9090909090909091,0.20022953602576693,0.5772946859903382,0.24033437826541273,0.027338944003956978,0.6052232007288187,0.2831594634873324,0.04366870389508687,0.5798319327731092,0.06617903169627312,0.003997778273271024,0.5899589958995899,0.08388974490669414,0.003384171823060056,0.3548387096774194,0.9090909090909091,0.08265485748887713
task353_casino_negotiation_strategy_detection,0.5824175824175825,0.48387096774193555,0.2914271511632234,0.40476190476190477,0.8461538461538461,0.4173046051630359,0.648,0.3731343283582089,0.22842746817523676,0.6828644501278772,0.21739130434782605,0.17304106424850949,0.7159090909090908,0.16666666666666666,0.1430777578444278,0.5824175824175825,0.48387096774193555,0.09565051508563016
task355_casino_negotiation_strategy_detection,0.6124031007751938,0.2868390722730863,0.006555076781467162,0.586606035551881,0.3613006824568446,0.041979856103704916,0.6496847162446202,0.10653738072445423,0.10024473441510917,0.6376811594202898,0.18566840626254516,0.0614276454124269,0.6186270574066639,0.15734061977959368,0.027274238126204137,0.6124031007751938,0.2868390722730863,0.008831104877395246
task356_casino_negotiation_strategy_detection,0.6666666666666666,0.21549682675002366,0.04261215355630266,0.5906626839252129,0.4147176852490862,0.20894874935388594,0.648,0.295022472180162,0.10391219124665452,0.7596153846153846,0.027544707178574504,0.10620193545011239,0.7457023700539112,0.09393451422436927,0.019779456126267858,0.6666666666666666,0.21549682675002366,0.03519363425966879
task357_casino_negotiation_strategy_detection,0.4725274725274725,0.6611544655022915,0.26998652878347884,0.3103448275862069,1.0869565217391304,0.4159575729265657,0.3103448275862069,1.0869565217391304,0.4252364382125804,0.7596153846153846,0.027544707178574504,0.062070393757007375,0.719551282051282,0.13642869923063158,0.0740372977901455,0.4725274725274725,0.6611544655022915,0.1413818463871499
task359_casino_negotiation_strategy_detection,0.68,0.06021678040947416,0.015406343825384,0.6828644501278772,0.2783935210235107,0.19751763702182185,0.6828644501278772,0.2783935210235107,0.2015230283383755,0.6998799519807923,0.031542123071629354,0.042129326975706205,0.68,0.06021678040947416,0.01008108673835087,0.68,0.06021678040947416,0.021422567179323226
task361_spolin_dialogue_generation,0.6419437340153453,0.2918197819843745,0.19964756926636845,0.6532027743778049,0.2731043879177159,0.11740776683477741,0.609375,0.4872084960402905,0.3079737268413365,0.6491228070175439,0.1374177809344409,0.006762219928889368,0.6347402597402598,0.24839421918908064,0.05189340301064557,0.6419437340153453,0.2918197819843745,0.15000796057192448
task362_spolin_dialogue_act_recognition,0.8199279711884754,0.015634771732332724,0.005722603942667104,0.8090644156366193,0.046494143716365906,0.037253044587457734,0.7647058823529411,0.15505328005328,0.08318351453118683,0.78997899789979,0.052742616033755296,0.028168360621307675,0.78997899789979,0.052742616033755296,0.04912653224335478,0.8199279711884754,0.015634771732332724,0.0316194830820464
task363_sst2_sentiment_analysis,0.8899889988998899,0.09182362626427114,0.125288791575315,0.8899009108197378,0.04659031283359571,0.05087159188321003,0.8368013055895553,0.08722490606548577,0.17150178984762246,0.8899889988998899,0.09182362626427114,0.1165672439197149,0.8899889988998899,0.09182362626427114,0.0908336617377769,0.8899889988998899,0.09182362626427114,0.10201965285312053
task375_ddo_text_categorization,0.42207420904604,0.8296485786729806,0.2934034939897898,0.6541173637864612,0.2147811732460561,0.13063931887658503,0.10702820282028203,2.949732830061426,0.4479966547456296,0.5959867617762354,0.3029635886156159,0.07032680661196072,0.5918379446640316,0.30860131955945197,0.09365083094496547,0.42207420904604,0.8296485786729806,0.2284174231466556
task379_ag_news_text_categorization,0.4139835545868833,0.8128802971401273,0.39809320216092353,0.8709534368070954,0.14174829771063344,0.17496806730348705,0.8939792663476874,0.14614169428939763,0.117943937158128,0.7377065187985932,0.34966610839628764,0.2357479813583443,0.8744923545720144,0.13779531470659748,0.06902189307977809,0.4139835545868833,0.8128802971401273,0.28660072455807556
task382_hybridqa_pos_tagging,0.6806559181559182,0.43144594262984426,0.46551059559700614,0.7253348503348503,0.38481216280683267,0.41393906892964194,0.6099326288842418,0.5279384385839291,0.3417180649087329,0.5825200961610697,0.8054815655447093,0.4574676875249583,0.7528530293236176,0.39412570650265105,0.13426892700310594,0.6806559181559182,0.43144594262984426,0.565293493443179
task383_matres_misc.,0.7777777777777778,0.1684746877054569,0.05660529634183209,0.7083333333333334,0.3182870370370371,0.14232878873862587,0.44808111924014893,0.7858187134502924,0.2818757242118047,0.6991389148251893,0.3080985915492958,0.11281611572690703,0.7898108297467721,0.0780996429730607,0.027376457534027676,0.7777777777777778,0.1684746877054569,0.024210666604702058
task384_social_iqa_question_understanding,0.6419437340153453,0.2594627594627595,0.2056007374748987,0.7028862478777589,0.13227513227513227,0.1804314526037775,0.8400000000000001,0.1589556277056277,0.07109323274507229,0.7488808821923791,0.0785920428777571,0.14800694409965306,0.6692848284415047,0.21737861811391226,0.184101182210952,0.6419437340153453,0.2594627594627595,0.14080884849175432
task386_semeval_2018_task3_irony_detection,0.5242836596968692,0.6503632819422294,0.2019689612555689,0.47150735294117646,0.7744107744107743,0.23563353793392522,0.6807743795695603,0.3498755672668717,0.15079764560695275,0.7796474358974359,0.15281015281015278,0.003270897945481216,0.779205138498595,0.17871017871017872,0.07104027596024212,0.5242836596968692,0.6503632819422294,0.06367907543255583
task387_semeval_2018_task3_irony_detection,0.405263980006248,0.7033358680242153,0.23648329475417176,0.39112050739957716,0.7290522003219323,0.23737743313739357,0.29519808911951234,1.0130865922351013,0.36528416657948437,0.4329004329004329,0.6046284752789383,0.1470935737743807,0.550137463855391,0.10718754717205774,0.03737938462764756,0.405263980006248,0.7033358680242153,0.13957558569702555
task391_cod3s_cause_effect_classification,0.7593890574327858,0.1744719926538108,0.11871370047556196,0.7821350762527233,0.14192558496355964,0.10314916992354772,0.3686255463817387,0.9848484848484849,0.2668799914268157,0.7599039615846338,0.07442849548112702,0.012090283111561129,0.7591328783621036,0.02126528442317915,0.0519059582063236,0.7593890574327858,0.1744719926538108,0.0917431957333551
task392_cod3s_cause_effect_classification,0.75,0.04535297891639564,0.06066396863180912,0.6482765551200884,0.11801985320270317,0.011644538573509833,0.31641756459274706,1.1795281887245104,0.2886321130440679,0.712,0.1286945706438183,0.08750194176561887,0.6673051718923279,0.09002904769971078,0.0057722571564921,0.75,0.04535297891639564,0.06399339537961979
task397_semeval_2018_task1_sentiment_analysis,0.6846709388668497,0.17140909418651148,0.09276292564854322,0.7267759562841529,0.04828437664258561,0.003984698496673489,0.7175436761167486,0.059168664770791086,0.0187854928373139,0.6940024479804161,0.15829941203075532,0.0893723417650377,0.7033248081841432,0.14555901669628812,0.07461564220468997,0.6846709388668497,0.17140909418651148,0.08709160734075727
task398_semeval_2018_task1_sentiment_analysis,0.769792813532179,0.06165551620097071,0.0306209355521756,0.7076318177235609,0.22905107412149667,0.06481936627591012,0.6666666666666666,0.39809863339275103,0.18189105252620535,0.7694235588972431,0.03541912632821725,0.06609507018036834,0.74,0.10101010101010098,0.05556301050685458,0.769792813532179,0.06165551620097071,0.0029438201434309197
task399_semeval_2018_task1_sentiment_analysis,0.7694235588972431,0.18576499900778337,0.21071137434027176,0.8430798200648604,0.007490262658543931,0.05661469686295817,0.74,0.2546689303904924,0.2515760673919267,0.8152709359605912,0.04762101950391325,0.1457673856364794,0.7767857142857143,0.09141961603761264,0.14890974956765754,0.7694235588972431,0.18576499900778337,0.0684381258928611
task400_paws_text_matching,0.7987117552334944,0.020128824476650514,0.017753358097333582,0.7599039615846338,0.10700059327061612,0.05069331648012959,0.3150684931506849,1.0869565217391304,0.3980930183568001,0.7384663667747673,0.20128824476650556,0.04990019163516052,0.7599039615846338,0.10700059327061612,0.02775150498537879,0.7987117552334944,0.020128824476650514,0.017836616752063272
task420_persent_sentiment_analysis,0.35901915983453553,0.548974032650128,0.16721672679010469,0.3721003275452057,0.4758673903514735,0.075191382056882,0.28945868945868947,0.7269746997164691,0.3064037078534749,0.3395601148260723,0.5080477972636583,0.1576858178408631,0.3915882091217752,0.12475993411322818,0.10518467627380967,0.35901915983453553,0.548974032650128,0.13288502534314584
task421_persent_sentiment_analysis,0.42581551286698077,0.060179300526514684,0.11255656525777526,0.32167832167832167,0.8438454508218692,0.17804459662475397,0.3283898305084746,0.9079148173496012,0.24495533342087378,0.3499349934993499,0.5973186144087571,0.09130339968743004,0.43296869302495183,0.3475963096786177,0.13910036134589854,0.42581551286698077,0.060179300526514684,0.09986577629148238
task456_matres_information_extraction,0.7076318177235609,0.25036583135174684,0.126902079347872,0.7050147492625369,0.3075269800621913,0.22238375367387125,0.6427070197562001,0.4599567099567099,0.3183569980519173,0.7085720028137876,0.22178525699652463,0.10762745425767978,0.7198879551820728,0.1499368686868687,0.08060917335424927,0.7076318177235609,0.25036583135174684,0.08799563719737769
task457_matres_word_semantics,0.8368013055895553,0.10705205406128733,0.16508302987939527,0.8260869565217391,0.1211590641973756,0.1770515248415163,0.8181818181818181,0.06217504969108305,0.12105889290476096,0.8270776116366596,0.09697561824979568,0.15296855388717076,0.8279178054458953,0.07279217230221571,0.1373956310632564,0.8368013055895553,0.10705205406128733,0.13304116041791977
task458_matres_word_semantics,0.6875,0.32623626373626374,0.23073194835976057,0.7331691297208538,0.2566268191268191,0.18749397070158735,0.8295739348370927,0.02027340129749768,0.08420566105620897,0.7442455242966752,0.24038461538461542,0.18080740579835353,0.7767857142857143,0.19415680473372782,0.1357967155000117,0.6875,0.32623626373626374,0.11080857025305751
task462_qasper_question_understanding,0.5370483182338853,0.6287022313525957,0.1183080058361801,0.6239153150697377,0.08776741008097695,0.10649541563781548,0.48584517831053065,0.7089576375590386,0.17406795988958662,0.6002516002516002,0.4796981371781134,0.05582420043933653,0.6893580984424531,0.2244819424516434,0.07414984079006434,0.5370483182338853,0.6287022313525957,0.08649257437420882
task472_haspart_kb_entity_relation_classification,0.6897207486738064,0.05709266578831793,0.08503905879732568,0.6897207486738064,0.05709266578831793,0.07372145240357819,0.7076318177235609,0.027030872101294654,0.029092804443251574,0.6363636363636364,0.2588383838383838,0.15585935774562804,0.6995192307692308,0.043290043290043254,0.04883355154172425,0.6897207486738064,0.05709266578831793,0.04585250633424043
task475_yelp_polarity_sentiment_analysis,0.9899989998999901,0.009902951079421688,0.017114843556005954,1.0,0.0,0.07320850765150252,0.6381727725011307,0.48019207683073223,0.24126055681877864,0.9899989998999901,0.009902951079421688,0.011244911189364104,0.9899989998999901,0.009902951079421688,0.06425384284353355,0.9899989998999901,0.009902951079421688,0.013294287619617623
task476_cls_sentiment_analysis,0.9899909918927035,0.010307153164296033,0.027973466773550948,0.9799679487179487,0.020824656393169536,0.11080074289403435,0.7425997425997426,0.32223415682062295,0.27294362094534974,0.9899909918927035,0.010307153164296033,0.020321596894171345,0.9899909918927035,0.010307153164296033,0.004250118801725128,0.9899909918927035,0.010307153164296033,0.03468988098962297
task477_cls_sentiment_analysis,0.949874686716792,0.027544707178574462,0.008521912786785824,0.9399038461538461,0.037688011786069134,0.0760224341621541,0.849624060150376,0.13971772283792747,0.2197678465477461,0.949874686716792,0.027544707178574462,0.01789453782838865,0.949874686716792,0.027544707178574462,0.0017798434921107997,0.949874686716792,0.027544707178574462,0.010366286319524548
task478_cls_sentiment_analysis,0.9791666666666666,0.004251700680272094,0.0019231393705630428,0.9688764394646747,0.004295532646048095,0.06013306984852407,0.8590982286634461,0.11143410852713177,0.22802624551358464,0.9791666666666666,0.004251700680272094,0.0019435903970852486,0.9791666666666666,0.004251700680272094,0.03120285981490928,0.9791666666666666,0.004251700680272094,0.0037680783865993994
task493_amazon_polarity_sentiment_analysis,0.9688764394646747,0.016407904774487246,0.06032615201401623,0.9586606035551881,0.007751136833402244,0.008479278027883896,0.8299829982998299,0.17357565856646928,0.19441801221302257,0.9688764394646747,0.016407904774487246,0.06682907792755916,0.9586606035551881,0.007751136833402244,0.053436186665806656,0.9688764394646747,0.016407904774487246,0.05979217216414967
task494_amazon_polarity_sentiment_analysis,0.9388004895960832,0.05319148936170212,0.0080273923668647,0.948849104859335,0.043859649122807036,0.015421728526194195,0.948849104859335,0.043859649122807036,0.009536452182108635,0.948849104859335,0.043859649122807036,0.008410973944256328,0.9388004895960832,0.05319148936170212,0.0034742242856308225,0.9388004895960832,0.05319148936170212,0.004449626400266693
task495_semeval_2020_task_7_text_categorization,0.40476190476190477,0.8461538461538461,0.13775276196103997,0.4171928120446819,0.8076923076923076,0.1227331689220616,0.7099709970997099,0.014084507042253534,0.02700042143072459,0.625,0.31249999999999994,0.019854763010441423,0.7092731829573935,0.0704225352112676,0.0030685014641329555,0.40476190476190477,0.8461538461538461,0.10597038170400047
task496_semeval_2020_task_7_text_categorization,0.9882061563863663,0.00721500721500719,0.02112515364915693,1.0,0.0,0.010896077692984368,0.9882061563863663,0.00721500721500719,0.025271667461882447,0.9882061563863663,0.00721500721500719,0.020369644655290953,0.9766245909303413,0.014577259475218663,0.03535714367782555,0.9882061563863663,0.00721500721500719,4.981887544008856e-05
task498_scruples_ethics_classification,0.24635990771597027,0.8816193950351011,0.2111256438758286,0.13030226060452121,1.4275565917671518,0.6607342567626782,0.17780789148884732,0.6668671679291823,0.24899134352280936,0.3252481694432159,0.42080054168834324,0.029225468494078782,0.30771924073041995,0.22607816126793243,0.01057405331715243,0.24635990771597027,0.8816193950351011,0.030098214186042416
task502_scruples_ethics_classification,0.6419437340153453,0.1320901320901321,0.055100081912303034,0.567882624861823,0.22505759347864618,0.03144516389070917,0.45426195426195426,0.7349355625217695,0.285048030220622,0.6328029375764994,0.11994949494949494,0.04739290192576767,0.6587715776796468,0.009182736455463704,0.03037880469803317,0.6419437340153453,0.1320901320901321,0.012291999080525362
task503_scruples_ethics_classification,0.47456914670029426,0.024283632831471558,0.021836713961332882,0.4937873907040957,0.5592484396859799,0.18794666219578368,0.40828402366863903,0.7042253521126761,0.43580422364686267,0.4084047327621379,0.1052290756030436,0.06055301928525608,0.4986666666666667,0.06277089996059639,0.01296515630446568,0.47456914670029426,0.024283632831471558,0.006096426682903833
task508_scruples_ethics_classification,0.44587106365725093,0.7073240798480953,0.14686185275615005,0.5805626598465473,0.07672311713062546,0.032857976240631775,0.37794937794937794,0.825803657552314,0.10318301937407659,0.54995499549955,0.2048179187492954,0.007300227147570726,0.6032956972841013,0.0342235986961148,0.0136796056325037,0.44587106365725093,0.7073240798480953,0.04386482054135027
task512_emotion_sentiment_analysis,0.4030459113469949,0.581932791173306,0.20970934251906861,0.44305859228339844,0.40999383007163676,0.25088237062113844,0.3736907536907537,0.556349910963573,0.1869512609910478,0.4930376259777349,0.3686707729906821,0.11430347139000832,0.45849452691557957,0.35803048612545835,0.05277763061059136,0.4030459113469949,0.581932791173306,0.21658839643882952
task517_emo_sentiment_analysis,0.6883535108958838,0.126664949830531,0.08122232999210129,0.5907352051528415,0.4880414647541661,0.20778338409282726,0.5685693473193474,0.5629201710485171,0.1735146436815656,0.676761801588018,0.17353755155572367,0.08805818364063481,0.6825000000000001,0.09087652275226672,0.03977464409511036,0.6883535108958838,0.126664949830531,0.08117140866093933
task520_aquamuse_answerability_classification,0.9197109594540345,0.07627765064836002,0.02891747567421593,0.9197109594540345,0.07627765064836002,0.02813855350493452,0.9273783587509077,0.06558657208161688,0.17373963306698925,0.9197109594540345,0.07627765064836002,0.028806960499162676,0.9197109594540345,0.07627765064836002,0.029816433207225462,0.9197109594540345,0.07627765064836002,0.02803393299851642
task521_qanta_text_categorization,0.9197314962020844,0.1408442486677609,0.07539971643196905,0.8944230769230769,0.21164021164021163,0.021624682633215,0.8776896157444302,0.2354200107009096,0.087126285092211,0.9079109538552264,0.16306988861008534,0.045615513625157436,0.9197314962020844,0.1408442486677609,0.05363541405723303,0.9197314962020844,0.1408442486677609,0.04407956341095556
task564_discofuse_discourse_relation_classification,0.06857865046450654,1.6720840409888644,0.14269548557201617,0.1930312982294731,0.801737472976313,0.0634317744278438,0.1577720236340926,1.2601221279616006,0.1038946884242968,0.22413981410636924,0.9710578304114076,0.023946290070033342,0.19900377400377403,0.987850651786971,0.0059927950139329195,0.06857865046450654,1.6720840409888644,0.23565811023064157
task566_circa_text_matching,0.6408295678368672,0.25959547698678137,0.09217231297916711,0.7708333333333333,0.04790081713158641,0.058923101741072764,0.6212121212121212,0.5019305019305019,0.21039447246724413,0.662116502230031,0.4175824175824176,0.15216953069956213,0.7383252818035426,0.21087021087021088,0.0125249838719651,0.6408295678368672,0.25959547698678137,0.11685863167570673
task573_air_dialogue_intent_identification,0.976418570375829,0.028241261385987194,0.1973699147912903,0.8248141954663695,0.09030996772881619,0.05263936979589036,0.928411513859275,0.05770624326378119,0.04958460684171381,0.6212662337662338,0.3729874556530752,0.27603650191320905,0.9447954594131507,0.028241261385987194,0.0814752329075986,0.976418570375829,0.028241261385987194,0.0017816469381267547
task575_air_dialogue_speaker_identification,0.7785829307568438,0.22581585081585082,0.21546113998119823,0.779205138498595,0.19980019980019978,0.20516824965082883,0.7564935064935066,0.2819548872180451,0.28703029653611956,0.7785829307568438,0.22581585081585082,0.20601657316594393,0.779205138498595,0.19980019980019978,0.20084634671109516,0.7785829307568438,0.22581585081585082,0.15298856607844405
task577_curiosity_dialogs_speaker_identification,0.9198717948717949,0.05709266578831797,0.1105141281722225,0.9198717948717949,0.05709266578831797,0.10629899016992372,0.5024875621890548,0.7142857142857143,0.36297830881632653,0.9298245614035088,0.046703595090691864,0.09743360391004963,0.9298245614035088,0.046703595090691864,0.08348196769496685,0.9198717948717949,0.05709266578831797,0.10967908182781069
task579_social_iqa_answer_verification,0.5017958521608157,0.5727886544057407,0.17284622031287628,0.5017958521608157,0.5727886544057407,0.15440864052482675,0.3551783129359126,0.8864576426383758,0.3991797576961291,0.5039983804028747,0.13656026017492343,0.0017617922972005817,0.5166036149642708,0.32951631180294627,0.07094944894368871,0.5017958521608157,0.5727886544057407,0.020198833763654278
task580_social_iqa_question_answering,0.6906207644348061,0.07768732108884875,0.031116108086519628,0.7091955579631636,0.009253402534217681,0.08652750428930456,0.7336967015379176,0.12861170695375412,0.10989077570876486,0.6811868002889131,0.09513021111163251,0.07025820502923924,0.699585137085137,0.026486755808974603,0.021790342218844794,0.6906207644348061,0.07768732108884875,0.031222683550579583
task585_prepositional_paraprasing_preposition_prediction,0.3409144998579142,0.49934731366289736,0.3104732982045567,0.3633905890291339,0.7964399456166682,0.3132860770619239,0.3329833662714097,0.7688322073143317,0.14138314436771296,0.3404833261976119,0.9202666421727275,0.17820037664882374,0.3244559026106188,1.0138128881683268,0.11318524370117704,0.3409144998579142,0.49934731366289736,0.2555544143208651
task586_amazon_fine_food_reviews_sentiment_analysis,1.0,0.0,0.0051554395480963855,1.0,0.0,0.06399748481895182,0.8993558776167472,0.10893246187363832,0.23576449597663166,1.0,0.0,0.012020798984641479,1.0,0.0,0.009059488694904694,1.0,0.0,0.005152185404877968
task587_amazon_fine_food_reviews_sentiment_analysis,0.8894583458948849,0.058675155455440574,0.002749183678262407,0.8894583458948849,0.058675155455440574,0.030341559288090653,0.8894583458948849,0.058675155455440574,0.01642509026150968,0.8894583458948849,0.058675155455440574,0.002296381400928138,0.8996386993175431,0.04668534080298788,0.00536227195559405,0.8894583458948849,0.058675155455440574,0.0173282433825514
task588_amazon_fine_food_reviews_sentiment_analysis,0.6111807296017823,0.3370460956972142,0.07320956475224284,0.479460815047022,0.5850543062017456,0.21623775656997127,0.3620125786163522,0.5536636374818249,0.2885672459323638,0.5754916111841675,0.31946617990739107,0.09484245501257119,0.6170203866542956,0.29482920462538714,0.009745383100532495,0.6111807296017823,0.3370460956972142,0.08121894534111661
task590_amazon_fine_food_reviews_text_matching,0.7477931904161412,0.19138755980861244,0.11158555496953884,0.75,0.16480595427963846,0.06213214791563476,0.44587106365725093,0.7721280602636535,0.417508170297645,0.75,0.16480595427963846,0.07482554805584418,0.742559983523839,0.1279461279461279,0.029897928445163036,0.7477931904161412,0.19138755980861244,0.04847296517254146
task607_sbic_toxic_language_detection,0.5689655172413793,0.19712366039202628,0.0452535192064521,0.5636277862955537,0.5425197454182962,0.18450673624195937,0.6186270574066639,0.016882239883642392,0.024395048498961236,0.570999570999571,0.35560923242082665,0.0931479754990229,0.6161616161616161,0.08181393174380552,0.011698850982698988,0.5689655172413793,0.19712366039202628,0.02058195386592354
task608_sbic_toxic_language_detection,0.6457131288591963,0.23005898156440102,0.04797093895451002,0.6096486838154338,0.10957479713855124,0.05400071878974014,0.6457131288591963,0.23005898156440102,0.0599583925918698,0.6532027743778049,0.2731043879177159,0.09590515252892451,0.6578099838969405,0.18186684184275514,0.0242783350350389,0.6457131288591963,0.23005898156440102,0.035016044254065515
task609_sbic_toxic_language_detection,0.6347402597402598,0.03415300546448082,0.008495543993570775,0.6186270574066639,0.33288586963891037,0.2520351399560854,0.64,0.2311895754518705,0.13917684955093632,0.6368917937545389,0.07598538493872666,0.11159154372461483,0.6457131288591963,0.05335144048889317,0.013091758814374271,0.6347402597402598,0.03415300546448082,0.010734447945658365
task616_cola_text_quality_evaluation,0.47916666666666663,0.689159479113817,0.20666417662106407,0.796037296037296,0.24246929312236734,0.2513458013037877,0.42196531791907516,0.684931506849315,0.4476576840336588,0.7612847222222222,0.128140082477982,0.08628498432891807,0.7519145723222953,0.13869945376794696,0.09360826223020255,0.47916666666666663,0.689159479113817,0.030677312004703527
task621_ohsumed_information_extraction,0.8095238095238095,0.03174603174603175,0.004196088263912351,0.8119122257053292,0.039215686274509796,0.051427639045524054,0.8095238095238095,0.03174603174603175,0.00531539505202322,0.8095238095238095,0.03174603174603175,0.010244041971745055,0.8129967274427303,0.0634920634920635,0.026107807924567128,0.8095238095238095,0.03174603174603175,0.0013175239940392824
task623_ohsumed_keyword_tagging,0.9899989998999901,0.01010101010101011,0.01622568692634488,0.9899989998999901,0.01010101010101011,0.027146572275306813,0.9699729756781104,0.03092783505154642,0.025246100073813227,0.9899989998999901,0.01010101010101011,0.01629332642270423,0.9899989998999901,0.01010101010101011,0.013066933367817252,0.9899989998999901,0.01010101010101011,0.01772101491867148
task629_dbpedia_14_text_categorization,0.7497437319916312,0.3703547239428806,0.18040441900077028,0.7232547739508876,0.39519355503093745,0.1314551153047747,0.7994564332910199,0.3359826451731365,0.13625219070731998,0.7073486737352283,0.39080118207315395,0.19365715111762566,0.7877996493653283,0.3268311986796054,0.07661471061120795,0.7497437319916312,0.3703547239428806,0.15836103385060887
task630_dbpedia_14_text_matching,1.0,0.0,0.0006057967532143438,1.0,0.0,0.000922392362620511,1.0,0.0,0.11278790727316801,1.0,0.0,0.0006015984010689646,1.0,0.0,0.0014723793493544857,1.0,0.0,0.0
task632_dbpedia_14_text_categorization,0.9699248120300752,0.031559015358720785,0.004464094413067804,0.9899909918927035,0.010307153164296033,0.0015741250274337037,0.7726333195535345,0.250869578600671,0.27296903357931535,0.9699248120300752,0.031559015358720785,0.004454059653196174,0.9799679487179487,0.020824656393169536,5.862208514403888e-05,0.9699248120300752,0.031559015358720785,2.684389568963219e-08
task633_dbpedia_14_text_categorization,0.9909043927648579,0.018365472910927442,0.044151769639405716,0.9909043927648579,0.018365472910927442,0.057000165051850515,0.9879414298018949,0.018365472910927442,0.06434520612043344,0.9918400652794777,0.018365472910927442,0.07975509074445022,0.9909043927648579,0.018365472910927442,0.06191191247992879,0.9909043927648579,0.018365472910927442,0.039514253023768126
task638_multi_woz_v22_speaker_identification,0.5087719298245614,0.1791860061254776,0.030334610876969648,0.5087719298245614,0.1791860061254776,0.0362568808771323,0.4875222816399287,0.5158943162163773,0.09270108120344156,0.5353535353535354,0.10586270650682884,0.015327113325546982,0.5095586027424682,0.13971772283792752,0.001606859052220272,0.5087719298245614,0.1791860061254776,0.00310666509493443
task673_google_wellformed_query_question_understanding,0.6376811594202898,0.2485795454545455,0.17018211985386147,0.5008680555555556,0.6478475228475227,0.32972821966715543,0.3055555555555556,1.1363636363636365,0.4902688012999138,0.66996699669967,0.13689668540414807,0.10287071490312402,0.6394230769230769,0.1851663961038961,0.10014367584742367,0.6376811594202898,0.2485795454545455,0.044708143893532615
task679_hope_edi_text_categorization,0.7362637362637363,0.16419444196229113,0.09403365631099864,0.7767857142857143,0.09141961603761264,0.004456610017355561,0.2932452786467385,1.261373035566584,0.2914585000751322,0.7874278773155178,0.10691796866605058,0.007025372920603845,0.8152709359605912,0.04762101950391325,0.03897012950128276,0.7362637362637363,0.16419444196229113,0.11556865560298069
task681_hope_edi_text_categorization,0.43612343488119887,0.5564658407300274,0.14847555797461584,0.4331154684095861,0.5463237605544817,0.10498793676832611,0.5526259903618395,0.35857112178824607,0.041031496364296344,0.4929186040297151,0.5232854284012562,0.07835003188518858,0.5688652462721534,0.2879562836000628,0.028203153039135453,0.43612343488119887,0.5564658407300274,0.11989363471959283
task682_opp_115_text_categorization,0.9730770171448139,0.04674701988794143,0.18582676397936015,0.9867587283641552,0.025352244642854755,0.052623937642187264,0.8536260709914321,0.2549442780789537,0.10744223615538916,0.7073984221762276,0.3791992351330808,0.2605128501638508,0.979236570479021,0.038420411984532464,0.08580636714383516,0.9730770171448139,0.04674701988794143,0.06071856667649575
task683_opp_115_information_extraction,0.6876421594687848,0.4175052640263428,0.38296823109810757,0.7936507936507936,0.4060961057549758,0.30428446518097924,0.7221409463572775,0.48458028532953823,0.26444490744232707,0.6518973351210193,0.5304395337071859,0.21004962603875824,0.7908685431551286,0.37271054415985233,0.07706745002460169,0.6876421594687848,0.4175052640263428,0.3829366045549594
task738_perspectrum_textual_entailment,0.8881090428237208,0.10623739556323826,0.16948533892389636,0.8594941790445605,0.02981514609421582,0.05473463125875064,0.5174632352941176,0.6617484526967286,0.3091579605871604,0.8881090428237208,0.10623739556323826,0.16057744316791564,0.8886526976414617,0.08372947277441661,0.13661419976136535,0.8881090428237208,0.10623739556323826,0.17229301478800638
task744_eurlex_text_categorization,0.9915394912985275,0.011337290062314388,0.019459902982054245,0.9915394912985275,0.011337290062314388,0.03306095467653836,0.9915394912985275,0.011337290062314388,0.01010222600116542,0.9915394912985275,0.011337290062314388,0.019121245425701983,0.9915394912985275,0.011337290062314388,0.03180049336026142,0.9915394912985275,0.011337290062314388,0.020158547735203536
task746_yelp_restaurant_review_sentiment_analysis,1.0,0.0,0.014030256595476492,1.0,0.0,0.012562220501667304,1.0,0.0,0.018822087848616387,1.0,0.0,0.013998960361895879,1.0,0.0,0.014815912239264178,1.0,0.0,9.163322773469984e-05
task767_craigslist_bargains_text_categorization,0.9284848484848486,0.09961271146892602,0.15636132664723956,0.9479073238293098,0.06014348621546336,0.06447563271492127,0.9364228697720159,0.06921438041231677,0.031272679525029434,0.882882116893036,0.09673775229675247,0.2044658943216203,0.9377057456767602,0.07418550224075468,0.09121929320233246,0.9284848484848486,0.09961271146892602,0.17073774274126335
task827_copa_cause_effect_classification,0.9586606035551881,0.028222495894909654,0.016132333158919265,0.9586606035551881,0.028222495894909654,0.04752086785283027,0.9586606035551881,0.028222495894909654,0.018372673050590704,0.9589490968801313,0.006841817186644823,0.013772439610582915,0.9589490968801313,0.006841817186644823,0.0031740233952952668,0.9586606035551881,0.028222495894909654,0.019744522528488406
task828_copa_cause_effect_classification,0.6693333333333333,0.42384468143286846,0.19202121272813,0.6637242538881883,0.3849151061468345,0.1679670261100883,0.6178622120318812,0.5079825834542815,0.2981910613388697,0.7013695808876532,0.30051848626887784,0.1072367842683857,0.7348021215830274,0.2500895114303384,0.10416833953823429,0.6693333333333333,0.42384468143286846,0.09620048593180949
task834_mathmatics_dataset_question_understanding,0.6991361245623662,0.42769905405633657,0.24134251747382907,0.7688013574584402,0.3510304756604689,0.08154152743710838,0.8283176711375477,0.21396092201635453,0.12373746576599573,0.7688471553696836,0.3134625868370154,0.0999860355530045,0.8123846322082088,0.1980853236088642,0.11417675692266153,0.6991361245623662,0.42769905405633657,0.23931090116813242
task843_financial_phrasebank_sentiment_analysis,0.9217403090268365,0.08748856191656522,0.06723546737964775,0.8274087454415323,0.230778013291466,0.06177075611341171,0.8047644163150491,0.29099044493273557,0.08165024327622145,0.941267513848159,0.05971306864669161,0.07473739783442582,0.9315078401721516,0.07340778286424647,0.04647716695077672,0.9217403090268365,0.08748856191656522,0.06497739035098957
task844_financial_phrasebank_sentiment_analysis,0.5398159263705482,0.023045928304860484,0.02863264370370494,0.5953937130407718,0.3728175530269626,0.10552814616508122,0.45238095238095233,0.803633822501747,0.3577970318125962,0.5398159263705482,0.023045928304860484,0.0287542606390164,0.5398159263705482,0.023045928304860484,0.0032624312246718468,0.5398159263705482,0.023045928304860484,0.028555650113250147
task846_pubmed_qa_answer_verification,0.8996386993175431,0.04668534080298788,0.009325737197592748,0.8999599839935974,0.0022231114668089555,0.0706264128994536,0.3288590604026846,1.0204081632653061,0.45328153576905517,0.8996386993175431,0.04668534080298788,0.004493982308147099,0.9099189270343309,0.012972221855775248,0.05692506933625263,0.8996386993175431,0.04668534080298788,0.017414309928956595
task848_pubmed_qa_intent_identification,0.47862356621480706,0.6337412587412586,0.19911179803438742,0.3288590604026846,0.9615384615384616,0.4242185040032318,0.34210526315789475,0.9615384615384615,0.47362569610091654,0.5242433444680635,0.16781567489114663,0.00960715938901524,0.5396419437340154,0.23310023310023312,0.03853515472347335,0.47862356621480706,0.6337412587412586,0.023406269046483685
task875_emotion_sentiment_analysis,0.4204786194081466,0.5907617970069327,0.2514702290766346,0.5460828108672936,0.16012264640287527,0.06705950609956887,0.5004578754578753,0.2855040159182152,0.23260191277036987,0.4834842134070809,0.37427134754208075,0.15768213052812746,0.5248138653627884,0.3091547160307222,0.04665801494071013,0.4204786194081466,0.5907617970069327,0.2239558967940944
task879_schema_guided_dstc8_dialogue_act_recognition,0.8693598633303186,0.12065281461833181,0.19460299733665767,0.8279178054458953,0.1728066110596231,0.20859112554304116,0.8487750781328763,0.1461161387631976,0.2055388928406734,0.8795664391810518,0.10835518648018648,0.1765884545253731,0.8795664391810518,0.10835518648018648,0.18060380083062363,0.8693598633303186,0.12065281461833181,0.1352758853324667
task880_schema_guided_dstc8_dialogue_act_recognition,0.2753754006297947,1.2587064489292978,0.36007116170447306,0.5838987474588497,0.4666859920356951,0.09968210208006252,0.5381749401796572,0.5257132897008107,0.16093573945846174,0.5805230328487849,0.436100985635441,0.0834451747314558,0.5738523492011864,0.4257814231027856,0.020941431362344137,0.2753754006297947,1.2587064489292978,0.13469909292524274
task881_schema_guided_dstc8_text_categorization,0.8121775025799793,0.3735632183908046,0.1891008058203097,0.8320000000000001,0.3409090909090909,0.1251797111357445,0.9884201819685691,0.025252525252525256,0.040718778274141595,0.9777206320810972,0.02753789908867791,0.05644467085424293,0.8834412580943571,0.24725274725274726,0.09042605284071709,0.8121775025799793,0.3735632183908046,0.19643882248303474
task888_rotten_tomatoe_sentiment_analysis,0.9493875898370281,0.03602000169505895,0.011574680310572072,0.9184006527947777,0.07263880137226075,0.08927188831603936,0.8973727422003284,0.09840758633029165,0.1445088641239585,0.9493875898370281,0.03602000169505895,0.04705236470081073,0.9493875898370281,0.03602000169505895,0.03521570373026395,0.9493875898370281,0.03602000169505895,0.018580355496539108
task889_go_emotions_sentiment_analysis,0.5800179211469534,0.388673700149788,0.24052834408785123,0.49422830124957784,0.5909605265526103,0.277541358078391,0.38434682802070985,0.8017844680147627,0.3223394124551999,0.6478787878787878,0.26458674088585366,0.08316401811360452,0.6796908673379262,0.15525138213733447,0.04780935272460908,0.5800179211469534,0.388673700149788,0.21228046988271576
task902_deceptive_opinion_spam_dataset_sentiment_analysis,1.0,0.0,0.0005979271807110553,0.9899507587177168,0.009352787130564894,0.025694585817015503,0.9899507587177168,0.009352787130564894,0.020601764536020084,1.0,0.0,0.0005662360357714391,1.0,0.0,0.002261567808419934,1.0,0.0,5.293043503495909e-10
task903_deceptive_opinion_spam_dataset_sentiment_analysis,0.9799679487179487,0.0008176347462061719,0.002433388908839179,0.9799679487179487,0.0008176347462061719,0.00912815363567121,0.9799679487179487,0.0008176347462061719,0.006981269049048805,0.9799679487179487,0.0008176347462061719,0.0024107666547783513,0.9799679487179487,0.0008176347462061719,0.001775647696958288,0.9799679487179487,0.0008176347462061719,0.0
task904_hate_speech_offensive_toxic_language_detection,0.6368824243108264,0.3469021558264125,0.2005107822229463,0.6785555580948318,0.19350099904320509,0.2290128982777036,0.6836857018308632,0.12212046252145768,0.03730602462222221,0.691251277458174,0.1694889548646821,0.07180897482873347,0.7021791767554478,0.12478769341216914,0.06747302351203924,0.6368824243108264,0.3469021558264125,0.19777019566787993
task905_hate_speech_offensive_toxic_language_detection,0.7266929851199515,0.009559799356681765,0.14618765462019703,0.742559983523839,0.06841817186644776,0.07304601010896908,0.6239316239316239,0.37190892826507854,0.14344242648316616,0.7085720028137876,0.06302180901500956,0.18065511206733634,0.7362012987012987,0.002218967736209113,0.07449790141269225,0.7266929851199515,0.009559799356681765,0.08296443393166225
task909_dialogre_speaker_identification,0.6856123423287603,0.03735401042767091,0.09916305391870478,0.5067182232458791,0.3730121162453869,0.1350028385017901,0.5369366479550922,0.3687696289499352,0.06502948634992464,0.5996347402597403,0.2780372906807798,0.023537907500114613,0.5609714240102172,0.2114598973765308,0.0687499947310201,0.6856123423287603,0.03735401042767091,0.1520751212724344
task923_event2mind_sentiment_analysis,0.33380636070853464,0.47638886647059797,0.13570483723276916,0.4278191342707472,0.4264430372099334,0.05118256536186869,0.40102506546950994,0.45601410310440327,0.11399349289372353,0.3626467136150235,0.12266983953779559,0.0514645813351674,0.3901947252330884,0.22633584811254695,0.01859577234548007,0.33380636070853464,0.47638886647059797,0.09409352384632241
task925_coached_conv_pref_speaker_identification,0.7312939231087227,0.15983725661145018,0.02404549437204756,0.677938808373591,0.30663036603140553,0.0920774753855812,0.7198879551820728,0.13993224333480633,0.009103448216001314,0.7428705002337541,0.12526821783483774,0.1432754770118036,0.7144022847817217,0.21687185081294477,0.052037065093191864,0.7312939231087227,0.15983725661145018,0.002790852920226905
task929_generated_reviews_enth_sentiment_analysis,0.849624060150376,0.01885369532428356,0.0007616395655455355,0.849624060150376,0.01885369532428356,0.005027094094897905,0.859775641025641,0.08665026833631487,0.1375087024080532,0.849624060150376,0.01885369532428356,0.0032625891375402116,0.8397435897435898,0.007631257631257604,0.003923770532961557,0.849624060150376,0.01885369532428356,0.0022818055385943337
task935_defeasible_nli_atomic_textual_entailment,0.7312939231087227,0.20356895356895352,0.01886722750864578,0.7889659330720531,0.048685491723466374,0.06337889477848002,0.6703296703296704,0.38919413919413925,0.1668508072688935,0.7536945812807883,0.17079959514170037,0.010658331934509269,0.7987117552334944,0.06009615384615384,0.008465372321366321,0.7312939231087227,0.20356895356895352,0.025752581788571094
task936_defeasible_nli_atomic_textual_entailment,0.8260869565217391,0.08153827430935864,0.11351220201473466,0.8376623376623377,0.04329004329004324,0.07821082800061074,0.7142857142857143,0.3084903084903085,0.2206542991186492,0.8389694041867954,0.0048100048100048415,0.0350427367478727,0.8279178054458953,0.032858707557502684,0.029653655841019283,0.8260869565217391,0.08153827430935864,0.12496833708520605
task937_defeasible_nli_atomic_textual_entailment,0.6753246753246753,0.2581225727005778,0.16060257428844743,0.7293233082706767,0.011580967507114,0.04626741113112898,0.48717948717948717,0.7209778948909383,0.3233457311103294,0.7398959583833533,0.05331418374896637,0.06623248102556806,0.7099709970997099,0.09469052641128578,0.1369133573287649,0.6753246753246753,0.2581225727005778,0.12489740496059398
