,macro_f1,rsd,bias_score,cc_macro_f1,cc_rsd,cc_bias_score,dc_macro_f1,dc_rsd,dc_bias_score,looc_macro_f1,looc_rsd,looc_bias_score,affine_macro_f1,affine_rsd,affine_bias_score,temp_macro_f1,temp_rsd,temp_bias_score
task050_multirc_answerability_classification,0.3197278911564626,1.0638297872340425,0.127760585863657,0.3150684931506849,1.0638297872340425,0.10876581290491649,0.3197278911564626,1.0638297872340425,0.11112485873992395,0.5543293718166383,0.47550492116446796,0.04114627188813369,0.6124031007751938,0.16640551145413812,0.0018315024471319274,0.3197278911564626,1.0638297872340425,0.013328434568918246
task056_multirc_answer_verification,0.47147017581706396,0.11087768440709615,0.006254142756252801,0.37600644122383253,0.8067042606516289,0.03281666070213041,0.5143273433705683,0.32242063492063494,0.025239685598416717,0.36,0.5456349206349207,0.0175934004614009,0.43363196375244567,0.07716049382716046,8.74667064310608e-05,0.47147017581706396,0.11087768440709615,0.0035188498477042307
task065_timetravel_coherence_classification,0.3006993006993007,1.0416666666666667,0.03091861994210901,0.32432432432432434,1.0416666666666667,0.09145637384567529,0.3006993006993007,1.0416666666666667,0.03209656878300726,0.6032956972841013,0.17339218158890293,0.00413738885307155,0.5398159263705482,0.0029677113010446237,0.0005373948760303005,0.3006993006993007,1.0416666666666667,0.06425976425483354
task066_timetravel_coherence_classification,0.44587106365725093,0.7552828527404798,0.058296271475289624,0.3629041952157711,1.0068389057750762,0.08493586673693959,0.48589341692789967,0.6521021351529827,0.03895488841725625,0.7171717171717171,0.26267135642135636,0.022625569593140105,0.7085720028137876,0.021721236509968943,0.0013211145220883291,0.44587106365725093,0.7552828527404798,0.08438622471183393
task069_abductive_nli_coherence_classification,0.592944369063772,0.47295262946607786,0.016259662568248512,0.3197278911564626,1.0638297872340425,0.05054403303828728,0.5523528769516323,0.5535180888486688,0.02141346622061069,0.5716034271725826,0.18203463503093895,0.0033747643595987142,0.568922305764411,0.027819448259347655,0.0003899517319080892,0.592944369063772,0.47295262946607786,0.06499463327988428
task070_abductive_nli_coherence_classification,0.3150684931506849,1.0869565217391304,0.025836942363070603,0.35064935064935066,0.9259259259259258,0.034707300244675,0.33542319749216304,0.8830986398053929,0.015486681135972513,0.3092691622103387,0.7670141537418425,0.004739616940285685,0.3535353535353535,0.1990517087135445,0.00019397218476030487,0.3150684931506849,1.0869565217391304,0.002587627868764708
task073_commonsenseqa_question_answering,0.4636150983519404,0.45501328603602753,0.08389261486406505,0.5268169429934135,0.351281739455612,0.06011798041889488,0.5022062643086003,0.34163280089761605,0.06533117608426808,0.5361462766325935,0.18020981438982245,0.08008239394196956,0.5347355083940449,0.30095891506796635,0.011795468326234515,0.4636150983519404,0.45501328603602753,0.10268805227640887
task083_babi_question_answering,0.42025303551468224,0.7292922850740551,0.1857709621650251,0.37633508688028056,0.8156666435232213,0.22314127022551633,0.44093879976232914,0.6421040750759432,0.12176516211712311,0.5547455367505968,0.4290946405771277,0.09028981893385148,0.6207561698967159,0.2998449460563524,0.01568145095559334,0.42025303551468224,0.7292922850740551,0.25050992827898144
task092_synthetic_mathematics,0.36276213648476424,1.0080277321656632,0.050490691355274286,0.5245969408846631,0.506294471811713,0.009288650602603532,0.6279454319966928,0.12443555008210173,0.010300131984265493,0.5783730158730158,0.5199781061850027,0.03065907100525095,0.6198479391756703,0.1973091795116266,0.0014437889330940479,0.36276213648476424,1.0080277321656632,0.10991200404470478
task104_semeval_2019_task_10_question_answering,0.12449186991869918,1.4177542015595002,0.07311219708731581,0.12139682539682539,1.3785746656677462,0.08739643319746432,0.11227097227097227,0.9132654054889069,0.03151841354264502,0.15117162407484988,0.767744341823248,0.026466042542370297,0.17781181627837772,0.2830124609502859,0.0040624813020836426,0.12449186991869918,1.4177542015595002,0.008574200866570555
task106_scruples_ethics_classification,0.32432432432432434,1.0416666666666667,0.04353168083067688,0.4206773618538324,0.7077991452991453,0.0178993914043743,0.5261619114830124,0.13001935171746493,0.004275984461207527,0.4554512802687985,0.6591678761490083,0.018824277378392457,0.5075871771681237,0.09741075917546509,0.0011027632097045104,0.32432432432432434,1.0416666666666667,0.004371429001995997
task108_cad_toxic_language_detection,0.4186046511627907,0.6944444444444444,0.16236777874214314,0.5571658615136876,0.3684807256235827,0.048866716284727746,0.6000000000000001,0.34013605442176875,0.019461223013832157,0.609375,0.13077200577200582,0.004101857991968605,0.6440513428972063,0.045901445155176496,0.015786748181322724,0.4186046511627907,0.6944444444444444,0.3166603905021033
task109_sms_spam_collection_v.1_spam_classification,0.50995099509951,0.649178590355061,0.10936447557085738,0.5592948717948718,0.5308880308880308,0.09332350097695574,0.8081140350877194,0.16196876661992943,0.005940993587436105,0.8095238095238095,0.004950004950004951,0.02096444751221918,0.7455470737913485,0.10057510057510057,0.025848366599663858,0.50995099509951,0.649178590355061,0.059861611095571754
task1135_x_csr_question_answering,0.36193341592433087,0.5303919391396641,0.07482356675891942,0.3310506985035028,0.7281103282231314,0.08505197090206253,0.38076923076923075,0.42597196654505204,0.04737413568112765,0.3518172973217585,0.4188015774739066,0.05490852419578375,0.38415603212677163,0.37973580559946657,0.002033995005636821,0.36193341592433087,0.5303919391396641,0.08601615171507362
task115_help!_need_advice_on_identifying_advice_text_categorization,0.3150684931506849,1.0869565217391304,0.11316818147042912,0.5699569956995699,0.06285843433059297,0.012804461492260666,0.5332792207792207,0.30416890320271955,0.02899349194455783,0.47456914670029426,0.5233494363929146,0.04722520265633717,0.5495946351716545,0.1354120919338311,0.005220530707779836,0.3150684931506849,1.0869565217391304,0.01156212374998955
task1162_coda_19_text_matching,0.36477902419245845,0.9237421383647799,0.1511941704038603,0.34210526315789475,0.9615384615384615,0.19687587727402706,0.5664885573142454,0.11808367071524964,0.004722518097773909,0.5071523019593701,0.6559647979139505,0.07219808697546792,0.5664885573142454,0.11808367071524964,0.0009314427732181052,0.36477902419245845,0.9237421383647799,0.03225743090262767
task1163_coda_19_section_classification,0.26541895604395604,1.0589513892722164,0.12763706483327641,0.31143410852713177,0.8557314716178555,0.09772803068920499,0.37703644767750244,0.8483979422591729,0.08632713695441317,0.39472501759974893,0.5853908613294947,0.05149518245753505,0.41620202216920654,0.2073832043602757,0.0015929189491126206,0.26541895604395604,1.0589513892722164,0.14032481971818922
task1164_coda_19_section_classification,0.3564993564993565,1.0091145833333333,0.06264212099804178,0.3564993564993565,1.0091145833333333,0.061382991134451004,0.45193304695600656,0.6779100529100529,0.052993118085413016,0.5287698412698413,0.46622983870967744,0.028052521925720386,0.5242433444680635,0.07861635220125789,0.0051711924683449095,0.3564993564993565,1.0091145833333333,0.006320554745661067
task116_com2sense_commonsense_classification,0.49979991996798717,0.06002400960384158,0.011004749918748558,0.4900040799673603,0.3001200480192076,0.0012820726573608,0.4373401534526854,0.3134587168200614,0.020876817886902987,0.4357782940590773,0.6128982205126949,0.036499310896624504,0.5169082125603865,0.1739157201342075,0.0009642381598278238,0.49979991996798717,0.06002400960384158,0.05182657839212257
task1186_human_ratings_of_natural_language_generation_outputs_text_quality_evaluation,0.6576408341114224,0.1464525597228058,0.01379653898630856,0.5696126513862476,0.19648263866520652,0.0035081320266527605,0.513093828135281,0.6505281291083005,0.04356992169270066,0.6565656565656566,0.01174536058256982,0.007986193009076076,0.6193910256410255,0.07699293244363718,0.003100905382689534,0.6576408341114224,0.1464525597228058,0.0898754986283633
task1187_liar_text_categorization,0.6874684948079444,0.21179024014562767,0.013357765531269106,0.3551587301587301,1.0030864197530864,0.07837091963099141,0.5713127099988413,0.5105692303759937,0.03805675632940686,0.6807743795695603,0.16744848187822356,0.02218571727974128,0.6587715776796468,0.010979358805445726,0.000937497471506149,0.6874684948079444,0.21179024014562767,0.06044478513815382
task1196_atomic_commonsense_classification,0.43464495703301675,0.6038647342995169,0.039155544308931534,0.43464495703301675,0.6038647342995169,0.03229754544475755,0.43464495703301675,0.6038647342995169,0.036198043302965166,0.4429590017825312,0.7246376811594203,0.03397226763539052,0.3850186510736969,0.15174036913167344,0.0006353801742243759,0.43464495703301675,0.6038647342995169,0.012483116845513342
task1197_atomic_commonsense_classification,0.42984285912946735,0.7577022626701179,0.05446588322135126,0.40476190476190477,0.7041808765946697,0.034246781481995336,0.40476190476190477,0.7041808765946697,0.03473229457034366,0.4663382594417077,0.1778872468527641,0.012228117301097796,0.4565217391304348,0.01427857499821516,0.0013927665039750181,0.42984285912946735,0.7577022626701179,0.006655515835192416
task1198_atomic_commonsense_classification,0.37888198757763975,0.819672131147541,0.10643099615392293,0.3630573248407643,0.8196721311475411,0.05731207605682198,0.37888198757763975,0.819672131147541,0.06977448165040545,0.40476190476190477,0.658001099363016,0.033815743459697734,0.4027735600769309,0.050748931196752015,0.0018936617385089671,0.37888198757763975,0.819672131147541,0.1855531483697357
task1199_atomic_commonsense_classification,0.5543293718166383,0.12504736642667677,0.015742652644934463,0.40476190476190477,0.7482993197278913,0.03499193244236137,0.5242836596968692,0.2679776363986891,0.03155444245997718,0.4288045695634435,0.6793206793206793,0.03140936559204921,0.5777983729790959,0.013037809647979093,0.0002887713980537776,0.5543293718166383,0.12504736642667677,0.026077458938400022
task1200_atomic_commonsense_classification,0.2932452786467385,1.110483423824917,0.05108900855734777,0.3041632267956127,1.113034998159039,0.0533050619027835,0.34720522235822115,0.539462350967859,0.02048872364884416,0.3630573248407643,0.8771929824561404,0.09413597655139139,0.4162640901771336,0.051485302403295054,0.0026807162336303925,0.2932452786467385,1.110483423824917,0.005152790072855906
task1201_atomic_commonsense_classification,0.41976790716286516,0.4382847666429756,0.023599222288927857,0.24664264657713725,1.4422024773493238,0.08769385158009974,0.41976790716286516,0.4382847666429756,0.027600604767018505,0.40119760479041916,0.7462686567164178,0.16602251159707998,0.5882166613873931,0.04189188187230761,0.0015461934866534688,0.41976790716286516,0.4382847666429756,0.012506314216478381
task1202_atomic_commonsense_classification,0.4273658830620856,0.7518746016895144,0.0581131212996544,0.5087719298245614,0.33421523296161676,0.012968190715810346,0.5109717868338558,0.5440362736788429,0.040341535350717384,0.49286472461375164,0.4878210659056215,0.02509727967258768,0.5,0.1729880040094416,0.0008418181708566563,0.4273658830620856,0.7518746016895144,0.13199656431524162
task1203_atomic_commonsense_classification,0.5882166613873931,0.06355746471464888,0.02037325818607716,0.5261619114830124,0.5456899741028487,0.008912558197798015,0.6043956043956044,0.165719696969697,0.028969910463242043,0.5944849959448499,0.2776635129576306,0.04187998342690891,0.586606035551881,0.02228163992869875,0.002656047199520284,0.5882166613873931,0.06355746471464888,0.1098947351829519
task1204_atomic_commonsense_classification,0.6527777777777778,0.20151818608906363,0.00510233045047348,0.5614035087719298,0.5724105531241499,0.03564458472113574,0.6745595331612613,0.2572391050802503,0.01000586905602785,0.6090225563909775,0.14505336999290233,0.01154063035438152,0.6090225563909775,0.14505336999290233,0.000992924896059011,0.6527777777777778,0.20151818608906363,0.02333580505680824
task1205_atomic_commonsense_classification,0.36943248924031624,0.14159080798984455,0.005762133417286375,0.3148214929679048,0.896716551679068,0.027488330539429784,0.30484330484330485,0.8404615590484719,0.017714257904925146,0.30484330484330485,0.8404615590484719,0.016833163169437282,0.34941447302572315,0.02580719160406031,0.000388228352439679,0.36943248924031624,0.14159080798984455,0.0005781880899370928
task1206_atomic_commonsense_classification,0.3846153846153846,0.5526501242535514,0.02683540393048356,0.3630573248407643,0.8771929824561404,0.0958259364535144,0.3846153846153846,0.5526501242535514,0.023194451370373625,0.30484330484330485,1.0581761499754154,0.040530389988076065,0.2842020364956145,0.17375033413525795,0.00029812863762282427,0.3846153846153846,0.5526501242535514,0.0026942417026772914
task1207_atomic_commonsense_classification,0.3695175438596491,0.8886503250432397,0.05639157232338546,0.5083167695365624,0.31826330021572025,0.013019938705659095,0.5592948717948718,0.00862663906142161,0.003562334036634529,0.5396419437340154,0.19396867222954178,0.011874193822831447,0.54995499549955,0.06221636656419272,0.001161383549416306,0.3695175438596491,0.8886503250432397,0.12127842566566577
task1208_atomic_commonsense_classification,0.1699169916991699,0.29300496995771824,0.021441670020615533,0.3200582807187955,0.7719056899384769,0.053710862816881644,0.2086038961038961,0.34200771905689936,0.0014040576595734655,0.1699169916991699,0.16937418094602277,0.014133860173517782,0.21227621483375958,0.4541550158086153,0.00031867902361498723,0.1699169916991699,0.29300496995771824,0.0022093339088141706
task1209_atomic_commonsense_classification,0.37629937629937626,0.8661952258901274,0.05542595284834839,0.43434343434343436,0.2883106455968761,0.015192497664098914,0.50997150997151,0.5560368202722785,0.02959516130138118,0.525101763907734,0.5281080856601005,0.02584967459499321,0.4949494949494949,0.14050582095543956,0.00019782478489988042,0.37629937629937626,0.8661952258901274,0.021473944614471857
task1210_atomic_commonsense_classification,0.74189204354169,0.25689482076418824,0.024558445630624565,0.44638694638694637,0.7474429583005507,0.08380188168820552,0.7237851662404092,0.026332629242243236,0.005595645529579585,0.6899689968996899,0.17104924181150433,0.016682398912397783,0.7092731829573935,0.11324665645797072,0.0016261690054888422,0.74189204354169,0.25689482076418824,0.04850675651032413
task1211_atomic_commonsense_classification,0.3103448275862069,1.0869565217391304,0.11786503209879551,0.3150684931506849,1.0869565217391304,0.13776464264648952,0.28205128205128205,1.0325542934238587,0.057908535313494575,0.32432432432432434,0.9259259259259259,0.13635883455002007,0.223712067748765,0.3133095288104739,0.002651882689841234,0.3103448275862069,1.0869565217391304,0.012119533615463307
task1212_atomic_commonsense_classification,0.5091164095371669,0.5973227757859328,0.05403048047662651,0.3695175438596491,0.9062253743104807,0.10401586325759121,0.5592948717948718,0.13190342375408615,0.005226592566845434,0.5592948717948718,0.13190342375408615,0.0041013204418170746,0.6090225563909775,0.022046580805654456,0.0020155198695052112,0.5091164095371669,0.5973227757859328,0.0490008652750773
task1213_atomic_commonsense_classification,0.4791666666666667,0.7126781695423856,0.05139937615387824,0.7033248081841432,0.3582900914257475,0.04147650527510671,0.74189204354169,0.29434050241883775,0.015148622323858274,0.801234438748823,0.12164347129667405,0.0018031819727668263,0.8090644156366193,0.05465141464053473,0.0034419822750623164,0.4791666666666667,0.7126781695423856,0.18501186631941188
task1214_atomic_commonsense_classification,0.3670886075949367,0.819672131147541,0.04119131545360122,0.28698752228163993,1.165288870206903,0.0453519901128826,0.48677457560205295,0.6129452380460174,0.01776714150468739,0.42534529690492995,0.4511373745075613,0.00956345025298977,0.4179044560417503,0.0810664745090975,0.001129693616813976,0.3670886075949367,0.819672131147541,0.061649862811910844
task1215_atomic_commonsense_classification,0.3006993006993007,1.0,0.08910252206958247,0.34210526315789475,0.631578947368421,0.01776294047736665,0.34469200524246396,0.2571428571428572,0.02769871650054251,0.34318555008210183,0.4444444444444445,0.0030793645804668146,0.358974358974359,0.11111111111111113,0.01315373229089456,0.3006993006993007,1.0,0.009114222986528836
task1216_atomic_commonsense_classification,0.3103448275862069,1.0204081632653061,0.06143816023647369,0.4171928120446819,0.7880075106965863,0.04980510187980186,0.30213464696223313,0.5202080832332933,0.004778239663425277,0.3006993006993007,1.0204081632653061,0.04798800106626788,0.3467993166515928,0.22008803521408557,0.0023521753533527756,0.3103448275862069,1.0204081632653061,0.006200277866127646
task1283_human_ratings_of_natural_language_generation_outputs_text_quality_evaluation,0.52995299529953,0.03888347791946965,0.02519402145600491,0.5198079231692677,0.058484932434512235,0.016472746751065553,0.5659722222222222,0.44684540482859825,0.08281339333096338,0.5198079231692677,0.058484932434512235,0.01438545275186659,0.52995299529953,0.03888347791946965,0.003862027619789987,0.52995299529953,0.03888347791946965,0.10333901933477607
task1284_human_ratings_of_natural_language_generation_outputs_text_quality_evaluation,0.6970037032880709,0.39347129116875545,0.04041624567698879,0.7211497211497211,0.29240400577213105,0.025440519741282946,0.7270444371656295,0.32784691556269235,0.03183651598431492,0.6834011759384894,0.41371158392434987,0.043716197558215375,0.7237851662404092,0.146005070307903,0.0022793865986386885,0.6970037032880709,0.39347129116875545,0.12433146707531595
task1289_trec_question_understanding,0.2486075635021995,1.7821322595401992,0.24223503941747968,0.48620748266057184,0.6191753172010167,0.15107029574085756,0.6216311251194973,0.45963337062019516,0.09393056676642723,0.6327401329116754,0.22236293549453331,0.12475002016964215,0.6578043008436945,0.282671450991725,0.027097894127559377,0.2486075635021995,1.7821322595401992,0.19969228001488948
task1308_multilingual_amazon_reviews_text_categorization,0.4373401534526854,0.3134587168200614,0.011132467615872221,0.4295634920634921,0.7951328679619996,0.04719879077189537,0.4625878462174452,0.35514205682272915,0.013392951204405756,0.45599999999999996,0.5304162481319058,0.029945118025494377,0.4190705128205128,0.0752682025191029,4.552562612036848e-05,0.4373401534526854,0.3134587168200614,0.0011199096559083577
task1309_multilingual_amazon_reviews_summarization,0.5288220551378446,0.01443198736061745,0.0040180053772876645,0.5495946351716545,0.1354120919338311,0.01280579056673603,0.4900040799673603,0.36231884057971014,0.022102105095243463,0.5242433444680635,0.28939932549448544,0.019638113895090625,0.5182657567242072,0.03561253561253566,1.2947243802186037e-05,0.5288220551378446,0.01443198736061745,0.00040276675811196094
task1310_multilingual_amazon_reviews_sentiment_analysis,0.5106025428413489,0.5283839436830201,0.05495648991473932,0.5430798305637016,0.47818728010802075,0.05679803363052943,0.6037947132876139,0.2938765367444274,0.026818945583390652,0.5414241967183144,0.47456562191695245,0.05675184377360039,0.5778959005345812,0.3307105135921303,0.01023025687481302,0.5106025428413489,0.5283839436830201,0.1344580196900392
task1311_multilingual_amazon_reviews_sentiment_analysis,0.6666666666666666,0.210403796221685,0.010058041956973685,0.6161616161616161,0.37888086938020654,0.02624520378117201,0.6212121212121212,0.03151761142628722,0.003096978929183869,0.5598239295718287,0.5381604696673189,0.03754692468169801,0.6624040920716112,0.2994918860794959,0.0031586340082472297,0.6666666666666666,0.210403796221685,0.012462427869786408
task1312_multilingual_amazon_reviews_sentiment_analysis,0.9799679487179487,0.020824656393169536,0.08037843038677281,0.949753793588584,0.05370569280343717,0.12334745538046721,0.949753793588584,0.05370569280343717,0.12470653095772805,0.9799679487179487,0.020824656393169536,0.08466221359832035,0.9899909918927035,0.010307153164296033,0.00045308664045415337,0.9799679487179487,0.020824656393169536,0.014510037163688955
task1313_multilingual_amazon_reviews_sentiment_analysis,0.396011396011396,0.9556437071763433,0.08048108914215962,0.30952380952380953,1.1702986279257466,0.09446573026477359,0.7947454844006567,0.02066969822240597,0.0018203267655920174,0.7992773986350863,0.1085159156676313,0.009315107033960462,0.7898108297467721,0.14678102155404735,0.0028393468267176036,0.396011396011396,0.9556437071763433,0.1783369437406294
task1328_question_&_answer_zre_question_understanding,0.654334114959115,0.6308898060081536,0.30300577696709796,0.7181013431013431,0.5079579333003309,0.20948115029488168,0.7176546900811607,0.5048527380629362,0.15847804744935817,0.6808887871387871,0.5500806296293994,0.24402537978645877,0.8392348392348392,0.2916490587187205,0.07797589223051417,0.654334114959115,0.6308898060081536,0.3643710724129884
task1336_equity_evaluation_corpus_gender_classification,1.0,0.0,0.01878003893520991,0.9899749373433584,0.01052188552188554,0.06639163846339877,0.9899749373433584,0.01052188552188554,0.037457704090963384,1.0,0.0,0.004056485070528193,1.0,0.0,0.025348941132339653,1.0,0.0,2.11147991214522e-05
task1338_equity_evaluation_corpus_sentiment_analysis,0.9193000708020865,0.12159470069433752,0.04429019117755523,0.8727527885106072,0.1630075046368068,0.12227713832148013,0.8626984126984127,0.18272872024118442,0.15262391368782832,0.9095081967213114,0.14104701050520385,0.061607831469927765,0.9193000708020865,0.12159470069433752,0.015067625109213514,0.9193000708020865,0.12159470069433752,0.051147077950570385
task133_winowhy_coreference_resolution,0.3742177722152691,0.8893280632411067,0.0885088252775732,0.6032956972841013,0.1339721760249202,0.01031391356447997,0.44,0.7871064467766117,0.03757260691628905,0.5628946090335114,0.5799617552334944,0.023283834416405635,0.6032956972841013,0.1339721760249202,0.0010581069291131229,0.3742177722152691,0.8893280632411067,0.008964521297295469
task1344_rte_textual_entailment,0.4981934965877158,0.1602564102564103,0.0036190901111964324,0.3846153846153846,0.7229749417249418,0.01964246172006373,0.52995299529953,0.021165940977261655,0.0022278163954209396,0.4109868974636375,0.7651458019105076,0.018532921023859283,0.49919871794871795,0.04006410256410259,1.2172434748602967e-05,0.4981934965877158,0.1602564102564103,0.0003623533126335676
task1346_cola_grammar_error_detection,0.628178072555522,0.07122507122507124,0.003299928244707734,0.6398559423769508,0.0713641826923077,0.003392644808832279,0.38557993730407525,0.9238310708898944,0.05415768099322471,0.5523528769516323,0.5323772272924816,0.0292394500245024,0.64,0.040064102564102505,0.0007221890392263564,0.628178072555522,0.07122507122507124,0.014145904808053944
task1347_sts_b_text_matching,0.1053587479836972,1.6733170129196433,0.03105885783948731,0.13882876382876383,1.069245998525499,0.028387956703945394,0.28541978608756025,0.4801534874247007,0.013383277088244494,0.317153792499061,0.33545389227934824,0.0038106459213800292,0.26002787959723545,0.430451255764529,0.0007080231487644056,0.1053587479836972,1.6733170129196433,0.06956034753582556
task1354_sentence_compression_text_matching,0.3464052287581699,0.9433962264150942,0.1649653811324429,0.5242433444680635,0.14808025874279482,0.00033019828228278425,0.36477902419245845,0.9055240374783181,0.13383717915772306,0.5463252343986289,0.10401080252545526,0.0061157036362640416,0.512987012987013,0.17138622116542626,0.0025303260222494517,0.3464052287581699,0.9433962264150942,0.08077546687991127
task1361_movie_rationales_sentiment_analysis,0.32432432432432434,1.0416666666666667,0.2139548823467281,0.36580416032470825,0.9615384615384616,0.09107575484381669,0.6875,0.24610805860805862,0.042823333030520105,0.6624040920716112,0.18417527745885953,0.03010324914091017,0.6691729323308271,0.03468235744355143,0.008194867296593439,0.32432432432432434,1.0416666666666667,0.023350239955215957
task1384_deal_or_no_dialog_dialogue_state_tracking,0.7619047619047619,0.07440476190476192,0.029697103892000587,0.6906666666666667,0.10898725687458083,0.061839506955957524,0.6906666666666667,0.10898725687458083,0.06123946521917384,0.8133333333333332,0.17534145441122181,0.05951949359614306,0.7798632835129184,0.020821085635900443,0.022807243324549475,0.7619047619047619,0.07440476190476192,0.017998721752702562
task1391_winogrande_coreference_resolution,0.5710848415106182,0.23937926480299365,0.016057682396650425,0.5442708333333334,0.3680586654724587,0.024650421229187425,0.5772946859903382,0.018193013882669026,0.0028082462955838494,0.5039272426622571,0.47296453546453543,0.029566493516936188,0.5993589743589745,0.05411255411255413,0.005103742875322392,0.5710848415106182,0.23937926480299365,0.044378914392231184
task1393_copa_cause_effect_classification,0.6736026111791106,0.1859567356354307,0.017368812709414483,0.3288590604026846,1.0204081632653061,0.12072334413855076,0.39884676726781987,0.8634826479611452,0.05418463841416368,0.6471418489767113,0.15852494844091475,0.012594949562876101,0.6691729323308271,0.05464872516170648,0.0018789596772315065,0.6736026111791106,0.1859567356354307,0.0756910785921675
task1408_dart_text_matching,0.3197278911564626,1.0638297872340425,0.07591011741233464,0.3464052287581699,0.9433962264150942,0.09016277741292147,0.4554512802687985,0.640418714920885,0.026622010705693144,0.5906626839252129,0.5540581012279125,0.027585025729256696,0.5059985885673959,0.11689139726544974,0.0007794627139290078,0.3197278911564626,1.0638297872340425,0.1199263099642742
task1418_bless_word_relation_classification,0.19771887074613045,1.0053180978968945,0.21903677931512736,0.24060161844068398,0.9684241453366512,0.07587109617865219,0.34447819048519174,0.30177931806878755,0.028054410274508987,0.2940862388091566,0.6602015916163734,0.04310986309376125,0.3241653564234209,0.540008635144741,0.006782488270063475,0.19771887074613045,1.0053180978968945,0.03351228889761475
task1429_evalution_word_relation_classification,0.201517994200921,0.8355560983231368,0.11800324231765832,0.21722341090157182,0.867016999826874,0.11187848467358144,0.3482112894830065,0.6401562712243333,0.04863445130971095,0.33449001402217776,0.7972993620194723,0.04165255192561999,0.34050409435804974,0.5517131804833493,0.01271438219646532,0.201517994200921,0.8355560983231368,0.1741351426173437
task1431_head_qa_question_answering,0.47996699064735004,0.26204058261469204,0.058671937705269864,0.46781017075134723,0.24971711434562896,0.036541871052879635,0.5353082473082473,0.08218373209341545,0.03741597837464143,0.42704158586511526,0.25954286462622933,0.027566491428752962,0.4739978342700975,0.1362598393774207,0.013615610782751864,0.47996699064735004,0.26204058261469204,0.13593655861258896
task1434_head_qa_text_categorization,0.06010928961748634,1.6939908920452953,0.3996004017251788,0.56440065681445,0.471460634115194,0.059430477359026714,0.49657737371209865,0.4499382133399594,0.07983027664700892,0.43432463129259463,0.3157076926387409,0.10252098383312382,0.5119845630559916,0.4569447827744923,0.019212058959133388,0.06010928961748634,1.6939908920452953,0.1553115021477579
task1439_doqa_answerability_classification,0.3453985367731998,1.000784929356358,0.11621472867215435,0.35661764705882354,0.8595571095571095,0.04812573869435577,0.44821731748726656,0.5408653846153847,0.026983026225468415,0.512987012987013,0.2712031558185404,0.011550919190681574,0.49979991996798717,0.08012820512820507,0.0010550287639170541,0.3453985367731998,1.000784929356358,0.011923480746671988
task1442_doqa_answerability_classification,0.4186046511627907,0.6493506493506493,0.09695667836131583,0.42528735632183906,0.6493506493506493,0.11464312975485952,0.5386109762020399,0.19398553760405093,0.0034940348514710395,0.49333333333333335,0.37613158230269034,0.013702583859100032,0.5098039215686274,0.044365572315882854,0.002156692616681527,0.4186046511627907,0.6493506493506493,0.21546221396958717
task1488_news_headlines_dataset_for_sarcasm_detection_text_categorization,0.32432432432432434,1.0416666666666667,0.18525914776679275,0.34210526315789475,0.9615384615384615,0.27702957091494534,0.6624040920716112,0.18417527745885953,0.031372724096130816,0.625,0.35306490384615385,0.007861534606154408,0.6482765551200884,0.06780078895463512,0.0024657500657249143,0.32432432432432434,1.0416666666666667,0.019579190181876482
task1495_ade_corpus_v2_text_categorization,0.3288590604026846,1.0204081632653061,0.11535389633241688,0.6440513428972063,0.38313832995884917,0.026990680094004738,0.45725915875169604,0.6741158001662203,0.014978114596402248,0.6875,0.26582061395986967,0.02216344481267074,0.6594551282051282,0.04062230952987253,0.00030999646180582263,0.3288590604026846,1.0204081632653061,0.01177539786731513
task1500_dstc3_dialogue_state_tracking,0.45344164919636615,0.8057992513769864,0.2223117588674806,0.5941385064664164,0.5219792247844157,0.23511552837137542,0.7367706601883817,0.3967859284017001,0.05835404418584324,0.7905595813204508,0.24999481643723828,0.025394249551892012,0.7740518912879161,0.2502550613467101,0.013729885101850206,0.45344164919636615,0.8057992513769864,0.3195362320847779
task1501_dstc3_dialogue_state_tracking,0.6053333333333333,0.1064015349729636,0.021080211479449884,0.567882624861823,0.19471756313861577,0.007431507468925791,0.6239316239316239,0.24438248318845332,0.02700567799993736,0.5408087690712488,0.5781175346392737,0.05816782212873797,0.5829518868884143,0.08753957906500277,0.002582670867502246,0.6053333333333333,0.1064015349729636,0.07557676087597176
task1502_hatexplain_toxic_language_detection,0.17647058823529413,1.3094570021973102,0.29802222356347746,0.1903133903133903,1.4004017220954323,0.12105226139611995,0.4837962962962963,0.6018924038032069,0.031115936579027587,0.5067141078099983,0.28705269540673717,0.011562267011383714,0.4913981061510304,0.17029001909900973,0.005690968356238363,0.17647058823529413,1.3094570021973102,0.06003931379989236
task1503_hatexplain_toxic_language_detection,0.15296571233952638,1.681784512546392,0.3776564483766379,0.5192160013899143,0.5816535569597979,0.0966833162749999,0.5841206474684735,0.4794899920824341,0.09272765550154773,0.4529442278060379,0.5986397742439801,0.20790670800507183,0.597934592640475,0.41554084904122224,0.025216830927331846,0.15296571233952638,1.681784512546392,0.3398001150408954
task1505_root09_word_relation_classification,0.19138908858535028,1.4098112357729047,0.17550440831259184,0.3654401154401154,0.7970700701244606,0.04248805716292123,0.3996516699144164,0.16333971799273203,0.0025999845991918347,0.44006465952717716,0.21759985383893052,0.019809678036077222,0.43453343672685646,0.09080761025155179,0.006804511453128964,0.19138908858535028,1.4098112357729047,0.021526849622408084
task1516_imppres_textual_entailment,0.14583333333333334,1.6835875742536843,0.2916246558804822,0.35268260420699443,0.9138054074746264,0.0699584573411346,0.4549623526246805,0.619115070690036,0.045712654040364176,0.35997910135841166,0.8697890319194045,0.13179907474567526,0.5130433188509413,0.329894526639433,0.04044987144372608,0.14583333333333334,1.6835875742536843,0.028834588028774033
task1517_limit_information_extraction,0.6899545266639107,0.11948475840764702,0.002399987339954446,0.6989160979526294,0.05537098560354377,0.028270318207414075,0.6567996567996568,0.24719802241582067,0.01858346262444499,0.6440513428972063,0.26824263017836153,0.02171466318818166,0.7097387648883995,0.09970061084581743,0.004242869084805367,0.6899545266639107,0.11948475840764702,0.002337591576192677
task1529_scitailv1.1_textual_entailment,0.4165398274987316,0.8518518518518517,0.09310719096852066,0.72997299729973,0.013698630136986314,0.007807877177611555,0.5,0.6896551724137931,0.06835859682361511,0.5604395604395604,0.5000000000000001,0.03457340493344452,0.72997299729973,0.013698630136986314,0.0017296030005544694,0.4165398274987316,0.8518518518518517,0.009475363535712461
task1531_dailydialog_dialogue_act_recognition,0.06896551724137931,2.7063293868263707,0.33563741213230575,0.4790895582131127,0.34933547696407163,0.04816655086871695,0.5676710982900623,0.10042534374161174,0.05489816566896909,0.42386077288552915,0.5250351275544898,0.08695619413969422,0.49415935108534736,0.34948008664621777,0.023237780359962157,0.06896551724137931,2.7063293868263707,0.08039197618091079
task1533_dailydialog_dialogue_act_recognition,0.4186046511627907,0.6944444444444444,0.1348740484619077,0.4419642857142857,0.6590136054421769,0.0877761938848283,0.46994699469946993,0.5720195879770348,0.050032617612209535,0.5689655172413793,0.20354406130268204,0.02810852429168631,0.5146154675870995,0.06313131313131311,0.006991717472254522,0.4186046511627907,0.6944444444444444,0.21179472383805753
task1534_dailydialog_dialogue_act_recognition,0.4269949066213922,0.5019399063973415,0.008496486199892683,0.40476190476190477,0.78031212484994,0.01914996015617554,0.4252873563218391,0.34377387318563796,0.004116661293126267,0.44554869756250653,0.42697930235924153,0.006394040728162187,0.42994299429942995,0.0432731232027695,9.508550134709748e-05,0.4269949066213922,0.5019399063973415,0.03256773871907617
task1535_dailydialog_sentiment_analysis,0.5276856597326902,0.11212031982604362,0.01687084105682804,0.4403970013726111,0.5095655283389953,0.011674368145120184,0.39884676726781987,0.8634826479611452,0.03924587538152191,0.44191814799503926,0.411468935400247,0.007915006962689874,0.47916666666666663,0.103374683206616,0.001441612599140274,0.5276856597326902,0.11212031982604362,0.08890452476788424
task1536_dailydialog_sentiment_analysis,0.3357487922705314,1.2285927029039463,0.019953361840406636,0.5248653785239151,0.24384897802619313,0.0008454060488987669,0.5361968138737648,0.51548812850802,0.026934682877689742,0.5826528760660498,0.43720595257665784,0.018975784890356673,0.5248653785239151,0.24384897802619313,0.00038076627202543456,0.3357487922705314,1.2285927029039463,0.001998136802091016
task1541_ag_news_text_categorization,0.7044431848985928,0.23966712970745127,0.016386879481179062,0.7424384910520244,0.1385112850374962,0.021006237438212977,0.6844732458200671,0.24079865544589937,0.019153205475224977,0.7620579225842383,0.1537725184192207,0.0024510601578378033,0.7844800127408824,0.09133850252031149,0.008629358699619463,0.7044431848985928,0.23966712970745127,0.0703953020013806
task1548_wiqa_sentence_ordering,0.584,0.07896434370620817,0.005152465453229005,0.6031746031746031,0.3471945087397238,0.012160389225358947,0.5983935742971888,0.06932550362939398,0.009917668037201344,0.5629370629370629,0.5201266395296247,0.02406709252264852,0.6129302228266555,0.0075380672395597426,0.0037829418356900846,0.584,0.07896434370620817,0.0344900331948341
task1554_scitail_textual_entailment,0.32432432432432434,1.0416666666666667,0.24463678677392273,0.32432432432432434,1.0416666666666667,0.2728109516518197,0.50997150997151,0.6550832208726947,0.047411551350201364,0.5464100011063171,0.5663298565840938,0.03860189347924414,0.6491228070175439,0.036982248520710095,0.003959884014502979,0.32432432432432434,1.0416666666666667,0.026913308552302506
task1559_blimp_linguistic_probing,0.32432432432432434,1.0416666666666667,0.14430857680476694,0.3103448275862069,1.0416666666666667,0.05480596376697908,0.3637110016420361,0.4617914979757085,0.014274282991028092,0.3103448275862069,1.0416666666666667,0.05409897173096928,0.3597438975590236,0.09570868945868943,1.9843042923683996e-05,0.32432432432432434,1.0416666666666667,0.014905801484223491
task1560_blimp_linguistic_probing,0.4350282485875706,0.7735849056603773,0.0868813225238661,0.6862030569895738,0.15942028985507253,0.016022243548990178,0.6216897856242118,0.34375,0.02867768922663161,0.586606035551881,0.30000000000000004,0.03461691655119381,0.6398559423769508,0.03125000000000003,0.0011549415100445826,0.4350282485875706,0.7735849056603773,0.10399761305532351
task156_codah_text_completion,0.6032297576701845,0.16375495794807965,0.020888863600575125,0.3811186494456679,0.6419577675760497,0.060304074288634865,0.5812619784756008,0.2566345825995432,0.018763713979819685,0.5540382307015872,0.3069743665629821,0.016626120613670095,0.6002868607474244,0.19047688736675553,0.00374027867153387,0.6032297576701845,0.16375495794807965,0.109372416506822
task1583_bless_word_relation_classification,0.7277951406391774,0.14334500923657137,0.01996406065140177,0.797979797979798,0.10504201680672266,0.009057085947246746,0.7267759562841529,0.2774082606015379,0.03416080856732007,0.779205138498595,0.05694585526518294,0.001627244060007138,0.7889659330720531,0.06863504895629136,0.004005920469578372,0.7277951406391774,0.14334500923657137,0.07553869279417008
task1584_evalution_word_relation_classification,0.8776009791921664,0.019472571492155352,0.001283707479437346,0.8099809980998101,0.13020636575648134,0.022765797770455842,0.6579785352046232,0.41747835031404257,0.045471686714138815,0.8430798200648604,0.10919912640698876,0.010275275948963936,0.8684077335762729,0.013834372083644025,2.286153828204296e-05,0.8776009791921664,0.019472571492155352,0.005690386800673242
task1587_scifact_text_matching,0.3103448275862069,1.1111111111111112,0.15650867705555155,0.6486151302190988,0.17447199265381086,0.05146268876136345,0.6376811594202898,0.02525252525252524,0.03744102588717255,0.5974235104669887,0.2356902356902357,0.00650298452572895,0.6198479391756703,0.13359400456174655,0.00051884636981403,0.3103448275862069,1.1111111111111112,0.01646883960031098
task1589_scifact_text_quality_evaluation,0.37996031746031744,0.8229626655961462,0.11152899649977527,0.45804897631473307,0.19112282477789605,0.0037744221910409603,0.3915256112401814,0.7515946295552878,0.04127626580339877,0.45211038961038963,0.32202886914631806,0.01683314853268203,0.44550861982054646,0.1405058209554396,0.0028338451079406024,0.37996031746031744,0.8229626655961462,0.011483927016942563
task1592_yahoo_answers_topics_text_categorization,0.27326340326340326,1.0203112475318743,0.1014459226703086,0.41731308510653553,0.7055128463504793,0.02776245614802131,0.5013951283642754,0.555222748587517,0.02156008278544895,0.4502456628338981,0.5479869248068069,0.03062328450568965,0.4856488330359367,0.553457126805268,0.013156006043749328,0.27326340326340326,1.0203112475318743,0.33498550940929617
task1593_yahoo_answers_topics_text_categorization,0.24004073540838244,0.7130267060302595,0.03351941355005372,0.22784554739236068,0.9517154560366938,0.035008190908733285,0.22670995364755972,0.9058088279547613,0.02040805761927926,0.22203477894654364,0.9058088279547613,0.035345786207387334,0.2696474473617868,0.6062414979891059,0.00761097075193698,0.24004073540838244,0.7130267060302595,0.09847431798970988
task1599_smcalflow_speaker_identification,0.5398159263705482,0.5755755755755755,0.028886342645897845,0.2781671722983576,1.5039232781168266,0.11042961769654266,0.34318555008210183,1.2012012012012012,0.0649227383402626,0.42534529690492995,0.8956631049654306,0.04846124098288887,0.5920032639738881,0.3205128205128205,0.0028815323009733496,0.5398159263705482,0.5755755755755755,0.0582444597241315
task1604_ethos_toxic_language_detection,0.7057587221521648,0.2856698234849495,0.12539413184115666,0.6601791782514674,0.27384087963543624,0.027700496276518355,0.7383252818035426,0.08814336545428987,0.06634217172811682,0.6601791782514674,0.27384087963543624,0.030058943266962707,0.76,0.020008003201280482,0.0052540593561851145,0.7057587221521648,0.2856698234849495,0.16518808443252464
task1612_sick_textual_entailment,0.5644444444444444,0.5748096176460866,0.024658597947607885,0.5550951847704367,0.5352757215170407,0.06002387583768057,0.5735424247083142,0.5746182517898553,0.024069465921011002,0.6107167786208334,0.48151627156474924,0.028972026589696137,0.5859104282445243,0.45313517994455704,0.008426725204867647,0.5644444444444444,0.5748096176460866,0.1910637327678659
task1615_sick_textual_entailment,0.5831382304165448,0.366677237606814,0.011905481589753547,0.37171464330413023,0.8611037081609577,0.038403231785708536,0.46516057042372827,0.6665572822173577,0.01949235464807228,0.48216998514281567,0.6336128249426849,0.017959480471114175,0.5777483833039389,0.31137707621480804,0.004762552654442087,0.5831382304165448,0.366677237606814,0.061665520872147495
task1623_disfl_qa_text_quality_evaluation,0.3670886075949367,0.8620689655172414,0.24833694338335344,0.5331069609507639,0.6040347173352099,0.05071608004841904,0.6788438378161381,0.25475707524389063,0.027530739378637592,0.7477931904161412,0.13287529167746953,0.0060773993836646945,0.7479584635547938,0.04105090311986862,0.0026726865523388765,0.3670886075949367,0.8620689655172414,0.027392661649127903
task1624_disfl_qa_answerability_classification,0.3795955882352941,0.9673734561290783,0.07230879180168759,0.36276213648476424,1.0080277321656632,0.07569713213909465,0.3688639551192146,1.0119940029985006,0.1054975889699164,0.46952257031328193,0.2297103727771373,0.004440437341188708,0.4797919167667067,0.1214422550629448,0.0037784880787722075,0.3795955882352941,0.9673734561290783,0.00733827743520879
task1630_open_pi_text_categorization,0.3187052998349532,1.0710312554884183,0.14723541240897403,0.6224035314848779,0.2933511964197781,0.05739226939771973,0.6072340255750394,0.478891753416798,0.027809266542289518,0.6198761859380387,0.3500026366243248,0.018290514738201175,0.5906163751938978,0.4611364510090928,0.006285005796020482,0.3187052998349532,1.0710312554884183,0.30092852153784466
task1640_adversarial_qa_answerability_classification,0.3554987212276215,0.7136480109453083,0.03491575918791401,0.31789995866060355,0.8466449642920231,0.037326449091836356,0.5245969408846631,0.07865007865007859,0.0014390062682550497,0.5245969408846631,0.07865007865007859,0.0013858509787841866,0.54226426609704,0.025350025350025354,0.0018597550289971565,0.3554987212276215,0.7136480109453083,0.003546685922419135
task1645_medical_question_pair_dataset_text_matching,0.3464052287581699,0.9259259259259259,0.12566946907526247,0.39180970401405596,0.8527302005562875,0.0847360599347205,0.3103448275862069,1.0869565217391304,0.09148989458907444,0.4542271650705386,0.2835166341179292,0.010456477790212748,0.47665056360708535,0.08722490606548576,0.002222295743589564,0.3464052287581699,0.9259259259259259,0.024939409259477685
task1661_boolq_question_answering,0.5488721804511278,0.17200995461865026,0.006802859785859816,0.38278532151273703,0.8185721953837894,0.02178119999150191,0.5699569956995699,0.09817216148261157,0.0055642300555727164,0.5245969408846631,0.2549651100375737,0.0006029433792754946,0.56,0.0805152979066023,3.710933918155135e-05,0.5488721804511278,0.17200995461865026,0.05402593486589405
task1712_poki_text_categorization,0.5208333333333334,0.03434008409132792,0.011534957015532282,0.49264332825976664,0.4824363033318257,0.040559620829275334,0.359169972535856,0.7817179458970502,0.03450566391609944,0.5404411764705883,0.2939846223428313,0.018534071371578864,0.5331069609507639,0.10014860761129411,0.0026546765233843583,0.5208333333333334,0.03434008409132792,0.0011564668497008324
task1720_civil_comments_toxic_language_detection,0.5366079703429101,0.2695221445221445,0.048775995030484964,0.5444883085332524,0.16025641025641024,0.02897809800800366,0.5879811074263892,0.15889830508474578,0.0168589654425938,0.5805626598465473,0.29470882225119516,0.03652090349303741,0.5699569956995699,0.02249212775528567,0.0015652150536797915,0.5366079703429101,0.2695221445221445,0.0921366063893378
task1721_civil_comments_toxic_language_detection,0.6080795899909557,0.1550021017234132,0.02231588333094714,0.5716034271725826,0.28183023872679047,0.04456164511862343,0.62,0.0400641025641026,0.013603500443962524,0.6398559423769508,0.008764022435897491,0.007311703771368333,0.6398559423769508,0.008764022435897491,0.0004127073518026547,0.6080795899909557,0.1550021017234132,0.0022661029231687557
task1722_civil_comments_toxic_language_detection,0.6096486838154338,0.06920801107328174,0.001728231587043716,0.628178072555522,0.0911475701391668,0.018565278432058963,0.62,0.020008003201280582,0.009961451115490877,0.5796553173602353,0.3468053888221956,0.03263624530150905,0.60996099609961,0.03640800582528095,0.0010316922114973481,0.6096486838154338,0.06920801107328174,0.005621177676893241
task1723_civil_comments_toxic_language_detection,0.3197278911564626,1.0204081632653061,0.08721529358898611,0.4650070968446337,0.5888629961788637,0.018979137196872803,0.537037037037037,0.1682154343218769,0.001077853775658888,0.40910670837678137,0.7754122056986059,0.038917275917079275,0.5392628205128205,0.054095712359017646,0.0018262789961573378,0.3197278911564626,1.0204081632653061,0.1270840571626315
task1724_civil_comments_toxic_language_detection,0.5276856597326902,0.03239946636173051,0.004243798072789601,0.5512035903712771,0.1515151515151515,0.006567532947867466,0.565936337329475,0.21246952281435044,0.013150314833549503,0.5452666391070691,0.4256854256854256,0.038861249320107705,0.5087719298245614,0.0019805902158843464,0.003376497971871062,0.5276856597326902,0.03239946636173051,0.014512315438784285
task1725_civil_comments_toxic_language_detection,0.557203171661003,0.25865946918578503,0.0172228295912292,0.5361881134721174,0.5145074224021593,0.053656908811000215,0.5164835164835164,0.4965086996336996,0.032519174259948685,0.5459824728117411,0.4442195231668916,0.04035862858838901,0.5495946351716545,0.014568764568764617,0.0058886707364655955,0.557203171661003,0.25865946918578503,0.061012908019100254
task190_snli_textual_entailment,0.37775993576876754,0.5324139225068018,0.0077748091675621245,0.36943248924031624,0.4468372115430939,0.0045000413781424164,0.48677457560205295,0.5384120861459338,0.043794939443229874,0.47147017581706396,0.2333018769004928,0.022978018987852733,0.44191814799503926,0.07943889018057819,0.0011355789273710115,0.37775993576876754,0.5324139225068018,0.0007819463298243123
task195_sentiment140_sentiment_analysis,0.4900437105390966,0.7241379310344828,0.13406988795179053,0.7331691297208538,0.21621621621621626,0.00815977674964874,0.6989160979526294,0.08571428571428572,0.04440692418925041,0.7237851662404092,0.20547945205479456,0.012485821168676525,0.6794871794871795,0.05882352941176467,0.008077654823367086,0.4900437105390966,0.7241379310344828,0.14990483688354245
task196_sentiment140_sentiment_analysis,0.6155585707824514,0.43795442346166985,0.05095938962236024,0.7395833333333333,0.0261130695913305,0.015096663164616497,0.7362012987012987,0.08269138703921312,0.008334863197706432,0.7033248081841432,0.29314372547685474,0.05932210378930944,0.7497747973175859,0.04025764895330116,0.008568842469422217,0.6155585707824514,0.43795442346166985,0.14326452178054427
task197_multinli_text_categorization,0.20593717544481552,1.1682965266286294,0.14023728629863763,0.3714050397097755,0.6316031013150023,0.0837551503372808,0.41099301380631303,0.44796927707414297,0.04825772028070717,0.3973286494413255,0.5637229429941754,0.06765521980856232,0.46394982531781215,0.37802100313046855,0.009767563358509465,0.20593717544481552,1.1682965266286294,0.18215524200895453
task198_multinli_text_categorization,0.20211640211640208,1.1966684901448346,0.046690753129364174,0.21531786455385776,1.0698501146128483,0.038254384842682274,0.2849037791476816,0.7764059032386659,0.024570908596938043,0.2597154150197628,0.5734133482190283,0.01685780520856639,0.2858784123900403,0.47138212999990164,0.0017813536385845041,0.20211640211640208,1.1966684901448346,0.00458076675129962
task199_multinli_textual_entailment,0.45282706018902336,0.6204098554844822,0.06878143107439483,0.2341710710818682,1.7001915708812263,0.036147596408439536,0.5261619114830124,0.3350554058101227,0.003294148658261914,0.46953405017921146,0.5369740488788108,0.04400472187558635,0.5008680555555556,0.09736919459141677,0.0006849829287845499,0.45282706018902336,0.6204098554844822,0.006946367210664717
task200_multinli_textual_entailment,0.6435185185185185,0.33737522385488794,0.021022042033789767,0.3705035013446228,0.7755395229874283,0.05269073110979414,0.5508629258154875,0.1738373436705672,0.008145180558510545,0.57551764897693,0.3893261155452352,0.03206672423470633,0.5854293854293854,0.21687294930188653,0.0006613593347074287,0.6435185185185185,0.33737522385488794,0.06806014558145207
task201_multinli_textual_entailment,0.1872934655154035,1.2582404252702868,0.044859543054843576,0.24544444444444447,0.9732537168666687,0.04079403589855196,0.27652409208891243,0.39436260279287316,0.009516297352577557,0.26598793363499246,0.6295778390159488,0.013691607410601547,0.30574660880482546,0.14663550964850233,0.0003724486368794355,0.1872934655154035,1.2582404252702868,0.004626695179418605
task202_multinli_textual_entailment,0.2012571514604035,0.3910989502747203,0.005914350665935236,0.19768934531450577,1.106741954349873,0.04665185147844736,0.229868578255675,0.6887238632074943,0.018765538098989648,0.21274058010300897,0.48735429781027706,0.0029255829930718014,0.21819360802411647,0.43353286630250104,0.0008847624014501343,0.2012571514604035,0.3910989502747203,0.0005771049174070342
task204_multinli_text_categorization,0.2248062015503876,1.7241379310344829,0.07578742809436806,0.4554512802687985,0.33767995088291625,0.01082185438460076,0.36943248924031624,0.6084034495884909,0.02118642044538871,0.4900437105390966,0.36927869236824035,0.01410942288522743,0.4357638888888889,0.19831633479035124,0.00033145071045098673,0.2248062015503876,1.7241379310344829,0.007658815782611406
task209_starcon_stance_detection,0.22339181286549706,1.0524353440712433,0.2117874485804183,0.5219806763285024,0.22029515040476505,0.07037308500511702,0.4926839553025511,0.11137446305283749,0.04167799706118627,0.5296870604781997,0.03692952173502637,0.03567246939071392,0.48606220034791464,0.15012942100885984,0.03578897583667062,0.22339181286549706,1.0524353440712433,0.24146184775492008
task211_logic2text_text_to_code,0.3103448275862069,1.1111111111111112,0.26514559122637443,0.3103448275862069,1.1111111111111112,0.15441960649965739,0.3103448275862069,1.1111111111111112,0.13786410154803175,0.48717948717948717,0.7438016528925618,0.08751195455409297,0.839421918908069,0.02886002886002885,0.002263299901006016,0.3103448275862069,1.1111111111111112,0.10153077465837904
task212_logic2text_text_to_code,0.03508771929824561,2.49947932937059,0.47739536055069703,0.4194018691823064,0.7619398635845454,0.2581215542521458,0.7349841996295086,0.41643824729700096,0.09416021816220314,0.7374331701917909,0.40445798958364804,0.11262481860346032,0.7468309823287578,0.3948040442772114,0.04968950796212337,0.03508771929824561,2.49947932937059,0.3997371113325555
task213_rocstories_text_completion,0.5601023017902813,0.16480595427963848,0.011210656691094445,0.48263118994826315,0.5565458506634977,0.028765794095546998,0.4025735294117647,0.8585858585858587,0.04887722144944348,0.628178072555522,0.011223344556677874,0.0033824110080847847,0.6290726817042607,0.020843354176687555,0.0005657346852586675,0.5601023017902813,0.16480595427963848,0.029401441454654953
task214_rocstories_text_completion,0.3288590604026846,1.0204081632653061,0.050318536047117945,0.33774834437086093,0.9803921568627451,0.1713408809496108,0.3197278911564626,0.9803921568627451,0.04766676161590447,0.4288045695634435,0.33831714503983407,0.005879615274029915,0.4099409940994099,0.044408007105281116,0.0006551025460294346,0.3288590604026846,1.0204081632653061,0.01796633123932545
task220_rocstories_title_generation,0.6697027324592133,0.16718356270595075,0.01239015185622841,0.358974358974359,0.8928571428571428,0.13556022203379017,0.6033177064551027,0.49912773793370807,0.04142058934928994,0.6439833180754755,0.3246753246753246,0.02688134589941149,0.7181964573268921,0.009018759018759022,0.0032591277483703107,0.6697027324592133,0.16718356270595075,0.040088119219760215
task221_rocstories_text_completion,0.3538063258562139,0.6361335226373491,0.024867997562596583,0.15384615384615385,1.5713484026367723,0.08466260395848577,0.25133085313472253,0.733645262839358,0.00926498219777444,0.32038260742579683,0.5722067430787028,0.006807082486077226,0.3844444444444444,0.16274923584416037,0.0018935463005048947,0.3538063258562139,0.6361335226373491,0.030090261034721066
task224_scruples_ethics_classification,0.48764315852923446,0.5311870608674261,0.040322742686390356,0.4802494802494802,0.43125317097919835,0.014241082874590028,0.48677457560205295,0.4354118322229708,0.019725404062563207,0.4791666666666667,0.4803522037282532,0.02451624679954595,0.41927990708478513,0.06482890805569648,0.002296904256932769,0.48764315852923446,0.5311870608674261,0.10788892650917259
task226_curated_from_stack_overflow___english._answerability_classification,0.3453985367731998,1.000784929356358,0.213098607482952,0.4429590017825312,0.6810897435897436,0.083123850249268,0.45238095238095233,0.7819919278252611,0.14185564709566909,0.48686371100164205,0.3605769230769231,0.03700287321765089,0.4812328349099786,0.3057953950811094,0.001647716068700844,0.3453985367731998,1.000784929356358,0.13079244168303855
task227_clariq_question_understanding,0.3695175438596491,0.8886503250432397,0.09465668655470033,0.5847828526540231,0.44666820029138865,0.02786430209383367,0.3695175438596491,0.8886503250432397,0.093601965574583,0.7175436761167486,0.20900888977124835,0.008760144825162908,0.6798719487795117,0.05091408544093964,0.0006781138274165599,0.3695175438596491,0.8886503250432397,0.00960874015535218
task228_arc_question_answering,0.6400694444444444,0.3882071417350303,0.03788078090014475,0.7577602725143708,0.29650707098054147,0.06056529872128831,0.7535835351089588,0.2067491686031831,0.0728456003264571,0.6762440692927286,0.219780149969571,0.06120982626448723,0.7432436749297214,0.20350553444327057,0.04234956166388498,0.6400694444444444,0.3882071417350303,0.09880713635194864
task229_arc_question_answering,0.5670661824051655,0.3998578294109021,0.0410195856776254,0.4751082251082251,0.560737487977448,0.13582248056611987,0.5807639432944394,0.3459091386246102,0.04269186722459317,0.588988023470782,0.39218724727400067,0.06316688345617806,0.6351786978316455,0.24519592250297303,0.025547081167234045,0.5670661824051655,0.3998578294109021,0.10613435582393672
task230_iirc_question_answering,0.17170542635658914,1.5015438438588478,0.06430533098874427,0.28678563212724706,1.055785564144509,0.017371924300122937,0.35450359182169827,0.5323720034646031,0.015774204805049402,0.3520831218059363,0.6280544367086415,0.016323227521626543,0.4301770217263175,0.08687234215193838,0.0007865899955052935,0.17170542635658914,1.5015438438588478,0.006768833047468836
task231_iirc_question_answering,0.1946157510951127,0.9229836073754667,0.03754112354730381,0.14047619047619048,1.4174985912016538,0.13413699679797775,0.1308140930790921,1.7650325241112426,0.0549340632330548,0.2744044291874602,0.43965110332630924,0.007354863991222718,0.2647605731596544,0.3176615431074787,0.002329624410630546,0.1946157510951127,0.9229836073754667,0.07749596214201158
task232_iirc_answerability_classification,0.5582120582120582,0.48532196969696967,0.0202064469685434,0.3993993993993994,0.9449968434343434,0.058526185193048086,0.5046620046620046,0.6168455387205387,0.033280170403786946,0.5507637017070979,0.4807692307692307,0.017110587836568325,0.5538956323270048,0.057870370370370364,0.00015361852903542084,0.5582120582120582,0.48532196969696967,0.014597790980389602
task233_iirc_answerability_classification,0.4565217391304348,0.26915113871635604,0.012313416633460916,0.5098039215686274,0.20408163265306117,0.014273294468601594,0.5482778091473743,0.46918767507002795,0.0372586685449911,0.5248653785239151,0.02164502164502167,0.0036508633985064542,0.5248653785239151,0.02164502164502167,0.0004939170857250763,0.4565217391304348,0.26915113871635604,0.0012345474487608366
task241_tweetqa_answer_verification,0.3551587301587301,1.0030864197530864,0.12124660160397227,0.6601791782514674,0.17485038575239745,0.007385009473054538,0.5796553173602353,0.4495437466451959,0.052778602092657,0.6601791782514674,0.17485038575239745,0.00851447639118541,0.7099709970997099,0.06634006940191882,0.006147132715660197,0.3551587301587301,1.0030864197530864,0.08735712203567358
task242_tweetqa_answerability_classification,0.5582120582120582,0.5990133897110641,0.07386008559547808,0.5687468290208015,0.5681045460727223,0.062210303674097855,0.7803117480908045,0.1283382138006187,0.020610548390734174,0.8084484323016433,0.029466430935219202,0.008142322116898026,0.78997899789979,0.12988756849438873,0.0028209524300302213,0.5582120582120582,0.5990133897110641,0.10156391336376289
task248_dream_question_understanding,0.09696969696969697,1.2500000000000002,0.3739532634638673,0.18855080200310123,1.5878623423275136,0.1338102298042329,0.18169397793521214,1.820336536596427,0.05384986443962583,0.16977409186111694,2.09631518064636,0.02926888172045597,0.2179039543745426,1.4886165394363593,0.032426525164143585,0.09696969696969697,1.2500000000000002,0.31765013740353937
task268_casehold_text_completion,0.3091273779983458,0.7685868290772035,0.03326075077938061,0.11246351246351247,1.80831566280121,0.09475736750622749,0.3152593917710197,0.5737995609002109,0.019599121928470714,0.2747661469418504,0.7426146113488526,0.025099427941364758,0.3379245342860903,0.436647678731757,0.0012301269027901046,0.3091273779983458,0.7685868290772035,0.005513094020572359
task274_overruling_text_categorization,0.3814975654691407,0.9048902579899883,0.09069059011204778,0.839421918908069,0.0914651574915681,0.0028582956945669147,0.818840579710145,0.11760801881728304,0.007874607771181263,0.8498648783905515,0.05531624414471669,0.00033209639529774293,0.8594941790445605,0.04978735680318639,0.0020921461375001116,0.3814975654691407,0.9048902579899883,0.14590755112987883
task276_wsc; enhanced_wsc_text_matching,0.12824463118580764,1.538715345815329,0.31691838239965675,0.09934640522875816,1.3786704000930277,0.2540850368988454,0.15454620473393943,0.9352972199508078,0.06820428600573922,0.20580729669402711,0.9733357114172385,0.032995357258090954,0.2537958773252891,0.6242552188463704,0.003689739243792081,0.12824463118580764,1.538715345815329,0.2385525006952702
task279_stereoset_stereotype_detection,0.16952380952380952,1.5881254299489975,0.110849256552429,0.21075158363293958,1.635558817547743,0.1043600549681254,0.2745460859469349,1.1848940968023325,0.052850767323229075,0.5044205495818399,0.5349426549028272,0.02409181039195271,0.5579710144927535,0.10944558102083607,0.0005656941588993714,0.16952380952380952,1.5881254299489975,0.085131883250879
task280_stereoset_text_categorization,0.7693528693528693,0.11701399958577081,0.16424220245397464,0.5798192771084338,0.43711817276911535,0.14222950548986676,0.7002039370667648,0.1097424931058932,0.11682121469848043,0.656307824672646,0.14000730852922355,0.1276264794148061,0.6018610013175231,0.2104689263104123,0.07352732011474776,0.7693528693528693,0.11701399958577081,0.23343507155226068
task284_imdb_sentiment_analysis,0.8973727422003284,0.09840758633029165,0.003505628662552246,0.9194847020933977,0.007001330252748053,0.027366638905300555,0.908452853219408,0.0632620197837589,0.005493291122903754,0.7973333333333333,0.2301147094491163,0.06122951954077427,0.908452853219408,0.0632620197837589,0.006344197840292054,0.8973727422003284,0.09840758633029165,0.04603401079408309
task285_imdb_sentiment_analysis,0.6970037032880709,0.39347129116875545,0.08890451352068987,0.9188311688311688,0.07068926395894785,0.03425500916943769,0.7987117552334944,0.16057808109193097,0.03379840092848688,0.7767857142857143,0.21461878145940774,0.050998648668616975,0.8698828946051447,0.02560943534655791,0.023810218766439822,0.6970037032880709,0.39347129116875545,0.14943634006876105
task286_olid_toxic_language_detection,0.34210526315789475,0.9615384615384615,0.28791353610919623,0.4725620020199753,0.5835752298016448,0.05996428537661111,0.6100164203612479,0.21841397849462366,0.028148561128221006,0.6598639455782312,0.07041569541569541,0.0006808559863115127,0.6296667000300271,0.007631257631257604,0.0010514976035566892,0.34210526315789475,0.9615384615384615,0.251940669569223
task290_tellmewhy_answerability_classification,0.23076923076923078,1.6666666666666667,0.1091455957641792,0.37775993576876754,0.2882205513784461,0.018105556984559623,0.5322245322245323,0.41666666666666674,0.012459544262843014,0.5322245322245323,0.41666666666666674,0.011923990491820635,0.4086523498288204,0.04983388704318932,0.004173333895012704,0.23076923076923078,1.6666666666666667,0.011126284094537864
task291_semeval_2020_task4_commonsense_classification,0.3710691823899371,0.9419454056132257,0.0643091045737034,0.5098039215686274,0.5516492311210198,0.0219326124142927,0.3710691823899371,0.9419454056132257,0.04963796580206628,0.5242836596968692,0.5640852832361015,0.016748352011040024,0.62,0.020008003201280582,0.0024681471266470023,0.3710691823899371,0.9419454056132257,0.16901297837750162
task296_roc_stories_text_completion,0.40476190476190477,0.8875739644970414,0.0833179725683813,0.32432432432432434,1.0416666666666667,0.24356154446600406,0.40476190476190477,0.8875739644970414,0.08445488724955741,0.6368917937545389,0.2527120315581854,0.0021877862197694498,0.7297567811029927,0.08122585177379692,0.000946823316796741,0.40476190476190477,0.8875739644970414,0.1434053066568542
task297_roc_stories_text_completion,0.3443419135502671,0.8744425863991081,0.04538025241190424,0.34210526315789475,0.9615384615384615,0.1910441115372325,0.34210526315789475,0.9615384615384615,0.08052274557061012,0.3676050591595267,0.32894736842105265,0.01298486168549945,0.37600644122383253,0.17079959514170037,0.0003898795384476572,0.3443419135502671,0.8744425863991081,0.08109304854235616
task298_roc_stories_coherence_classification,0.6693333333333333,0.3228353771832033,0.08300451844048706,0.6458333333333333,0.3435800310800311,0.07482225896905167,0.6874684948079444,0.09057971014492755,0.023793754946877438,0.6788438378161381,0.04831259426847661,0.00349260797850931,0.6788438378161381,0.04831259426847661,0.017603766487950367,0.6693333333333333,0.3228353771832033,0.1594597428825888
task309_race_question_answering,0.5156398562917566,0.5088793809337394,0.058955020085989684,0.5278552330022918,0.4395059998163493,0.11465586336061358,0.6047576311341607,0.13861088862540133,0.03422220061504297,0.5988374528697109,0.07293156352736713,0.052791654673206276,0.6359752992105934,0.32548726982151815,0.01664569036532121,0.5156398562917566,0.5088793809337394,0.09455627748654981
task310_race_question_answering,0.39290917921321034,0.84,0.06619056599658091,0.4109868974636375,0.803921568627451,0.060006267127716284,0.3859344224307728,0.7872340425531915,0.0443659868841115,0.5670995670995671,0.3898305084745763,0.022798849425697487,0.5896306676008407,0.0508474576271186,0.0009545468518612765,0.39290917921321034,0.84,0.015301737076347077
task316_crows_pairs_stereotype_detection,0.34210526315789475,0.9090909090909091,0.08000620119877319,0.5037482842360892,0.5393558223746903,0.028089440209797978,0.5151515151515151,0.09324009324009319,0.00628135438821642,0.508679986898133,0.4315886134067952,0.021842899140133015,0.5383380168606985,0.011223344556677858,0.0006840239377912394,0.34210526315789475,0.9090909090909091,0.03833250195442264
task317_crows_pairs_stereotype_detection,0.26630355846042125,0.8391197616060806,0.45406837440571485,0.6221686847773804,0.4126106009092901,0.1084217533818599,0.575018315018315,0.4334440578707369,0.06087444351782478,0.5380572345897423,0.4709499056299184,0.16570608251156016,0.5631095594437453,0.3711845362871964,0.10066859726176527,0.26630355846042125,0.8391197616060806,0.46934859445456356
task318_stereoset_stereotype_detection,0.1691542288557214,1.386483884679505,0.4107489307220249,0.28673419353031004,0.8110810408176883,0.050342556368706104,0.4281440362428695,0.2380681865444092,0.07869572432283595,0.4367671510156872,0.11877843733138907,0.07296895683268911,0.38324628776241676,0.3946279380321461,0.009957837239821576,0.1691542288557214,1.386483884679505,0.2451905955244018
task319_stereoset_stereotype_detection,0.14583333333333334,1.6835875742536843,0.2811376079319303,0.18333333333333335,1.36905468116542,0.21969557044962018,0.4201932367149759,0.6574364493029997,0.012241459532911503,0.44005191175002495,0.7016947518334145,0.025181704928293858,0.5308265582655826,0.27365353288502187,0.006283318557942064,0.14583333333333334,1.6835875742536843,0.02831254234440639
task320_stereoset_stereotype_detection,0.1728395061728395,1.3468700594029477,0.3674320821498296,0.3477578255323324,0.7272912072019386,0.14675882605338014,0.5307287433724216,0.34999939592469664,0.03241275406280553,0.6186128364389235,0.1038950898966413,0.06979524809599247,0.5654589288392105,0.21636137195288316,0.0173291282979037,0.1728395061728395,1.3468700594029477,0.037868284222839055
task322_jigsaw_toxic_language_detection,0.35064935064935066,0.9259259259259258,0.28777752479623586,0.6846709388668497,0.2701346589185279,0.02703774407742987,0.6989160979526294,0.16678168852081898,0.009776523121729719,0.6745595331612613,0.3872672427479531,0.11692411321564311,0.7097387648883995,0.037989612392551705,0.04374791460079308,0.35064935064935066,0.9259259259259258,0.03508634757536641
task323_jigsaw_toxic_language_detection,0.3150684931506849,1.0869565217391304,0.1613384690476203,0.62,0.08051529790660225,0.0005859172841338189,0.5974235104669887,0.21470746108427266,0.009223224462510782,0.6093337556752191,0.2869156250798763,0.028830097385498743,0.6398559423769508,0.0490640096618357,0.0020055867273576222,0.3150684931506849,1.0869565217391304,0.042599398566272484
task325_jigsaw_toxic_language_detection,0.3695175438596491,0.9062253743104807,0.11331335411200066,0.5098039215686274,0.6337099271663703,0.059589625066791746,0.7493734335839599,0.1271243141977787,0.015452366779540316,0.7660461804495982,0.10922437658688164,0.014784084556392102,0.7591328783621036,0.019015825392465564,0.0006419738253920781,0.3695175438596491,0.9062253743104807,0.13424020116603008
task326_jigsaw_toxic_language_detection,0.3288590604026846,1.0204081632653061,0.13067204755324624,0.5696126513862476,0.03264463680208932,0.0015231409529824491,0.5784825371336813,0.12349767493204178,0.013565871705036925,0.47987336047037543,0.6498895854638151,0.04821216685936422,0.5699569956995699,0.0024571232001572474,0.00018529410650303113,0.3288590604026846,1.0204081632653061,0.06581009367929003
task327_jigsaw_toxic_language_detection,0.24242424242424243,1.5625,0.3180282469208173,0.7759169713409599,0.1395697167755991,0.028280216246613754,0.6736026111791106,0.17706531141868515,0.05572016858206935,0.6921182266009853,0.15099789915966388,0.05491856598603034,0.7013695808876532,0.1385149130074565,0.03072212100704197,0.24242424242424243,1.5625,0.03878942136884425
task328_jigsaw_toxic_language_detection,0.4233836339099497,0.8316534160834145,0.1902468193959737,0.5327635327635327,0.61346572527316,0.1363731006351015,0.570999570999571,0.4535147392290249,0.09827825834817583,0.6386993175431553,0.11379551820728294,0.040122850632420715,0.6394230769230769,0.08253301320528209,0.0013018146879318904,0.4233836339099497,0.8316534160834145,0.1126177121583174
task329_gap_coreference_resolution,0.383061383061383,0.5535431872924993,0.11047617597340893,0.07142857142857142,3.928371006591931,0.21774514601357914,0.32414928067101983,0.26536910313175377,0.022528223849089923,0.32650335775335776,0.19168902298447824,0.020128836820755308,0.3719656283566058,0.10702107644043363,0.004149655756576998,0.383061383061383,0.5535431872924993,0.16754133448310715
task333_hateeval_toxic_language_detection,0.3605015673981191,0.9819021948402002,0.16967974621340498,0.6798719487795117,0.030698750796986835,0.019906730170218934,0.7171717171717171,0.07917391498282714,0.013310654808084132,0.6486151302190988,0.21349585781540825,0.004242238370675222,0.6587715776796468,0.15145432648443488,0.004891342866639031,0.3605015673981191,0.9819021948402002,0.20728141646197412
task335_hateeval_toxic_language_detection,0.32432432432432434,1.0416666666666667,0.0888905301084244,0.5746446726838883,0.2824858757062147,0.009482171805504036,0.628178072555522,0.15135327635327633,0.013567800216594872,0.5896306676008407,0.09099304650152114,0.009112842772655866,0.6186270574066639,0.05686517783291974,0.0004290863964872549,0.32432432432432434,1.0416666666666667,0.009042612027670871
task337_hateeval_toxic_language_detection,0.7312939231087227,0.30433886315058534,0.0779157195971214,0.86,0.06021678040947408,0.00301244059450545,0.7863899908452854,0.22536828786161828,0.061380861223003125,0.8599439775910365,0.036876943041460844,0.009005120952139872,0.86,0.06021678040947408,0.00012627699005118842,0.7312939231087227,0.30433886315058534,0.14242313972920306
task340_winomt_gender_classification,0.9151103565365025,0.10351966873706003,0.04779671632543875,0.969309462915601,0.005501667428435968,0.029083501571400883,0.9691071980228607,0.01565859191170248,0.012668052351440362,0.9586606035551881,0.028222495894909654,0.005039150941151815,0.969309462915601,0.005501667428435968,0.04026238811003677,0.9151103565365025,0.10351966873706003,0.07274967600619459
task341_winomt_gender_classification,0.6816638370118846,0.383470695970696,0.09631533079825741,0.6440513428972063,0.44369498660543427,0.10088825600187451,0.859775641025641,0.08665026833631487,0.04092139066206485,0.818840579710145,0.13778142589118197,0.06463643520064133,0.88,0.04006410256410255,0.01104114313270621,0.6816638370118846,0.383470695970696,0.16263299591774416
task346_hybridqa_pos_tagging,0.4916485112563544,0.4554639891383285,0.009619321657662522,0.3922393641888733,0.8772812667740205,0.03316414144214952,0.50995099509951,0.060781156262827186,0.0036896658096599033,0.38666666666666666,0.8513747241605534,0.04332890654949623,0.50995099509951,0.060781156262827186,0.0007032414753034288,0.4916485112563544,0.4554639891383285,0.02888232155290793
task349_squad2.0_answerability_classification,0.5889724310776943,0.3445944001611464,0.02666766860101566,0.5219204557013528,0.5149437806323478,0.031102232689957265,0.6486151302190988,0.03472758141688531,0.007531859335923652,0.5664885573142454,0.4222142793316058,0.028831036953899575,0.6052232007288187,0.0633193242227727,0.004400526100793445,0.5889724310776943,0.3445944001611464,0.07396679416853091
task350_winomt_gender_classification,0.2907801418439716,1.2195121951219512,0.10127902934222482,0.4782608695652174,0.5024002159772549,0.01628606830408419,0.568922305764411,0.09537071285075024,0.0015223906930981468,0.5598239295718287,0.22293745939880702,0.006435059937260956,0.5974235104669887,0.04822929585228055,0.0007817308584976423,0.2907801418439716,1.2195121951219512,0.010299152407301948
task351_winomt_gender_classification,0.3548387096774194,0.9090909090909091,0.10803496531332321,0.4109868974636375,0.7110318875024756,0.02302946118806204,0.4812328349099786,0.1669758812615955,0.0059132405212627415,0.43466666666666665,0.6382978723404257,0.013907760380411832,0.50995099509951,0.08120419885125771,0.00010494605201608054,0.3548387096774194,0.9090909090909091,0.03150546517296848
task353_casino_negotiation_strategy_detection,0.3333333333333333,1.0,0.12742711471952606,0.557203171661003,0.2982456140350877,0.020577174267739362,0.47987336047037543,0.6296296296296297,0.04352293755413997,0.4725620020199753,0.6226415094339622,0.041064995268592946,0.5571658615136876,0.14285714285714288,0.00045848639230228194,0.3333333333333333,1.0,0.013145814795783473
task355_casino_negotiation_strategy_detection,0.4725620020199753,0.6851078978662808,0.04284484950712203,0.5784825371336813,0.043605254779274315,0.04034838037410887,0.5463252343986289,0.22444436334440343,0.015027314691707677,0.5592948717948718,0.13190342375408615,0.021534842052175263,0.5598239295718287,0.09606010208178012,0.002051264603424613,0.4725620020199753,0.6851078978662808,0.004382907909023903
task356_casino_negotiation_strategy_detection,0.483110950835437,0.6434161087097777,0.07300779315683215,0.5523528769516323,0.41417615109582684,0.024973093734752427,0.570999570999571,0.35560923242082665,0.016155263664832054,0.584,0.3319606135001716,0.010873000444724668,0.5941558441558441,0.12077294685990336,0.001899174177427132,0.483110950835437,0.6434161087097777,0.00754220630186378
task357_casino_negotiation_strategy_detection,0.5413333333333333,0.521936887306834,0.09970658209639785,0.5746446726838883,0.24359289281912716,0.004515924385869008,0.5295766189570613,0.02354692674627047,0.04083033170712974,0.5755517826825127,0.322061191626409,0.0040234628511452986,0.5584102769971899,0.027317690361168642,0.004776029467155524,0.5413333333333333,0.521936887306834,0.02677045601425254
task359_casino_negotiation_strategy_detection,0.5392628205128205,0.13455848461870137,0.006751398048005647,0.5501621508525996,0.3095353799995774,0.06817517586015237,0.5383380168606985,0.17172933672331506,0.0017961325146650664,0.5501621508525996,0.3095353799995774,0.07977397715338275,0.5798319327731092,0.025609435346557942,0.008423391766347627,0.5392628205128205,0.13455848461870137,0.0006996843036572997
task361_spolin_dialogue_generation,0.415614773258532,0.702529104777198,0.10610964515843194,0.3633276740237691,0.5419510236852668,0.07241735619154707,0.3880048959608323,0.4114813327980731,0.00800608153396698,0.4221016629319495,0.707251989515196,0.11566095355418526,0.37775993576876754,0.09824843119440516,0.007634614006648444,0.415614773258532,0.702529104777198,0.01099904905690896
task362_spolin_dialogue_act_recognition,0.39673982800667434,0.8481494920174165,0.028773703736913514,0.508679986898133,0.488053613053613,0.014135979463655635,0.43227899432278993,0.6865887380593262,0.02141249308788684,0.4916485112563544,0.4132101558572146,0.012402878854874871,0.4949494949494949,0.1602564102564102,0.0017213947967571475,0.39673982800667434,0.8481494920174165,0.15823385139154333
task363_sst2_sentiment_analysis,0.8383838383838383,0.03929913350203203,0.020340899466971207,0.8286117552172598,0.1896474788041053,0.09674414551462943,0.8389694041867954,0.1763668430335097,0.07758609689501644,0.8376623376623377,0.06326201978375887,0.03579168663155227,0.8696741854636592,0.022673848261054633,0.010710965822079949,0.8383838383838383,0.03929913350203203,0.01353604874468528
task375_ddo_text_categorization,0.28241160966328227,1.1085791704166628,0.0634570547143263,0.38239295718287314,0.39369595771479077,0.03785611668781444,0.4865563985808551,0.36306451716106763,0.04081050486133608,0.47916666666666663,0.4640645072539581,0.034908685552597546,0.4240358439201452,0.6269821551004582,0.0162695423798382,0.28241160966328227,1.1085791704166628,0.07386230541939869
task379_ag_news_text_categorization,0.109375,1.5464739353293544,0.401257783535223,0.6924298128342246,0.4547724168840009,0.07839936611248628,0.7476108308016653,0.37093225323748186,0.07850748467217028,0.6590462276060653,0.49078133339779084,0.08065138392857558,0.7963636363636364,0.1646842229945205,0.049154443305030215,0.109375,1.5464739353293544,0.1690173020098808
task382_hybridqa_pos_tagging,0.25011969313044585,1.4532117878691622,0.4181208102093823,0.4275193455018017,0.68923532881421,0.22512559087667602,0.3951101428225611,0.7613933172975715,0.12969622045604856,0.3763156023733939,0.737786564882017,0.20596659160584718,0.3593175343175343,0.8419569311203711,0.04946590949921956,0.25011969313044585,1.4532117878691622,0.4901340040712362
task383_matres_misc.,0.6637242538881883,0.28398378582202105,0.007471788182344619,0.66996699669967,0.05501339456563342,0.04334369094202192,0.5863970588235294,0.5233373397435896,0.03147041034782294,0.5659722222222222,0.5074786324786325,0.09261039980744523,0.6587715776796468,0.05099067599067598,0.005117731048149443,0.6637242538881883,0.28398378582202105,0.020268318468672886
task384_social_iqa_question_understanding,0.39180970401405596,0.6042568542568543,0.048973930083157646,0.27884615384615385,0.7227891156462585,0.0013911661516928797,0.4252873563218391,0.09469696969696968,0.011437211598855135,0.4212484497726333,0.03832972582972582,0.016871355368886426,0.44821731748726656,0.07440476190476193,0.003846691191756957,0.39180970401405596,0.6042568542568543,0.023896013965648305
task386_semeval_2018_task3_irony_detection,0.35661764705882354,0.9274563820018364,0.09458046815664875,0.3441881501582994,0.9187109187109188,0.0745090121794385,0.5586380832282472,0.2821316614420063,0.030940720061582855,0.5353535353535354,0.08604564160119714,0.01147310077042743,0.49979991996798717,0.06060606060606061,7.862321575102804e-05,0.35661764705882354,0.9274563820018364,0.009675971158997099
task387_semeval_2018_task3_irony_detection,0.14583333333333334,1.6835875742536843,0.2337647653431532,0.22735042735042735,1.272257297965011,0.13392106260141634,0.27761094427761096,1.0130865922351016,0.054883373122770696,0.37217412217412216,0.5188655709840535,0.03743841856932012,0.4010068426197459,0.07074198149019524,0.003060248454074377,0.14583333333333334,1.6835875742536843,0.022222901617275248
task391_cod3s_cause_effect_classification,0.3548387096774194,0.9090909090909091,0.11570704729699538,0.5398159263705482,0.06359895248784136,0.00046575488536249043,0.4022869022869023,0.7968574635241301,0.05388267954602155,0.44317065181788406,0.6988249845392702,0.039974959137498545,0.5295766189570613,0.043834572136459,0.005969617842235431,0.3548387096774194,0.9090909090909091,0.011896542036268914
task392_cod3s_cause_effect_classification,0.4017487344684768,0.7852176489639537,0.07644097604603667,0.2805755395683453,1.282051282051282,0.1428398358148561,0.31641756459274706,1.1795281887245104,0.08082586177795203,0.4017487344684768,0.7852176489639537,0.08679824544309508,0.6486151302190988,0.055409071802514386,0.00026634276711845484,0.4017487344684768,0.7852176489639537,0.025076784189495327
task397_semeval_2018_task1_sentiment_analysis,0.2808939041929417,1.3859275053304905,0.13651941028743841,0.6186270574066639,0.2750178725142615,0.019756489024965074,0.4608890245142916,0.6971910274546033,0.0671630156411481,0.4949494949494949,0.6105834464043419,0.05953380740045544,0.6305418719211823,0.10176390773405704,0.014812959307150236,0.2808939041929417,1.3859275053304905,0.014687802162695995
task398_semeval_2018_task1_sentiment_analysis,0.37888198757763975,0.873015873015873,0.1432579629570292,0.6846709388668497,0.29131898697116093,0.01010761731918633,0.6604414261460102,0.255496137849079,0.043101620080589154,0.6637242538881883,0.22578728461081407,0.042107103359791564,0.719551282051282,0.04489337822671154,0.014546599508914904,0.37888198757763975,0.873015873015873,0.01492059139793711
task399_semeval_2018_task1_sentiment_analysis,0.46943972835314096,0.7640067911714771,0.10838138326534089,0.7235244620747686,0.3103433069477212,0.08721407323363334,0.7694235588972431,0.18576499900778337,0.029921131232145237,0.7742200328407225,0.037003177919986065,0.01625052287843065,0.7777777777777778,0.11862783509642591,0.009385203783465634,0.46943972835314096,0.7640067911714771,0.011499443545181204
task400_paws_text_matching,0.4168797953964194,0.2705688499419541,0.016415436243864767,0.3464052287581699,0.9259259259259259,0.05765380703692588,0.376114081996435,0.8124725516029864,0.022538735959520467,0.483753416337686,0.3064510828485984,0.0022864699017990653,0.46,0.08051529790660225,0.0008157375460475236,0.4168797953964194,0.2705688499419541,0.05537563052471722
task420_persent_sentiment_analysis,0.26204745596868884,0.6551755087496758,0.07095054928327352,0.20010840108401085,1.2964663572597948,0.1186270877105027,0.3153846153846154,0.584882531903377,0.052260653018451286,0.3328502415458937,0.5242748980127906,0.039493150565912766,0.40209724915607276,0.21686277577045873,0.03685474099548974,0.26204745596868884,0.6551755087496758,0.017533700692250437
task421_persent_sentiment_analysis,0.17166572344840594,1.8281946077685596,0.2158036039915524,0.2985407572138484,0.8133997944268868,0.1122474132497756,0.35525533559241423,0.6404461464480231,0.044303918683704396,0.2993006211266917,0.806026098498098,0.07428693902183867,0.36284361284361283,0.5304570469206591,0.056610091719037664,0.17166572344840594,1.8281946077685596,0.02072917239988345
task456_matres_information_extraction,0.4578005115089514,0.4455650732246478,0.03451443266037407,0.4604553230688248,0.7208892802113142,0.06206462748709529,0.5059985885673959,0.3008021390374331,0.030273822845778287,0.568922305764411,0.03275233538391433,0.014977270289157768,0.5592948717948718,0.049281076066790386,0.0016592415041547237,0.4578005115089514,0.4455650732246478,0.00844557501830831
task457_matres_word_semantics,0.3464052287581699,0.9433962264150942,0.09775556995966683,0.36993699369936994,0.033092104549350666,0.002903950779169523,0.3559286242213071,0.5316575569486047,0.03450808758074281,0.37900641025641024,0.04542669399311205,0.006775881575297182,0.36993699369936994,0.08734145626959756,0.002500953982244647,0.3464052287581699,0.9433962264150942,0.009995391936171938
task458_matres_word_semantics,0.32432432432432434,1.0416666666666667,0.18930568992561503,0.32432432432432434,1.0416666666666667,0.14655935223176833,0.4171928120446819,0.849050788954635,0.08163485466715617,0.60996099609961,0.023644388398486767,0.012122097079843575,0.6198479391756703,0.007754342431761759,0.0022067588200752053,0.32432432432432434,1.0416666666666667,0.03807726872683348
task462_qasper_question_understanding,0.22971773477720578,1.0108704999549847,0.09056734818702358,0.4551008078050527,0.268120674388072,0.006162642494550757,0.41002415458937197,0.4603602908090119,0.03402209533075232,0.43315412186379926,0.5470902011126961,0.02736210061991068,0.44120336253718717,0.1450280720616023,0.008757590892295497,0.22971773477720578,1.0108704999549847,0.1279754931101566
task472_haspart_kb_entity_relation_classification,0.4643874643874644,0.5660377358490567,0.03789599104010133,0.6296667000300271,0.1491101491101491,0.024005149225160477,0.5985547972701726,0.202020202020202,0.027797974755487787,0.5538956323270048,0.4377104377104377,0.04665623786609907,0.6471418489767113,0.03885003885003884,0.0015340364223152547,0.4643874643874644,0.5660377358490567,0.0038535384059122935
task475_yelp_polarity_sentiment_analysis,0.9598554797270173,0.04251700680272108,0.0009822759632316658,0.9198717948717949,0.06350366233449897,0.061331319328871814,0.9499949994999499,0.030538531201954485,0.043192316182997625,0.9088976617066504,0.1009194886745907,0.018783681743272496,0.9799679487179487,0.020824656393169536,0.028170746470879138,0.9598554797270173,0.04251700680272108,0.05022878639191192
task476_cls_sentiment_analysis,0.9499549594635172,0.05159958720330237,0.019120199720340347,0.9399038461538461,0.06257822277847311,0.005319255917077825,0.959983993597439,0.04084967320261441,0.03595346859248849,0.959983993597439,0.04084967320261441,0.035493738692234544,0.9499549594635172,0.05159958720330237,0.024703865028897154,0.9499549594635172,0.05159958720330237,0.03646969238366027
task477_cls_sentiment_analysis,0.849624060150376,0.13971772283792747,0.07044627258828517,0.8599439775910365,0.057109688050031825,0.0032330034733308866,0.8696741854636592,0.022673848261054633,0.018349155983588605,0.8599439775910365,0.057109688050031825,0.003747594487738287,0.8299829982998299,0.09264109578410254,0.0025756729342777673,0.849624060150376,0.13971772283792747,0.08205688019236493
task478_cls_sentiment_analysis,0.7297567811029927,0.16552511415525117,0.01405312526799829,0.6514004087029691,0.3931924882629108,0.07078714917048007,0.7395833333333333,0.17543859649122812,0.044372324677562636,0.5248653785239151,0.6439393939393939,0.1462842185085984,0.72997299729973,0.22260273972602745,0.02241262642573194,0.7297567811029927,0.16552511415525117,0.06286438490638152
task493_amazon_polarity_sentiment_analysis,0.9476932733549535,0.04242727529862276,0.06697521552796454,0.9141999141999142,0.1060445387062566,0.11490269974545839,0.9476932733549535,0.04242727529862276,0.05114908021861894,0.9476932733549535,0.04242727529862276,0.048283049118014426,0.9184006527947777,0.028757841005086493,0.02319265277549315,0.9476932733549535,0.04242727529862276,0.09094593923841307
task494_amazon_polarity_sentiment_analysis,0.46960424316605465,0.5121527777777778,0.0202825011913097,0.4583333333333333,0.642361111111111,0.034106967343088074,0.3710691823899371,0.7516339869281045,0.06708140647605598,0.4294013901857039,0.23148148148148145,0.016767970293558837,0.4405452141186044,0.09259259259259257,0.002555271884302046,0.46960424316605465,0.5121527777777778,0.0020469994475408315
task495_semeval_2020_task_7_text_categorization,0.3333333333333333,1.0,0.1204260607874017,0.3994977617643848,0.6444444444444445,0.020449408271124625,0.44920440636474906,0.3043478260869565,0.005477463703064289,0.46647138822052514,0.4285714285714285,0.011018325346309199,0.48994899489948995,0.02040816326530614,0.0003813757157821729,0.3333333333333333,1.0,0.03029115624789447
task496_semeval_2020_task_7_text_categorization,0.24664264657713725,1.5898617511520738,0.29253647504350117,0.4005787515502274,0.9863945578231293,0.22564146934831666,0.6198479391756703,0.43778801843317977,0.18935423826254244,1.0,0.0,0.04517390776161112,0.910873440285205,0.062111801242236045,0.10612253483952339,0.24664264657713725,1.5898617511520738,0.10616913526970109
task498_scruples_ethics_classification,0.09090909090909091,1.8042195912175802,0.3482623924838207,0.1760447901049475,1.2063070026719875,0.19280620185932956,0.2868123746172527,0.6245512316572249,0.049784010304071175,0.30525822447992257,0.211009752681836,0.027226763265639706,0.27683118702026266,0.168492228865717,0.003604707524738987,0.09090909090909091,1.8042195912175802,0.042839525812456244
task502_scruples_ethics_classification,0.5896306676008407,0.0496490326998802,0.0009488095458072832,0.5481404240528328,0.5116741182314953,0.04371887502587546,0.5366079703429101,0.4132231404958678,0.030646803186329286,0.6279454319966928,0.18308080808080812,0.011585687572455261,0.5896306676008407,0.0496490326998802,0.002487693418853798,0.5896306676008407,0.0496490326998802,0.002892115074349555
task503_scruples_ethics_classification,0.2248062015503876,1.7241379310344829,0.06532734976762358,0.538143016403886,0.5332138532994959,0.04986672649747398,0.5783475783475784,0.16458906696886294,0.020060520418753613,0.5664885573142454,0.31824339868612767,0.00457666465897158,0.5710848415106182,0.07778994246013776,0.004754698374385191,0.2248062015503876,1.7241379310344829,0.0066052825936133985
task508_scruples_ethics_classification,0.3670886075949367,0.8474576271186441,0.04572915648521003,0.2857142857142857,1.2195121951219512,0.043337397110823184,0.5,0.21146691258307632,0.0030107671853074613,0.5242433444680635,0.028469584344068564,0.0024042698542475205,0.5242433444680635,0.028469584344068564,9.197328927429416e-06,0.3670886075949367,0.8474576271186441,0.08580829821997649
task512_emotion_sentiment_analysis,0.42041368928090606,0.519920984557268,0.11350830303874783,0.4791264162194395,0.2961304699478003,0.0424352493084798,0.48032484311554086,0.3063876075771188,0.10534633745596644,0.4333271184428267,0.4081540316370449,0.08892481974683972,0.4433173504480805,0.332827852370559,0.011420792627079984,0.42041368928090606,0.519920984557268,0.18729946905372108
task517_emo_sentiment_analysis,0.475187969924812,0.7201909469022781,0.16247228364096494,0.5080520732883318,0.6278520644509613,0.06128948892274409,0.5907665907665908,0.48496739576660447,0.03785158510890353,0.5727619312285334,0.541579004461696,0.09104789812318774,0.6686889499389499,0.3789440801977978,0.009847994645086455,0.475187969924812,0.7201909469022781,0.20783712606345123
task520_aquamuse_answerability_classification,0.49264332825976664,0.6391948864409085,0.04643948886580901,0.6305418719211823,0.11219910240718071,0.006429807609676957,0.49264332825976664,0.6391948864409085,0.04558604896516272,0.6598639455782312,0.17370770124748092,0.013564815352952397,0.6598639455782312,0.11189001397079734,0.002368446473375335,0.49264332825976664,0.6391948864409085,0.13376657934957084
task521_qanta_text_categorization,0.5507111661678407,0.5518094663322557,0.24745703420474596,0.8465633108458743,0.17726258999535385,0.08335528550827866,0.8426083359277377,0.20166390368001988,0.10236338604830902,0.8466558402676722,0.15680257590979288,0.0645597107761635,0.8550995104186594,0.1651530245819606,0.034880662177727326,0.5507111661678407,0.5518094663322557,0.3256440026779308
task564_discofuse_discourse_relation_classification,0.020512820512820513,2.630536966624092,0.26827912563066425,0.006216006216006217,6.661733875264914,0.05414389608953585,0.05009157509157509,2.3175781592138396,0.029510246623804755,0.049348635235732005,1.4057550354386437,0.02102629925089651,0.050972850678733035,1.3205367284987655,0.000827137640691894,0.020512820512820513,2.630536966624092,0.028597948128536423
task566_circa_text_matching,0.7333333333333334,0.036630036630036646,0.019149221664292004,0.25925925925925924,1.4285714285714286,0.14930219708936265,0.6578099838969405,0.1964701964701965,0.01528633344798841,0.6162280701754386,0.46398046398046405,0.08511839869186352,0.7106242248863166,0.054945054945054986,0.007960696913678067,0.7333333333333334,0.036630036630036646,0.08274003941369656
task573_air_dialogue_intent_identification,0.9921702960606802,0.012864310810820541,0.17907745400686004,0.8579359368047507,0.050257754706536324,0.12442263248939903,0.937219701837393,0.03280714543343344,0.06224894983749445,0.6844421131234093,0.25318125855297624,0.24061158397706311,0.875866224171309,0.02762552994370785,0.1124735739704992,0.9921702960606802,0.012864310810820541,0.0031670569895909245
task575_air_dialogue_speaker_identification,0.5361881134721174,0.6023581681476419,0.10125606717149516,0.5180111618467782,0.6310222036028488,0.09448006499449355,0.5882166613873931,0.5043112625079839,0.057097792054975116,0.6715927750410509,0.3604851031321619,0.02246085062733927,0.6995192307692308,0.17973098330241188,0.02185846210114517,0.5361881134721174,0.6023581681476419,0.08938299242346429
task577_curiosity_dialogs_speaker_identification,0.54337899543379,0.625,0.10182376713051444,0.8164014687882497,0.07144616900714461,0.00375962661069551,0.719551282051282,0.15712682379349047,0.045429843530360337,0.8173701298701299,0.04680955900468092,0.00043537202805232766,0.7688674505074866,0.009182736455463716,0.0042631665761697635,0.54337899543379,0.625,0.15391059505993676
task579_social_iqa_answer_verification,0.3464052287581699,0.9259259259259259,0.1410103235868436,0.4652406417112299,0.5388331475287997,0.044121396774982696,0.4357366771159875,0.7429366125018299,0.08086831836360853,0.5073891625615763,0.3901895206243032,0.02174574806369467,0.4812328349099786,0.18649972066121132,0.0077732597999328745,0.3464052287581699,0.9259259259259259,0.014632630602102514
task580_social_iqa_question_answering,0.5805071059431525,0.37328843420624347,0.04257708198039975,0.5668916580131533,0.47236858613359495,0.08776513517812905,0.6366238919810349,0.34956644362940675,0.02095210771695044,0.6422194182041401,0.03991292753593455,0.042096412620378915,0.6005091330316078,0.05891049396859897,0.009565479503435781,0.5805071059431525,0.37328843420624347,0.13371553615002985
task585_prepositional_paraprasing_preposition_prediction,0.22756892230576442,0.48254144731738846,0.19399735756229058,0.21811043566362714,1.5784277425661226,0.17689430845915757,0.27574033401239284,1.0182097133600914,0.09682175362124193,0.268282579489476,0.614495968966595,0.11158621840151758,0.2414637445887446,1.3682629105088389,0.06720547845862052,0.22756892230576442,0.48254144731738846,0.19518247505209557
task586_amazon_fine_food_reviews_sentiment_analysis,0.9899909918927035,0.010307153164296033,0.041769863247981404,0.9799679487179487,0.020824656393169536,0.06261053066223257,1.0,0.0,0.011954369683790211,0.9899909918927035,0.010307153164296033,0.02219718118304176,1.0,0.0,0.02365994617797429,0.9899909918927035,0.010307153164296033,0.019802952432392912
task587_amazon_fine_food_reviews_sentiment_analysis,0.4900437105390966,0.7044196989140484,0.0811463357147898,0.5699569956995699,0.0024571232001572474,0.01182449425319329,0.5985547972701726,0.12004801920768304,0.0020628689007574086,0.5261619114830124,0.1498712692624219,0.028227383212199253,0.56,0.02000800320128044,0.0030934023460318927,0.4900437105390966,0.7044196989140484,0.14217532442611627
task588_amazon_fine_food_reviews_sentiment_analysis,0.48785185185185187,0.49666330182309804,0.05328849385840895,0.5813725490196079,0.38757343288256013,0.030338665215379534,0.5951142191142191,0.367075171231282,0.01536881350420212,0.6353631244131278,0.21688713041559657,0.04735811490960405,0.5732284216494743,0.29003772866255995,0.05386478786166578,0.48785185185185187,0.49666330182309804,0.20119311768642598
task590_amazon_fine_food_reviews_text_matching,0.3499349934993499,0.1298701298701299,0.02303225928929359,0.4288045695634435,0.22038567493112945,0.023843934185798027,0.44581280788177335,0.25032938076416333,0.031070433543370524,0.3939393939393939,0.15151515151515152,0.010433216242011933,0.3961352657004831,0.10101010101010097,0.0007994371322291305,0.3499349934993499,0.1298701298701299,0.0023604391502660693
task607_sbic_toxic_language_detection,0.5920075321686369,0.2659644676750878,0.016558123587179396,0.35064935064935066,0.9259259259259258,0.07792186055601874,0.586606035551881,0.2214170692431562,0.013011954998734171,0.5784825371336813,0.02359931145538343,0.006447620659881637,0.5784825371336813,0.02359931145538343,0.0030263747178657374,0.5920075321686369,0.2659644676750878,0.08701923802563316
task608_sbic_toxic_language_detection,0.6439833180754755,0.1405058209554395,0.022465967784430718,0.5552350042072365,0.59292819228588,0.06449044741437035,0.6471418489767113,0.07874502053546613,0.01787946782018418,0.7144022847817217,0.25536375395869576,0.006762937083001741,0.6794871794871795,0.11925283963444873,0.0019678345309421807,0.6439833180754755,0.1405058209554395,0.07869420160002441
task609_sbic_toxic_language_detection,0.5322245322245323,0.5569567044976881,0.04933056349158865,0.5555555555555556,0.04353569927340416,0.01051872478210325,0.5523528769516323,0.2853356701647894,0.01777946235248623,0.5805626598465473,0.035978655039505286,0.00017498234313384486,0.5584102769971899,0.11859724974479076,0.002302015586231443,0.5322245322245323,0.5569567044976881,0.033936024989014046
task616_cola_text_quality_evaluation,0.2841581076875195,1.3608615243613034,0.09478503534394567,0.34720522235822115,1.0767236033598289,0.07755411796808853,0.6196785670469881,0.20698681607953,0.018003227520330456,0.5983935742971888,0.22997396678061394,0.032123823659480966,0.5766488413547237,0.07119359748612952,0.015765613562042202,0.2841581076875195,1.3608615243613034,0.009820887485757546
task621_ohsumed_information_extraction,0.7209538305428715,0.11965811965811964,0.013428579941339253,0.7115987460815048,0.11255411255411256,0.010045991862368986,0.6637242538881883,0.23529411764705885,0.016980804081435458,0.8023715415019763,0.17054263565891473,0.01953590991328219,0.6521153630344518,0.02898550724637676,0.016537587253904584,0.7209538305428715,0.11965811965811964,0.09754017697986214
task623_ohsumed_keyword_tagging,0.39673982800667434,0.8867924528301887,0.07534643436989988,0.6615351020853806,0.42028985507246375,0.04271851945425992,0.8286117552172598,0.10843373493975907,0.0016869377835124488,0.8389694041867954,0.09523809523809526,0.0013583459299153777,0.8098288459613652,0.037037037037037,0.002542119570172474,0.39673982800667434,0.8867924528301887,0.12647997665888105
task629_dbpedia_14_text_categorization,0.23890628535227834,1.1895365635465498,0.05972013062432897,0.28403535003202773,1.160761850062112,0.08126805914965127,0.34831535178173834,0.9427792230248044,0.0605978185130825,0.40823542906571764,0.8114194711447124,0.04866366593088516,0.351553233623648,0.7859431557613015,0.0051291464733866365,0.23890628535227834,1.1895365635465498,0.21734755862457894
task630_dbpedia_14_text_matching,0.40625,0.7857733664185277,0.1424617828861887,0.8166325099773487,0.11065700380335973,0.014379420229549522,0.7023809523809523,0.3772040441583151,0.0510208664040252,0.5046620046620046,0.6604506604506605,0.09116916844444711,0.8236331569664903,0.009369128468476724,0.009255001295917609,0.40625,0.7857733664185277,0.0406768850232988
task632_dbpedia_14_text_categorization,0.516452411841019,0.6812894649385178,0.08228613604489415,0.7947454844006567,0.18007202881152462,0.005013288890109074,0.5783475783475784,0.575785869903517,0.06944389429614109,0.7960016319869441,0.15506202480992395,0.0038219184330478273,0.8397435897435898,0.06764610606147221,0.00595541539295516,0.516452411841019,0.6812894649385178,0.05653619760440659
task633_dbpedia_14_text_categorization,0.5404805273657732,0.47666250141338545,0.038942522517297046,0.48548913452139253,0.5963113358560834,0.0653409991120526,0.6202533245673377,0.31024306213988306,0.019959766881536098,0.5814134554372246,0.2502577173165246,0.019936895884846553,0.6189007502211508,0.17811643395679502,0.004015302875203866,0.5404805273657732,0.47666250141338545,0.16729939024357832
task638_multi_woz_v22_speaker_identification,0.3150684931506849,1.0869565217391304,0.03361193511451582,0.35064935064935066,0.9259259259259258,0.06059689855678163,0.3103448275862069,1.0869565217391304,0.02209652030821091,0.3749262884774148,0.9156473772569981,0.014274642972206597,0.5584102769971899,0.027317690361168642,0.00012353823021815646,0.3150684931506849,1.0869565217391304,0.003367909941414504
task673_google_wellformed_query_question_understanding,0.3922393641888733,0.9249864718614719,0.0760645943761819,0.5191815856777494,0.40890713060524375,0.018454823419618738,0.35714285714285715,1.0040231507622812,0.08402781600843734,0.46943972835314096,0.6087662337662337,0.03757588427902414,0.5896306676008407,0.17334360554699543,0.0011272306682485744,0.3922393641888733,0.9249864718614719,0.0077256209226250205
task679_hope_edi_text_categorization,0.6467236467236468,0.28358062055559663,0.013371211051361132,0.7267759562841529,0.06079933923736977,0.003995353690140757,0.6996996996996997,0.12851348802112808,0.006200627266739311,0.6791680495630048,0.20863722231521564,0.008840402610416132,0.7126436781609196,0.018864365214110494,0.007010080293515242,0.6467236467236468,0.28358062055559663,0.0849315052481654
task681_hope_edi_text_categorization,0.1728395061728395,1.3468700594029477,0.10684037702076303,0.28525135304796323,1.1180591514121578,0.05815609728033258,0.4636888932663581,0.3157400351331166,0.012569063364878286,0.41347828791837743,0.6190638772426365,0.02139632000617281,0.5092097445038622,0.2199870708627826,0.0015136135877375778,0.1728395061728395,1.3468700594029477,0.010431708802704137
task682_opp_115_text_categorization,0.6339232161600582,0.4150930282717826,0.25367146426760256,0.8865121127673095,0.1267807646724624,0.0826902979318665,0.8315333826709038,0.2202794309630236,0.10067614857397006,0.6339628716058922,0.5517554761697249,0.15192779175137233,0.8709099024225074,0.24089730394079586,0.05649740167153509,0.6339232161600582,0.4150930282717826,0.40452778909559595
task683_opp_115_information_extraction,0.41753687620623103,1.0024348113438186,0.4554299980799626,0.6978966249799584,0.44073406940469845,0.16299190466070573,0.6260262427058093,0.6362432825195788,0.1550243228238732,0.6799478170762168,0.499982341541473,0.12204578309585547,0.7279334948581594,0.4579389375860676,0.028477389157311357,0.41753687620623103,1.0024348113438186,0.5107064983788275
task738_perspectrum_textual_entailment,0.6862030569895738,0.11961166852471207,0.03790319189212199,0.584,0.3704287515762925,0.10254095928009022,0.7076318177235609,0.08689960274467318,0.026071582947084282,0.6807743795695603,0.2067075436640654,0.0729904312432782,0.7076318177235609,0.08689960274467318,0.012740832557134568,0.6862030569895738,0.11961166852471207,0.09315895605885546
task744_eurlex_text_categorization,0.8722917908964419,0.13254814625450095,0.1447065904134964,1.0,0.0,0.06133783742604201,0.9538557124764022,0.0645452762613188,0.08393128714320346,0.9830979888746256,0.02290595339120662,0.08002551460952567,0.9882319977584757,0.011337290062314388,0.05357841652672876,0.8722917908964419,0.13254814625450095,0.15612312469810502
task746_yelp_restaurant_review_sentiment_analysis,0.9898280948021565,0.008860535176324678,0.06319087846836297,0.9691071980228607,0.03596259889714697,0.12398469258468936,0.9898280948021565,0.008860535176324678,0.050834328139087864,0.9898280948021565,0.008860535176324678,0.0279528953698068,0.9797077922077921,0.01790189760114572,0.03102253656887785,0.9898280948021565,0.008860535176324678,0.05533564555927928
task767_craigslist_bargains_text_categorization,0.9088164423821063,0.11284070461982115,0.20688221374985782,0.9318287456629001,0.052259125763423314,0.15246565197851084,0.958608755710205,0.06393728628578876,0.09923717204592454,0.9493155299826431,0.05949265625714331,0.1618153640660745,0.9593585614600108,0.03727407572104712,0.12962027020379355,0.9088164423821063,0.11284070461982115,0.21785848355157872
task827_copa_cause_effect_classification,0.34548854604955587,1.0505299298402746,0.03607330589112928,0.513093828135281,0.6340083926290824,0.028774462546341112,0.6239316239316239,0.37190892826507854,0.016714363651520625,0.7013695808876532,0.08152362450565456,0.004191515906906695,0.7277951406391774,0.0376768562880986,0.00012168663725845019,0.34548854604955587,1.0505299298402746,0.003621723982885322
task828_copa_cause_effect_classification,0.3605015673981191,0.9819021948402002,0.03711686698923858,0.49286472461375164,0.6264658032073359,0.04774975535803905,0.5866518802298619,0.09287672910613802,0.012778203037958624,0.5793334052421529,0.38400537015222014,0.030449215598457813,0.5784825371336813,0.043605254779274315,0.0010371896671255154,0.3605015673981191,0.9819021948402002,0.0037257119417926643
task834_mathmatics_dataset_question_understanding,0.7704807692307692,0.1471309747069314,0.1561713003105826,0.7036111111111111,0.38088763602221304,0.03237119434768013,0.7414250301705861,0.32465804149099575,0.051853501243850866,0.7673878703375968,0.26876600158712377,0.09683639781685907,0.777272783968266,0.2747393176996186,0.015403395539572762,0.7704807692307692,0.1471309747069314,0.1981570232782751
task843_financial_phrasebank_sentiment_analysis,0.6783483387305317,0.37811591241666,0.029031615075267136,0.6314366998577524,0.4648441311601045,0.06138041718544429,0.7379419191919192,0.21143817316254038,0.04014540378906348,0.7113773642356906,0.24605981202528576,0.07635099956337854,0.7529998441639396,0.15020179407573195,0.01485680866016148,0.6783483387305317,0.37811591241666,0.06873709733009775
task844_financial_phrasebank_sentiment_analysis,0.5716034271725826,0.30246819584988716,0.01584937713109419,0.5495946351716545,0.11495930805445057,0.003135683934272687,0.5664885573142454,0.21868199201335337,0.009334178608957217,0.529239460194581,0.32298091310536103,0.020029920802614398,0.5592948717948718,0.011469862935137892,0.001816893613965448,0.5716034271725826,0.30246819584988716,0.06087974135495361
task846_pubmed_qa_answer_verification,0.592944369063772,0.551470588235294,0.09374170292200013,0.6615351020853806,0.4404660414890594,0.07947257862162471,0.7631551848419318,0.24087557100762377,0.04711908071476542,0.8572011423908609,0.1428478368091422,0.025469357994574393,0.859775641025641,0.06653824320425844,0.017193273143695953,0.592944369063772,0.551470588235294,0.2351767814563826
task848_pubmed_qa_intent_identification,0.5182657567242072,0.07550542406311636,0.0030233458119289236,0.35582487171088545,0.7485146966854284,0.0415977285804959,0.4213342067911344,0.5779459901800327,0.031129550966156244,0.48686371100164205,0.3605769230769231,0.019646649325702203,0.5198079231692677,0.0015409270216962469,0.0016391354531423707,0.5182657567242072,0.07550542406311636,0.006705088119752872
task875_emotion_sentiment_analysis,0.36156280918055606,0.9093286456731379,0.13391556830291937,0.5185842054319284,0.39051972719299766,0.044043927641848876,0.4345199190787426,0.533281496846528,0.057287726147094,0.4422524980992723,0.5517342903977966,0.0657610634275467,0.48781200922469,0.3684184737305951,0.020186369705012558,0.36156280918055606,0.9093286456731379,0.23146842130319992
task879_schema_guided_dstc8_dialogue_act_recognition,0.3443419135502671,0.9545707915273132,0.09695081658395577,0.60996099609961,0.056483816729718445,0.006332586038548499,0.562608076492727,0.26849977507872247,0.029916762636630595,0.6068152031454783,0.1878415300546448,0.02636794721357999,0.60996099609961,0.023644388398486767,0.0008535222878314486,0.3443419135502671,0.9545707915273132,0.0687224208958373
task880_schema_guided_dstc8_dialogue_act_recognition,0.05811965811965812,2.3529411764705883,0.28764705799629997,0.4685902732478075,0.5071507403242357,0.06927849767280032,0.44956037151702793,0.45368829260599697,0.036361857756241664,0.29649994839450156,0.586041343821489,0.13332000162011604,0.49145614012491706,0.3271769020935552,0.00519538820019097,0.05811965811965812,2.3529411764705883,0.10431679639752248
task881_schema_guided_dstc8_text_categorization,0.7609625668449198,0.4411764705882353,0.22059816589447345,0.912888888888889,0.1881720430107527,0.11461795163114714,0.8985507246376813,0.21739130434782608,0.10347266281386255,1.0,0.0,0.10656343382938685,1.0,0.0,0.07601083083001745,0.7609625668449198,0.4411764705882353,0.1935581822952266
task888_rotten_tomatoe_sentiment_analysis,0.8897243107769424,0.023973656118257955,0.012964178963786765,0.8076728413807066,0.21719250114311842,0.07085348488011645,0.8996386993175431,0.01341921631776704,0.02153255733431081,0.8897243107769424,0.023973656118257955,0.015823461206012662,0.8897243107769424,0.023973656118257955,0.03641298533540527,0.8897243107769424,0.023973656118257955,0.012731184323769518
task889_go_emotions_sentiment_analysis,0.4472651306322706,0.5870015217152222,0.1053717973192945,0.48547544409613375,0.5435443872117766,0.07849109710957264,0.5020802915333069,0.4571693525568009,0.057521125619610605,0.5092730092730092,0.4941171899090999,0.05576842322942531,0.5485371971090763,0.45542239246803307,0.01219405954981867,0.4472651306322706,0.5870015217152222,0.20583936529798083
task902_deceptive_opinion_spam_dataset_sentiment_analysis,0.9899507587177168,0.009352787130564894,0.002700477666540746,1.0,0.0,0.05336295315429984,0.9899507587177168,0.009352787130564894,0.0066886259059138475,0.9899507587177168,0.009352787130564894,0.016439118041328415,0.9899507587177168,0.009352787130564894,0.023394985997121198,0.9899507587177168,0.009352787130564894,0.012797168143561105
task903_deceptive_opinion_spam_dataset_sentiment_analysis,0.5481404240528328,0.5674653215636822,0.059737802039021265,0.4812328349099786,0.3057953950811094,0.011843989095499774,0.4900040799673603,0.3205128205128205,0.016499083394246467,0.52,0.4152097902097902,0.04200540813576881,0.4591346153846154,0.127159977703456,0.0009393086804471429,0.5481404240528328,0.5674653215636822,0.007287559577185604
task904_hate_speech_offensive_toxic_language_detection,0.17124368686868685,1.5473805524414717,0.32269007816681633,0.35993937048503605,0.8393831356486826,0.1508857862385774,0.6270532842376034,0.2572256322410718,0.008036557630920843,0.5836695711151559,0.33738765922476277,0.028280087529209158,0.6159910828371803,0.27970029660305984,0.02115562201715046,0.17124368686868685,1.5473805524414717,0.10393715568027467
task905_hate_speech_offensive_toxic_language_detection,0.4666666666666667,0.6910235358511221,0.07026660988226957,0.5924495924495925,0.2661687589385031,0.02815091503256431,0.5215311004784688,0.5592344343050957,0.04598882634559118,0.5941558441558441,0.041050903119868684,0.014645187627618905,0.5772946859903382,0.02264877413509991,2.250332594050386e-05,0.4666666666666667,0.6910235358511221,0.08124759140686211
task909_dialogre_speaker_identification,0.27402402402402404,0.7478327969175265,0.0839597048038304,0.2667516332464786,1.1105812020708865,0.058342584363117345,0.35049503128450493,0.5876967269502437,0.04812393932163343,0.4321292890309352,0.4023152486841672,0.0215498104445693,0.3490901663695782,0.7839336439699286,0.023731121033534947,0.27402402402402404,0.7478327969175265,0.18792957453440862
task923_event2mind_sentiment_analysis,0.29871479354662295,0.8765333473482559,0.12359109620500179,0.3481028137687352,0.5939320506408632,0.07844959519735406,0.4223554223554224,0.31762657749596734,0.029637008088415517,0.3507547604643793,0.30363326339356994,0.05708185780455269,0.43707343707343704,0.24925581255843646,0.009941553177244739,0.29871479354662295,0.8765333473482559,0.15663206148937314
task925_coached_conv_pref_speaker_identification,0.40828402366863903,0.7246376811594204,0.2676432423059081,0.5592948717948718,0.5276163761437254,0.07392554482638408,0.47377971330067137,0.6587914584279873,0.1100929680339173,0.7057587221521648,0.08700846709261852,0.020808163011978048,0.6875,0.11019835704267679,0.01355510566465501,0.40828402366863903,0.7246376811594204,0.2505746582829506
task929_generated_reviews_enth_sentiment_analysis,0.7536945812807883,0.2509278002699056,0.07723615834535857,0.8465473145780051,0.13668929110105585,0.05244318422647776,0.8585858585858586,0.07640131186642819,0.02767053695531152,0.8249407887962105,0.1650834105653383,0.06199535795820571,0.8698828946051447,0.005526083112289989,0.013782150928405179,0.7536945812807883,0.2509278002699056,0.1424928734022768
task935_defeasible_nli_atomic_textual_entailment,0.4724573671942093,0.7155308142150248,0.09522610667691028,0.525101763907734,0.627210433244916,0.08596283055846607,0.6193910256410255,0.024555417700578994,0.009550636482574815,0.6439833180754755,0.16025641025641027,0.010715558235012773,0.628178072555522,0.07122507122507124,0.0020396023793883833,0.4724573671942093,0.7155308142150248,0.1264779414244383
task936_defeasible_nli_atomic_textual_entailment,0.4224104736234116,0.7621671258034893,0.0671705836982241,0.48686371100164205,0.4242424242424242,0.004131969881270958,0.5777983729790959,0.19003595274781718,0.027270948662813987,0.5174632352941176,0.5259491466388018,0.04165576257517828,0.5198079231692677,0.06216006216006219,0.003892412461618755,0.4224104736234116,0.7621671258034893,0.1689677172602173
task937_defeasible_nli_atomic_textual_entailment,0.33542319749216304,1.0441292356185974,0.19515513804998036,0.5967741935483871,0.47010544906758095,0.06861548990871608,0.5882166613873931,0.45999313640083417,0.057656973265064526,0.5920075321686369,0.4269950634882923,0.04555232580831431,0.6290726817042607,0.16039158551235835,0.023437378773653372,0.33542319749216304,1.0441292356185974,0.021198547718644267
