,macro_f1,rsd,bias_score,cc_macro_f1,cc_rsd,cc_bias_score,dc_macro_f1,dc_rsd,dc_bias_score,looc_macro_f1,looc_rsd,looc_bias_score,affine_macro_f1,affine_rsd,affine_bias_score,temp_macro_f1,temp_rsd,temp_bias_score
task050_multirc_answerability_classification,0.5792763553311696,0.5728314238952537,0.44333186976500133,0.6553308823529411,0.4559270516717326,0.34172146541392223,0.8492613807657522,0.022433702505490385,0.06864511316709818,0.5792763553311696,0.5728314238952537,0.4396299525731442,0.6553308823529411,0.4559270516717326,0.28069686925314064,0.5792763553311696,0.5728314238952537,0.1383654740486497
task056_multirc_answer_verification,0.6266666666666667,0.06868131868131869,0.006992391047762392,0.6514004087029691,0.1704672479320367,0.14529291274134576,0.6165055990182544,0.42989417989417994,0.3767306839949685,0.6266666666666667,0.06868131868131869,0.01024865715258727,0.6266666666666667,0.06868131868131869,0.008012536273115739,0.6266666666666667,0.06868131868131869,0.008884596141654905
task065_timetravel_coherence_classification,0.9396135265700483,0.045178668848881574,0.11867877732378349,0.90999099909991,0.02905748098055792,0.16515152168524236,0.8999599839935974,0.017806267806267803,0.14642309463776762,0.92,0.0400641025641026,0.1764726218424224,0.9396135265700483,0.045178668848881574,0.07686651693638882,0.9396135265700483,0.045178668848881574,0.1205525294023527
task066_timetravel_coherence_classification,0.9099189270343309,0.08830455259026686,0.12248229518649931,0.9697550156265753,0.027614138438880723,0.050134132991611846,0.9797979797979798,0.018221574344023318,0.03194805589833327,0.9298245614035088,0.06720430107526881,0.11958273659123386,0.9298245614035088,0.06720430107526881,0.09860557009938112,0.9099189270343309,0.08830455259026686,0.118528700032452
task069_abductive_nli_coherence_classification,0.9097744360902256,0.005073208605926372,0.046728393617114006,0.9197109594540345,0.005236241774736894,0.033428253275656516,0.8993558776167472,0.028993264641598633,0.023909466811582125,0.9097744360902256,0.005073208605926372,0.04634968337414169,0.9197109594540345,0.005236241774736894,0.028277662382604235,0.9097744360902256,0.005073208605926372,0.032855077672378524
task070_abductive_nli_coherence_classification,0.69662098545873,0.2171645006917512,0.1283655850490155,0.6847414880201765,0.23579480101219236,0.14187660496069326,0.609375,0.4684526423656858,0.25381110542209673,0.721964782205746,0.15386142545165774,0.10281204577215355,0.7050147492625369,0.10376267265428318,0.04413342339494819,0.69662098545873,0.2171645006917512,0.12637637823908415
task073_commonsenseqa_question_answering,0.8160783055198972,0.08056538740947512,0.048908809022535416,0.8171219977720284,0.06720458122532125,0.058962453787240104,0.8379681544155227,0.10239996957384755,0.13148545042943627,0.8167656246502897,0.11874533691983932,0.09711892353744746,0.823845831587767,0.08508610276988435,0.04352319278347529,0.8160783055198972,0.08056538740947512,0.04715820672375007
task083_babi_question_answering,1.0,0.0,0.005498165921370368,1.0,0.0,0.004001651945489765,1.0,0.0,0.00853559089652249,0.89782358836923,0.17495396679984251,0.12956555155573435,1.0,0.0,0.007145982940396534,1.0,0.0,6.322720125240266e-14
task092_synthetic_mathematics,0.8996386993175431,0.09578544061302682,0.03939372203953001,0.8698828946051447,0.1288149028933809,0.04251828523958595,0.8996386993175431,0.09578544061302682,0.02753279638511394,0.8996386993175431,0.09578544061302682,0.03553448535657952,0.8996386993175431,0.09578544061302682,0.046722197746409094,0.8996386993175431,0.09578544061302682,0.0314418059975442
task104_semeval_2019_task_10_question_answering,0.6489906232763375,0.1889941789012656,0.17316514577714304,0.6163535203232428,0.29807567281100694,0.212221718281987,0.5864835423658953,0.2912710560253097,0.192587493927419,0.6065363631548282,0.31400741284953404,0.18687883271652866,0.6380533702338214,0.20241085459122465,0.1429015745811844,0.6489906232763375,0.1889941789012656,0.14902857807712744
task106_scruples_ethics_classification,0.7092731829573935,0.030471289274106146,0.00945753998024923,0.6940024479804161,0.16025641025641024,0.06561792360121138,0.6753246753246753,0.1366892911010558,0.05755142353030479,0.6940024479804161,0.16025641025641024,0.06910648848154782,0.6995192307692308,0.01717032967032969,0.011509164966231444,0.7092731829573935,0.030471289274106146,0.01151402283820091
task108_cad_toxic_language_detection,0.6254681647940075,0.3291131267321744,0.2727235193651603,0.47916666666666663,0.6489748677248678,0.34828710365425664,0.6068152031454783,0.362672391360916,0.290272261432984,0.52,0.5456349206349206,0.33226554536425223,0.6439833180754755,0.29761904761904767,0.2524204958592646,0.6254681647940075,0.3291131267321744,0.11073984483400251
task109_sms_spam_collection_v.1_spam_classification,0.9503968253968254,0.028153153153153157,0.01617612180213454,0.9271491015055853,0.043128234617596295,0.0052849432748223735,0.9614940315748941,0.005894078059026527,0.04004019603079573,0.9503968253968254,0.028153153153153157,0.016093768424983446,0.9386578333946755,0.035561877667140813,0.004681193931383498,0.9503968253968254,0.028153153153153157,0.022779361267740383
task1135_x_csr_question_answering,0.8424230506335769,0.10424334523823574,0.09155412846052266,0.8033287536262363,0.1430293908997371,0.09300867527433115,0.8211249816127865,0.16529157045041817,0.101926992916165,0.7945596701916215,0.12784708113433227,0.13752653228546702,0.8230732230732232,0.10791043753506106,0.07243814628065375,0.8424230506335769,0.10424334523823574,0.08426997691353993
task115_help!_need_advice_on_identifying_advice_text_categorization,0.8098288459613652,0.11779089878928845,0.18447708302210786,0.7469379491851402,0.22812667740203976,0.28163002628354034,0.6637242538881883,0.40612863502889074,0.36700953949075826,0.7996794871794872,0.1308373590982286,0.21521590305509844,0.8199279711884754,0.10506264482934684,0.16498527594167584,0.8098288459613652,0.11779089878928845,0.13260077000802886
task1162_coda_19_text_matching,0.45599999999999996,0.5510858189429618,0.3001786410662933,0.3443419135502671,0.9545707915273132,0.45037924645063354,0.34043632673769664,0.9999332264957266,0.48901508065569577,0.49558638083228246,0.463819033530572,0.24116880609641697,0.5160127690248172,0.3613328495403967,0.16165502134788926,0.45599999999999996,0.5510858189429618,0.05314573830432737
task1163_coda_19_section_classification,0.6734477199095299,0.18600333621943843,0.11831602283822099,0.6719874804381846,0.10049623046568992,0.0660603601921419,0.6673489112513503,0.1316189115653071,0.04859835332032074,0.6268895078004291,0.2289776509293967,0.16457693316873528,0.6547093982299939,0.16052383574432535,0.08657533069326508,0.6734477199095299,0.18600333621943843,0.09922759200617425
task1164_coda_19_section_classification,0.7767857142857143,0.13688568376068372,0.18778113110823488,0.7829861111111112,0.07595486111111112,0.008580414944990622,0.517781796262809,0.6216809640522876,0.37624600003994546,0.8430798200648604,0.03574346405228755,0.10135851228537579,0.7767857142857143,0.13688568376068372,0.13853334906332138,0.7767857142857143,0.13688568376068372,0.1020577626126612
task116_com2sense_commonsense_classification,0.7992773986350863,0.09503801520608243,0.07665966152640227,0.7777777777777778,0.14826443397871972,0.03731855789559993,0.609375,0.525664811379097,0.3962536328731082,0.8298468621759583,0.05616704513130553,0.10273679226040594,0.8095238095238095,0.08176109950152897,0.059633224456643125,0.7992773986350863,0.09503801520608243,0.07341489930184827
task1186_human_ratings_of_natural_language_generation_outputs_text_quality_evaluation,0.6353496353496353,0.2590161096893043,0.07637931846932758,0.5360501567398119,0.5857667424374889,0.1899715699442339,0.3630573248407643,0.8771929824561404,0.4901197777595365,0.5636277862955537,0.488624662431272,0.1531599808996045,0.5983935742971888,0.14146116339266007,0.01446549769930816,0.6353496353496353,0.2590161096893043,0.044457434707042554
task1187_liar_text_categorization,0.859775641025641,0.03370407819346136,0.000109978470437061,0.8894583458948849,0.0013569994029202688,0.018807613241098836,0.7103386809269162,0.3547025286155721,0.18270741282321512,0.859775641025641,0.03370407819346136,0.0026534233875591673,0.859775641025641,0.03370407819346136,0.0044535030704125345,0.859775641025641,0.03370407819346136,0.017137764093423102
task1196_atomic_commonsense_classification,0.45790463546852533,0.6922736888636292,0.22312509973713748,0.5192307692307692,0.15793385358602754,0.01772562732453986,0.4590695997115038,0.6697408871321914,0.31582708357917033,0.45790463546852533,0.6922736888636292,0.22331686544962345,0.4851994851994852,0.5837359098228664,0.1793023561781557,0.45790463546852533,0.6922736888636292,0.06314362094714188
task1197_atomic_commonsense_classification,0.4650070968446337,0.7477703725168228,0.4212334594406601,0.5295766189570613,0.10611271183815098,0.007075226476263213,0.5151515151515151,0.3615637236326891,0.1415775808738899,0.4650070968446337,0.7477703725168228,0.4289914266403904,0.537620849096259,0.5673821252638986,0.26140404888762003,0.4650070968446337,0.7477703725168228,0.1332627786926186
task1198_atomic_commonsense_classification,0.5507637017070979,0.5286642739353962,0.26813996024259273,0.48155828766108727,0.6903353057199211,0.45903696139950523,0.48155828766108727,0.6903353057199211,0.46245367516092184,0.5689055764149632,0.5759940542549239,0.3452448429716565,0.64349376114082,0.26333358059491135,0.14520860373228794,0.5507637017070979,0.5286642739353962,0.18169738506709823
task1199_atomic_commonsense_classification,0.5245969408846631,0.0366300366300367,0.014384755918094294,0.5714285714285714,0.35714285714285715,0.26987424530596626,0.539894512400404,0.2849692680201155,0.21827558976932063,0.5366079703429101,0.009990009990010054,0.008219946163627645,0.5245969408846631,0.0366300366300367,0.010022926181811387,0.5245969408846631,0.0366300366300367,0.02956566296258145
task1200_atomic_commonsense_classification,0.5625,0.4945201817695804,0.3440787741353659,0.54995499549955,0.12425355142613406,0.14717000077776493,0.48263118994826315,0.3171974624203006,0.08417314217637514,0.5625,0.4945201817695804,0.34713503138724505,0.5601023017902813,0.4112177628894759,0.2959136884555795,0.5625,0.4945201817695804,0.12233253071086803
task1201_atomic_commonsense_classification,0.567882624861823,0.5233005625778604,0.250632482710097,0.6198479391756703,0.4209159481186443,0.20396169896069,0.5704340097763294,0.5233117383632413,0.3600980939786381,0.8186666666666667,0.043866102129004485,0.044761648988023595,0.6794871794871795,0.31792907122143294,0.15689030372242996,0.567882624861823,0.5233005625778604,0.06984397058016134
task1202_atomic_commonsense_classification,0.6527777777777778,0.20151818608906363,0.07579314985661273,0.5941146626078133,0.47968746136537843,0.1878637699282671,0.553993782943641,0.568720081810368,0.2681304549148173,0.6296711929076422,0.2863990263060486,0.027028730948375795,0.6756982948007113,0.0886379004696895,0.06701192108085455,0.6527777777777778,0.20151818608906363,0.024422761226061906
task1203_atomic_commonsense_classification,0.5696126513862476,0.4151421334083873,0.21052475373374424,0.6482765551200884,0.2365281777046483,0.12345399953455677,0.6266666666666667,0.07198683669271899,0.08521563152612027,0.6198479391756703,0.320568109941924,0.157958887001192,0.6198479391756703,0.320568109941924,0.1783102102778196,0.5696126513862476,0.4151421334083873,0.14811975447350914
task1204_atomic_commonsense_classification,0.864314789687924,0.17482517482517484,0.1788929167994158,0.9004314636574842,0.12679628064243445,0.0756809378704183,0.8181818181818181,0.10303570879340579,0.13528634068961629,0.8518518518518519,0.19157088122605367,0.21005115603898525,0.864314789687924,0.17482517482517484,0.15529319883279946,0.864314789687924,0.17482517482517484,0.14958104506006886
task1205_atomic_commonsense_classification,0.7973333333333333,0.2495403204623063,0.24019912464455076,0.8,0.06021678040947408,0.02875532166674638,0.3605015673981191,0.9819021948402002,0.40865212501354387,0.801234438748823,0.19997918432282139,0.19680671175297204,0.7933030177759405,0.16559614612605383,0.17866425626988924,0.7973333333333333,0.2495403204623063,0.18286975502954023
task1206_atomic_commonsense_classification,0.6736026111791106,0.06719946240430077,0.0746258744859215,0.5738636363636364,0.3538316521054039,0.141341653938869,0.3006993006993007,1.1627906976744187,0.4813405199981533,0.6692848284415047,0.1271989824081407,0.09590708995584399,0.6471418489767113,0.001569218215485066,0.05158691261102538,0.6736026111791106,0.06719946240430077,0.040512718963891636
task1207_atomic_commonsense_classification,0.92,0.08051529790660225,0.06072923637727959,0.8966515088879703,0.12077294685990336,0.16342280830673236,0.8858802780371408,0.13434294088910598,0.18936807814549073,0.92,0.08051529790660225,0.0635313113764151,0.9299929992999301,0.06969334926324175,0.06256737189424383,0.92,0.08051529790660225,0.047731005331408144
task1208_atomic_commonsense_classification,0.6871966346672419,0.16843389043804655,0.06532783694593994,0.6598639455782312,0.19934528131249443,0.13822823958068695,0.3994977617643848,0.9084115641492689,0.322715160282367,0.6782496782496783,0.15913048699933946,0.028852990017802282,0.6782496782496783,0.15913048699933946,0.047901246146805354,0.6871966346672419,0.16843389043804655,0.0821120459651079
task1209_atomic_commonsense_classification,0.767182913250329,0.2035900670986982,0.061158866707090365,0.78997899789979,0.07292074252117754,0.01325102981387663,0.45436507936507936,0.7283362963812582,0.38719463801111387,0.767182913250329,0.2035900670986982,0.0756139769675086,0.767182913250329,0.2035900670986982,0.055950948963915614,0.767182913250329,0.2035900670986982,0.07296097159220047
task1210_atomic_commonsense_classification,0.90292309351742,0.1206110962208523,0.08354888977552086,0.9369482976040353,0.05585216328182037,0.027427768111037282,0.45054945054945056,0.8061182306738321,0.33783268632061236,0.90292309351742,0.1206110962208523,0.08314771553032435,0.90292309351742,0.1206110962208523,0.08100796787228687,0.90292309351742,0.1206110962208523,0.11818998710256357
task1211_atomic_commonsense_classification,0.568536342515765,0.5919854280510018,0.43427579029049035,0.6604414261460102,0.4357298474945534,0.3851009931765886,0.48717948717948717,0.5599472990777339,0.24796106398292178,0.4944852941176471,0.7275132275132276,0.4683652280700397,0.648,0.45605306799336653,0.3903603633595445,0.568536342515765,0.5919854280510018,0.1721163628819798
task1212_atomic_commonsense_classification,0.8098288459613652,0.023045928304860415,0.043023649419138416,0.7785829307568438,0.16315144777609653,0.18653036152906358,0.554367201426025,0.5954770507159106,0.38108553192377226,0.8299829982998299,0.04812505743568412,0.046510856947555856,0.8098288459613652,0.023045928304860415,0.025473638494113215,0.8098288459613652,0.023045928304860415,0.04751096425843904
task1213_atomic_commonsense_classification,0.8046875,0.20549103899851728,0.13719468110742333,0.7335187116209014,0.347327091513138,0.2630093438375698,0.4791666666666667,0.7126781695423856,0.4306606284467924,0.8021978021978022,0.23036888875620704,0.1880695614457404,0.7993876042656531,0.1468284550019896,0.09066979676681433,0.8046875,0.20549103899851728,0.10703156682963533
task1214_atomic_commonsense_classification,0.6236395076797885,0.4480340545914316,0.2840162314959248,0.7092731829573935,0.30519392098704035,0.06996576359135892,0.7012943909724527,0.21506676570678365,0.2708449910365404,0.6347402597402598,0.42822614543926024,0.22287495399691676,0.6457131288591963,0.4090277104148478,0.2169041715751432,0.6236395076797885,0.4480340545914316,0.09703442321537034
task1215_atomic_commonsense_classification,0.6921182266009853,0.22857142857142856,0.18863571386072475,0.5703301673450927,0.5483870967741935,0.38173532119036335,0.39117199391172,0.8846153846153845,0.4674475376697944,0.648,0.3731343283582089,0.26897686243327085,0.7092731829573935,0.0704225352112676,0.07920358441887737,0.6921182266009853,0.22857142857142856,0.16601622240446726
task1216_atomic_commonsense_classification,0.8084484323016433,0.09114757013916673,0.02139333631636864,0.8199279711884754,0.0043920007027200775,0.12169413138201293,0.39117199391172,0.9049773755656109,0.4569845631413014,0.8095238095238095,0.041745093098968,0.08865658981009875,0.7992773986350863,0.05502200880352144,0.03161796852778048,0.8084484323016433,0.09114757013916673,0.012345830065678187
task1283_human_ratings_of_natural_language_generation_outputs_text_quality_evaluation,0.6427070197562001,0.3134587168200614,0.20720012869876434,0.483110950835437,0.6995780768447731,0.3379157325248583,0.33774834437086093,0.9803921568627451,0.4746336163843137,0.6363636363636364,0.13630452180872352,0.08908773737204906,0.6363636363636364,0.13630452180872352,0.05317875808857836,0.6427070197562001,0.3134587168200614,0.13083468561512857
task1284_human_ratings_of_natural_language_generation_outputs_text_quality_evaluation,0.7106242248863166,0.190686471296668,0.11508146412796427,0.7211497211497211,0.29240400577213105,0.23334103049380348,0.4737517648568862,0.7392715470609449,0.39542937569704156,0.6921182266009853,0.1691804782932844,0.0797570865285209,0.7362012987012987,0.10253127475126679,0.04066095369177966,0.7106242248863166,0.190686471296668,0.0975798115093034
task1289_trec_question_understanding,0.5878150929147906,0.31151986362494416,0.38073767962450733,0.7567131404340706,0.14489429988071725,0.11221077256286734,0.751994301994302,0.15112846200183191,0.11817363665353256,0.5154087140929247,0.5326014421939671,0.32332368863329836,0.6238906926406926,0.29749414959802706,0.14197544115601984,0.5878150929147906,0.31151986362494416,0.28288639129947724
task1308_multilingual_amazon_reviews_text_categorization,0.4165398274987316,0.8321847257421486,0.44964056515680073,0.4295634920634921,0.7951328679619996,0.4329029772689418,0.568536342515765,0.5284080845452935,0.2151666633757741,0.4295634920634921,0.7951328679619996,0.4404991339011127,0.6129302228266555,0.3134587168200613,0.23114180366230544,0.4165398274987316,0.8321847257421486,0.12736842244880078
task1309_multilingual_amazon_reviews_summarization,0.8594941790445605,0.15073212747631354,0.22100276522459883,0.9299929992999301,0.06969334926324175,0.15575037910538791,0.949753793588584,0.0063564708873633646,0.032757091215391665,0.8594941790445605,0.15073212747631354,0.22169625934599899,0.8899009108197378,0.11444028297960883,0.19122602067322084,0.8594941790445605,0.15073212747631354,0.19963735078316613
task1310_multilingual_amazon_reviews_sentiment_analysis,0.5562229437229437,0.2510319372669965,0.1126237028096454,0.5731232303987721,0.2780661028342026,0.1521148727305775,0.4275540729112158,0.5001362382505719,0.27597751916518637,0.4841163131919434,0.5420851510612353,0.27478448961781804,0.5972250960870457,0.1854510088073078,0.058066081198898695,0.5562229437229437,0.2510319372669965,0.10919625392541937
task1311_multilingual_amazon_reviews_sentiment_analysis,0.8062678062678064,0.04859621132933557,0.13359517304162433,0.8588368153585545,0.17757483510908167,0.1132794218143601,0.8650472334682862,0.02935827931979999,0.05872084261369351,0.7488808821923791,0.1057542153432564,0.16640742209705747,0.7867803837953091,0.06670800683991954,0.12675337810498075,0.8062678062678064,0.04859621132933557,0.1333313416409733
task1312_multilingual_amazon_reviews_sentiment_analysis,0.9799679487179487,0.020824656393169536,3.6007973268470383e-05,1.0,0.0,0.0010443293527482855,1.0,0.0,0.00964085130270284,0.9799679487179487,0.020824656393169536,3.581257037013619e-05,0.9799679487179487,0.020824656393169536,8.394169305422916e-05,0.9799679487179487,0.020824656393169536,0.0
task1313_multilingual_amazon_reviews_sentiment_analysis,1.0,0.0,0.004998640931970083,0.9897023993409535,0.008560178051703452,0.0009080385953592618,1.0,0.0,0.0020311695407749797,1.0,0.0,0.004979376284133363,1.0,0.0,0.006263175341791549,1.0,0.0,3.237687895563113e-13
task1328_question_&_answer_zre_question_understanding,0.7662571225071225,0.4108427890026844,0.3052800071137023,0.8775673400673402,0.251077940694601,0.2547672363948787,0.8612059237059237,0.2601708128501514,0.22841033394041338,0.7967638570579747,0.3425649520694719,0.27206015291119423,0.8431878306878308,0.2915440130725718,0.1638138382293716,0.7662571225071225,0.4108427890026844,0.2972474444333662
task1336_equity_evaluation_corpus_gender_classification,0.9799277398635087,0.021258503401360526,0.0002227492638222639,0.9799277398635087,0.021258503401360526,0.0015390644359525585,0.9799277398635087,0.021258503401360526,0.00047543516979370315,0.9799277398635087,0.021258503401360526,0.0002244327707009719,0.9799277398635087,0.021258503401360526,0.0009791666104963237,0.9799277398635087,0.021258503401360526,0.0
task1338_equity_evaluation_corpus_sentiment_analysis,0.9198717948717949,0.10244785362689944,0.02193220087639526,0.9208333333333333,0.10244785362689944,0.0879029018208347,0.9198717948717949,0.10244785362689944,0.01937274823098284,0.8776812116840967,0.11733773719273355,0.09273882894737132,0.9198717948717949,0.10244785362689944,0.017787483608204424,0.9198717948717949,0.10244785362689944,0.020575965865236634
task133_winowhy_coreference_resolution,0.8199279711884754,0.055967950983857644,0.010760850051499488,0.7708333333333333,0.17754655435814856,0.1990910582240326,0.35064935064935066,0.9259259259259258,0.49030904230277134,0.8099809980998101,0.09294049820083099,0.025598992854086067,0.8295739348370927,0.01988630851910058,0.020304023954558714,0.8199279711884754,0.055967950983857644,0.001953176129852824
task1344_rte_textual_entailment,0.9399038461538461,0.0025572831423895164,0.0022434676864266367,0.8999599839935974,0.062321937321937346,0.15480858422310642,0.44147644487615345,0.819088319088319,0.41484008123141536,0.7613860358958398,0.2872127872127872,0.2496801198555374,0.9399038461538461,0.0025572831423895164,0.008878359141360953,0.9399038461538461,0.0025572831423895164,0.004682217283544593
task1346_cola_grammar_error_detection,0.7596153846153846,0.09278002699055334,0.18593868120772797,0.6807743795695603,0.2868357487922706,0.2949878488071773,0.38557993730407525,0.9238310708898944,0.44484088839778535,0.7171717171717171,0.17917556980056978,0.2566507792169386,0.78,0.04006410256410256,0.11802895151501622,0.7596153846153846,0.09278002699055334,0.14779915485023043
task1347_sts_b_text_matching,0.4135213940648723,0.7221448593966977,0.20956231491626773,0.48688348688348687,0.5011294997847142,0.10139783756589595,0.4141275874191834,0.4875799194309867,0.2884778420035584,0.5125183890858218,0.48102667458250126,0.20424696647022966,0.5112963704978224,0.5005861623315536,0.07499030277896532,0.4135213940648723,0.7221448593966977,0.12894710504193102
task1354_sentence_compression_text_matching,1.0,0.0,0.037154953493263976,1.0,0.0,0.003293038057286951,1.0,0.0,0.0008759391231753788,1.0,0.0,0.035193726368392436,1.0,0.0,0.037963276705479804,1.0,0.0,0.05074445464204075
task1361_movie_rationales_sentiment_analysis,0.9899909918927035,0.009712509712509735,0.020675587132549383,0.96999699969997,0.02973830293417923,0.03984986443144381,0.75,0.3036437246963563,0.23250078298394844,0.9899909918927035,0.009712509712509735,0.02059099757005614,0.9899909918927035,0.009712509712509735,0.017508089301903618,0.9899909918927035,0.009712509712509735,0.01993896588057803
task1384_deal_or_no_dialog_dialogue_state_tracking,0.6236395076797885,0.28974552784076596,0.1801488191967151,0.8369905956112853,0.0957854406130268,0.034049760828822107,0.8224251648909182,0.11766334440753043,0.06908091247102977,0.568922305764411,0.43685602896129216,0.2434145134867527,0.6875,0.19132653061224494,0.1387755341258956,0.6236395076797885,0.28974552784076596,0.1642364626164886
task1391_winogrande_coreference_resolution,0.8886526976414617,0.003648037355902557,0.027089035178448267,0.8886526976414617,0.003648037355902557,0.01942007555593911,0.8886526976414617,0.003648037355902557,0.04342376737158862,0.8886526976414617,0.003648037355902557,0.02691820641760917,0.8886526976414617,0.003648037355902557,0.032331571731854636,0.8886526976414617,0.003648037355902557,0.0076966772867226585
task1393_copa_cause_effect_classification,0.9499549594635172,0.011583580800741343,0.013269864076632915,0.9499549594635172,0.05159958720330237,0.058812783924394874,0.959983993597439,0.000833666800053393,0.0012682320887611453,0.9499549594635172,0.011583580800741343,0.013289968198252039,0.9499549594635172,0.011583580800741343,0.008941105855166415,0.9499549594635172,0.011583580800741343,0.0016265033130698214
task1408_dart_text_matching,0.9197109594540345,0.005236241774736894,0.07950875673005275,0.9184006527947777,0.09250693802035154,0.05631030480984611,0.8205046985534791,0.21789284798769545,0.16145817934696294,0.7234207323819006,0.3546099290780142,0.25237169744939125,0.9191919191919191,0.048871589897544185,0.03567698948314221,0.9197109594540345,0.005236241774736894,0.02620216779090473
task1418_bless_word_relation_classification,0.5515739662256046,0.6126690893507386,0.36052026734511927,0.8040438580564465,0.08103573810471604,0.2567103220234864,0.8700577706538436,0.11925001706509211,0.2186046467474381,0.504230446992661,0.6676431041082727,0.32728381841004134,0.7864168798331651,0.19378861292739888,0.1855656553197438,0.5515739662256046,0.6126690893507386,0.3050723928083321
task1429_evalution_word_relation_classification,0.5092441976046481,0.5543623582298702,0.3222064855101155,0.5780906336461892,0.3701140829235309,0.2211894974409147,0.6015105151397537,0.41290836078204696,0.11412554405115982,0.49685636592657456,0.5466671719652862,0.35066437162881947,0.5829459935328054,0.4015245838516988,0.11025549280273088,0.5092441976046481,0.5543623582298702,0.26470210060796695
task1431_head_qa_question_answering,0.867224696193621,0.07347745956402062,0.06078152990544676,0.725995085995086,0.18955124624904082,0.17572103893803348,0.8338993994807948,0.10152479157880012,0.07329775492108662,0.5870426778521256,0.42491903001736503,0.3032437266633302,0.836803069945927,0.08113082589630201,0.024153605449991608,0.867224696193621,0.07347745956402062,0.06551281884509849
task1434_head_qa_text_categorization,0.6433411016736444,0.3442361491168101,0.20008065595503147,0.6154826469594931,0.37585175216845707,0.14009636266663117,0.6519521883713613,0.32173878358326036,0.12688486934225637,0.5995618653377274,0.4354004651551989,0.23664478590787172,0.6525835015026744,0.32173878358326036,0.16019649106416115,0.6433411016736444,0.3442361491168101,0.15836532480290957
task1439_doqa_answerability_classification,0.7591328783621036,0.03900978407557355,0.11146707234610301,0.5755517826825127,0.44070512820512825,0.3162392619917421,0.32432432432432434,1.0416666666666667,0.47983989401188465,0.7591328783621036,0.03900978407557355,0.11412413775211697,0.7591328783621036,0.03900978407557355,0.06232545132967246,0.7591328783621036,0.03900978407557355,0.0834902190613451
task1442_doqa_answerability_classification,0.7161778618732261,0.14902543796324746,0.0865095490713452,0.6363636363636364,0.3991880436569484,0.21624559474506458,0.5137046861184793,0.5769592726114465,0.42087696975802946,0.7161778618732261,0.14902543796324746,0.10704287096191217,0.6527777777777778,0.10038270907836125,0.1100835821850169,0.7161778618732261,0.14902543796324746,0.07798697541189939
task1488_news_headlines_dataset_for_sarcasm_detection_text_categorization,0.37996031746031744,0.9214743589743589,0.3768818990184006,0.7519636213311285,0.1971575573549258,0.22677623559517582,0.7742200328407225,0.16539283366206442,0.21240053104562495,0.6816638370118846,0.3033424908424909,0.2835607300232353,0.6547756041426928,0.3539992345962495,0.16355528142995607,0.37996031746031744,0.9214743589743589,0.1633039649032866
task1495_ade_corpus_v2_text_categorization,0.7987117552334944,0.12004801920768304,0.004417720589088764,0.8346424142207525,0.19436345966958216,0.23963496235082596,0.8599439775910365,0.0032571168002085084,0.09435352224461024,0.8599439775910365,0.0032571168002085084,0.10139820818969802,0.8397435897435898,0.06764610606147221,0.002467160440347199,0.7987117552334944,0.12004801920768304,0.056083614597394416
task1500_dstc3_dialogue_state_tracking,0.864787691410845,0.150824461485392,0.07249093429373028,0.8966033609148245,0.09862078501986868,0.08621898347226002,0.8816943900848011,0.11582903747365726,0.05707211671522554,0.7603659591960364,0.2054344179502626,0.2099097213238369,0.891484571766262,0.10169122182259915,0.04730910659563492,0.864787691410845,0.150824461485392,0.06003318814977558
task1501_dstc3_dialogue_state_tracking,0.8580631073261273,0.036630036630036625,0.11282740718235212,0.801234438748823,0.044770044770044745,0.06174120947105302,0.8108448928121059,0.034843205574912835,0.0646036292588894,0.8580631073261273,0.036630036630036625,0.10425033625285171,0.8580631073261273,0.036630036630036625,0.09437970854999356,0.8580631073261273,0.036630036630036625,0.09617171737875727
task1502_hatexplain_toxic_language_detection,0.5753246753246753,0.44307821432130073,0.2655957601067176,0.4435626102292769,0.7266761688071574,0.4931007853286828,0.597120808388414,0.24196833388482994,0.1767557049902109,0.6330007157593364,0.4410899621624991,0.16909249860199588,0.6242887239825814,0.2543450232345894,0.11207182056520819,0.5753246753246753,0.44307821432130073,0.11155834019307687
task1503_hatexplain_toxic_language_detection,0.6928565782044043,0.24316990594473123,0.29643382397704443,0.6659444906426679,0.3616292668818443,0.23547629828760516,0.7096664954236168,0.30307326685660685,0.2628209986633713,0.5764004212162106,0.39218057563978964,0.2679267271763407,0.7080858585858586,0.24412340195101148,0.24103974503094228,0.6928565782044043,0.24316990594473123,0.26881171788671865
task1505_root09_word_relation_classification,0.47014265281541706,0.6991302278648747,0.27260995568997304,0.7861534600665036,0.16871342793534932,0.14350563088835544,0.6253382211748276,0.3915375635110082,0.21653546983731004,0.4525100582477632,0.8473975327328569,0.34433091075063926,0.6633597883597884,0.31640216296309964,0.1935984128014731,0.47014265281541706,0.6991302278648747,0.08146440264382263
task1516_imppres_textual_entailment,0.8597848402726451,0.20717575288314438,0.10296807289705731,0.7170829170829172,0.4378370162145805,0.18845548940091733,0.6721544715447155,0.5128091080321457,0.2396087485302599,0.7657497781721384,0.39105955721729624,0.23169989674569877,0.9176730079955885,0.09943933798897124,0.10290285592483231,0.8597848402726451,0.20717575288314438,0.0826620208152403
task1517_limit_information_extraction,0.7142857142857143,0.2707113478227309,0.16745727539318445,0.5322245322245323,0.6221950224398204,0.4232877040707321,0.5507637017070979,0.594733703668832,0.370590309944368,0.7882851093860268,0.026597255576385797,0.11842160351208442,0.7333333333333334,0.19719842241262064,0.10017138729429462,0.7142857142857143,0.2707113478227309,0.10339924856525129
task1529_scitailv1.1_textual_entailment,0.94,0.0,0.07902391300890024,0.5713127099988413,0.5873015873015873,0.275667751777483,0.3333333333333333,1.0,0.4920721686604966,0.4900437105390966,0.7241379310344828,0.2930111853154185,0.9099189270343309,0.03296703296703293,0.06415660004097004,0.94,0.0,0.06668006774491975
task1531_dailydialog_dialogue_act_recognition,0.08611111111111111,2.507620592108389,0.6520477091372809,0.512979579779181,0.24590833127294237,0.055349469009954716,0.5162393162393162,0.24590833127294237,0.15442517477611659,0.2484472049689441,1.2393646846836102,0.44161819226041565,0.37936453483623295,0.6104903724661207,0.26495408072768634,0.08611111111111111,2.507620592108389,0.14055392092888308
task1533_dailydialog_dialogue_act_recognition,0.5716034271725826,0.24630541871921183,0.13675764508764088,0.5288220551378446,0.4286463012878106,0.19642791501844814,0.2341710710818682,1.7001915708812263,0.4363679521323337,0.5805626598465473,0.23036050578423464,0.10808864505280913,0.5805626598465473,0.23036050578423464,0.10639499762466281,0.5716034271725826,0.24630541871921183,0.020933132646997227
task1534_dailydialog_dialogue_act_recognition,0.84,0.02000800320128051,0.06863607876671399,0.84,0.02000800320128051,0.09521884696720423,0.8152709359605912,0.2152080344332855,0.21766930600554926,0.84,0.02000800320128051,0.0551407070812337,0.84,0.02000800320128051,0.05736979579510201,0.84,0.02000800320128051,0.08011996518167536
task1535_dailydialog_sentiment_analysis,0.6491228070175439,0.09696186166774401,0.03999304178755975,0.5783475783475784,0.535769863500956,0.2385419552505583,0.5766488413547237,0.49632756328337785,0.21400003127123027,0.6598639455782312,0.010307153164296033,0.05786147167268749,0.6394230769230769,0.08253301320528209,0.004616112142579454,0.6491228070175439,0.09696186166774401,0.04543797313495035
task1536_dailydialog_sentiment_analysis,0.2930086410054988,0.46999983708844467,0.11029504618124869,0.34210526315789475,0.6329113924050632,0.225284483088664,0.441340782122905,0.6329113924050632,0.4469641715016863,0.27083333333333337,0.130600763512156,0.05532620023476245,0.3251465870118376,0.3237971592401972,0.03948335215142634,0.2930086410054988,0.46999983708844467,0.013784984425235292
task1541_ag_news_text_categorization,0.8837121212121213,0.09043166248698055,0.05485277331471114,0.8716023794563807,0.11412532933875055,0.08584732305835471,0.861004237760678,0.12058528646888021,0.0801617177914923,0.8837121212121213,0.09043166248698055,0.0549671452421084,0.8837121212121213,0.09043166248698055,0.056457339851101074,0.8837121212121213,0.09043166248698055,0.060125890202265594
task1548_wiqa_sentence_ordering,0.6593097318915716,0.45257772530499796,0.2681129747110731,0.717673630717109,0.3787878787878788,0.2337420011981724,0.5104039167686658,0.6888633754305397,0.21114586416830747,0.9430199430199431,0.032135970863386445,0.009326118865548405,0.9188969991889699,0.0654109705626316,0.058312274016717486,0.6593097318915716,0.45257772530499796,0.23607600338744664
task1554_scitail_textual_entailment,0.9199679871948779,0.01829013377926421,0.010047359435101488,0.7149192271143491,0.3556375131717598,0.24278353030715996,0.38557993730407525,0.9238310708898944,0.45127917150132246,0.8376623376623377,0.18315018315018317,0.15021127111454294,0.9199679871948779,0.01829013377926421,0.013175106825969368,0.9199679871948779,0.01829013377926421,0.0008729120142774993
task1559_blimp_linguistic_probing,0.32432432432432434,1.0416666666666667,0.44878317061859163,0.6515679442508711,0.30376961347110604,0.16090311267472845,0.34210526315789475,0.9615384615384615,0.4917798820778867,0.4350282485875706,0.8148887276245765,0.3556625294020204,0.5894909688013137,0.3071581196581196,0.12655142273499526,0.32432432432432434,1.0416666666666667,0.09466906700766359
task1560_blimp_linguistic_probing,0.9194847020933977,0.08695652173913045,0.06353391656420948,0.9399759903961584,0.021276595744680812,0.003945166119568716,0.8139727159983464,0.21951219512195122,0.16820746797151623,0.9092650468797259,0.09890109890109892,0.07006795918827899,0.9296553110240177,0.07526881720430108,0.059018162614660974,0.9194847020933977,0.08695652173913045,0.0672141280173858
task156_codah_text_completion,0.919526264612125,0.03160565202061284,0.024189768150984572,0.9397424646437371,0.04213670762964645,0.07739123043478746,0.9498996655518395,0.01829857783727057,0.039644351155290275,0.8424436728008158,0.16943353933950342,0.20662817151862833,0.919526264612125,0.03160565202061284,0.01686586298155203,0.919526264612125,0.03160565202061284,0.0169269634669085
task1583_bless_word_relation_classification,0.8594941790445605,0.04978735680318639,0.06722896236074169,0.8389694041867954,0.0752682025191029,0.03249440262169301,0.8286117552172598,0.0884691225887946,0.010956966280865205,0.8594941790445605,0.04978735680318639,0.06546407620049341,0.8594941790445605,0.04978735680318639,0.06026109294029802,0.8594941790445605,0.04978735680318639,0.05078739543947908
task1584_evalution_word_relation_classification,0.84,0.14279885760913913,0.1129149096481683,0.9184006527947777,0.012417291966012128,0.00033084082930256997,0.928388746803069,0.021715955304615626,0.012438512991009287,0.7373737373737375,0.2806355927530958,0.1988467527023106,0.84998499849985,0.1307989536083711,0.08912520060592355,0.84,0.14279885760913913,0.11163063900349374
task1587_scifact_text_matching,1.0,0.0,0.046243737627778586,1.0,0.0,0.04392030467863567,0.818840579710145,0.19955654101995565,0.189336773441859,1.0,0.0,0.046243298669861044,1.0,0.0,0.045712513464718524,1.0,0.0,0.05336590718733475
task1589_scifact_text_quality_evaluation,0.94,0.0602167804094741,0.04655733632988093,0.34043632673769664,1.0220125786163523,0.4041135056821251,0.3197278911564626,1.0638297872340425,0.49895158093549585,0.9799679487179487,0.01925298421255294,0.014382127766096153,0.94,0.0602167804094741,0.04755528558926356,0.94,0.0602167804094741,0.04295030600913122
task1592_yahoo_answers_topics_text_categorization,0.6452526615684511,0.48568180096615843,0.19964672820142293,0.6381713607033299,0.49317820372108295,0.22657107098157236,0.654639794230587,0.5098873168405605,0.15036992520289505,0.5574846309051298,0.608299658498047,0.28048014033297847,0.6782942166765696,0.47007322528157774,0.08548154764901147,0.6452526615684511,0.48568180096615843,0.24351201486055632
task1593_yahoo_answers_topics_text_categorization,0.6476982209247655,0.26524326086368905,0.1333658535903876,0.617154387007328,0.30218068970926665,0.18365894646609204,0.6790267126570801,0.23517271324916356,0.1954199997338528,0.5761601261424879,0.32432058442276623,0.26520946051419286,0.6643659673659673,0.21481601562940814,0.05979259315565556,0.6476982209247655,0.26524326086368905,0.11828951402570187
task1599_smcalflow_speaker_identification,0.9871646771916314,0.006825006825006812,0.0005363233681935087,0.9871646771916314,0.006825006825006812,0.006555472642738092,0.9386578333946755,0.035561877667140813,0.03398140558765986,0.9871646771916314,0.006825006825006812,0.00045853159747050176,0.9871646771916314,0.006825006825006812,0.0015971988189291408,0.9871646771916314,0.006825006825006812,6.64802324301661e-10
task1604_ethos_toxic_language_detection,0.7291666666666667,0.25037041843764535,0.20480073972647117,0.7726333195535345,0.250869578600671,0.08853374182762228,0.7992773986350863,0.05502200880352144,0.06565863824788998,0.7874278773155178,0.11928822161776101,0.1381213127586317,0.7552019583843329,0.16427623681051365,0.1534040928320044,0.7291666666666667,0.25037041843764535,0.1660668048097508
task1612_sick_textual_entailment,0.7392723531612421,0.21551104396659898,0.1611270609976678,0.6779098171255035,0.4796636431976292,0.14491391408166482,0.6585393275048448,0.37162055820282236,0.2949045844123257,0.5449398898315306,0.6171117649741777,0.25271511539646124,0.7951123864179818,0.1052921640900651,0.05454600702812795,0.7392723531612421,0.21551104396659898,0.16360720246536697
task1615_sick_textual_entailment,0.7518518518518519,0.33271367170913163,0.16018037701273524,0.6286992734361155,0.5728874384613233,0.24791357626069904,0.5264957264957265,0.6947418826672855,0.2903513825935078,0.7108369934274056,0.43672386774208144,0.17798565781202813,0.8097649825896015,0.1964858999133278,0.009550015539829343,0.7518518518518519,0.33271367170913163,0.18115248018116334
task1623_disfl_qa_text_quality_evaluation,0.3670886075949367,0.8620689655172414,0.4658340702229872,0.5764343473238351,0.5557189422346395,0.2908660382148978,0.9294283697953423,0.06488691138301818,0.1385002559762149,0.52,0.6375718390804598,0.32072285260664346,0.6357455075279261,0.45155993431855507,0.3227860644681766,0.3670886075949367,0.8620689655172414,0.1957626403368926
task1624_disfl_qa_answerability_classification,0.7092731829573935,0.09193089571914245,0.03856058215482555,0.5331069609507639,0.6040347173352099,0.26394032208271445,0.29577464788732394,1.1904761904761905,0.49229346073757635,0.7362012987012987,0.002218967736209113,0.08320771136709726,0.7085720028137876,0.06302180901500956,0.005998328322864371,0.7092731829573935,0.09193089571914245,0.0150421041312081
task1630_open_pi_text_categorization,0.7728468801313629,0.2534330118424123,0.20094602893625402,0.8008473111309187,0.15118229993849153,0.1074725757298283,0.7651883357765711,0.24093747337467075,0.1111885187910191,0.7987905002202731,0.24500784093313854,0.30507921225607937,0.7443988830849644,0.13521611933757294,0.03989553167894422,0.7728468801313629,0.2534330118424123,0.2051143255614991
task1640_adversarial_qa_answerability_classification,0.7599039615846338,0.2506265664160401,0.2020161227903242,0.8541666666666666,0.02943142478026198,0.0414092638055262,0.5408087690712488,0.6071288679984332,0.4158163385157667,0.7889659330720531,0.183818538248918,0.14384771160484772,0.769792813532179,0.23706452277880852,0.13112806238616925,0.7599039615846338,0.2506265664160401,0.13117295997806244
task1645_medical_question_pair_dataset_text_matching,0.6567996567996568,0.30430046414701145,0.1804802339863394,0.7383252818035426,0.18931975453714578,0.1435644672202475,0.33542319749216304,1.0441292356185974,0.4892471081630218,0.6601791782514674,0.17485038575239745,0.06969980596502445,0.6458333333333333,0.22446689113355778,0.09638306699452776,0.6567996567996568,0.30430046414701145,0.14611299710892867
task1661_boolq_question_answering,0.8677652324280338,0.06987247117182149,0.049151244565604435,0.9097744360902256,0.0252163295641557,0.09328373747032523,0.5960257670051315,0.5437977660199882,0.40521534958435956,0.898989898989899,0.03131150474145645,0.019808748348561056,0.898989898989899,0.03131150474145645,0.08074082173224459,0.8677652324280338,0.06987247117182149,0.04875735946740428
task1712_poki_text_categorization,0.5896306676008407,0.3269476960344656,0.1509432396260788,0.6124031007751938,0.1291197969098788,0.09595752636664223,0.4949494949494949,0.6105834464043419,0.22858434783411552,0.44581280788177335,0.7777318938902327,0.26083188976789073,0.6124031007751938,0.1291197969098788,0.1032632464576837,0.5896306676008407,0.3269476960344656,0.03896012671951901
task1720_civil_comments_toxic_language_detection,0.6692848284415047,0.22506598793363491,0.1110633100368289,0.5623386825272135,0.5017864649012189,0.3116625284465234,0.6576408341114224,0.24397244546498273,0.1755462608265172,0.6921182266009853,0.18887362637362634,0.10135928789718107,0.6921182266009853,0.18887362637362634,0.07989318452368721,0.6692848284415047,0.22506598793363491,0.06699031979943057
task1721_civil_comments_toxic_language_detection,0.6570417081535569,0.4099312523225568,0.2393584776589272,0.7894736842105263,0.1034566699123661,0.06682299280274351,0.818840579710145,0.13778142589118197,0.10606904285360164,0.8099809980998101,0.052429566318455155,0.03500549961343294,0.7057587221521648,0.26598112535612534,0.12085586926205943,0.6570417081535569,0.4099312523225568,0.13576461277215374
task1722_civil_comments_toxic_language_detection,0.554367201426025,0.5535547552354275,0.2702509303018844,0.6290726817042607,0.059388834899038956,0.08795201740443997,0.5716034271725826,0.26148390390639015,0.04066831325047465,0.5413333333333333,0.458780003229362,0.13544298953641043,0.5361881134721174,0.4938817632316085,0.18297430691141994,0.554367201426025,0.5535547552354275,0.1462031128526245
task1723_civil_comments_toxic_language_detection,0.6483516483516483,0.42134500859167195,0.34862092326936645,0.6598639455782312,0.05032315956685705,0.052622418519362,0.6871966346672419,0.3604258604850391,0.2438949314541151,0.7028862478777589,0.3134587168200614,0.1957302435231181,0.6871966346672419,0.3604258604850391,0.22338356551768504,0.6483516483516483,0.42134500859167195,0.10148255332858619
task1724_civil_comments_toxic_language_detection,0.6995192307692308,0.15873015873015872,0.18266112991240932,0.6744791666666667,0.30303030303030304,0.08317824926354545,0.6783898744683059,0.177133655394525,0.008297437984548156,0.6989160979526294,0.1875901875901876,0.1887489519013454,0.7099709970997099,0.11523687580025613,0.15242012438277902,0.6995192307692308,0.15873015873015872,0.11038924112876328
task1725_civil_comments_toxic_language_detection,0.74997499749975,0.026709401709401764,0.09248862596525731,0.5552350042072365,0.6117724867724867,0.23483596235182497,0.7599039615846338,0.06642206477732791,0.10308042035223866,0.7286704853783539,0.055979978925184436,0.02432206506143675,0.74997499749975,0.026709401709401764,0.08428410059632924,0.74997499749975,0.026709401709401764,0.03264898945044281
task190_snli_textual_entailment,0.5664885573142454,0.5324139225068018,0.3188623564207158,0.64996499649965,0.373645961881256,0.19085372240729226,0.6081977094635322,0.5166931637519874,0.32511042167485305,0.5555555555555556,0.5554494525082759,0.3534046129403518,0.5879811074263892,0.4886854587751896,0.20380947033170038,0.5664885573142454,0.5324139225068018,0.12355171372455193
task195_sentiment140_sentiment_analysis,0.7552019583843329,0.1842105263157895,0.018269849424670304,0.7552019583843329,0.1842105263157895,0.013991833167374845,0.7694235588972431,0.06493506493506492,0.1106978664577822,0.767182913250329,0.14285714285714285,0.03909537314213432,0.7564935064935066,0.15789473684210525,0.018793497476957355,0.7552019583843329,0.1842105263157895,0.013580420261372628
task196_sentiment140_sentiment_analysis,0.7799119647859143,0.10632148313307731,0.16074209452140426,0.8291628982011858,0.004365287235900142,0.06055272970207956,0.8,0.08051529790660227,0.1559228778114523,0.7799119647859143,0.10632148313307731,0.16074302225173973,0.78997899789979,0.09325506023359627,0.15877323604154245,0.7799119647859143,0.10632148313307731,0.11777645331871
task197_multinli_text_categorization,0.7036836449602408,0.40842262785227385,0.13194261714637734,0.77553875310933,0.22970685510602437,0.09926847451423211,0.7319262162498444,0.3694985799782188,0.08403950301886502,0.8051784683595894,0.19825832279708075,0.11469434603151048,0.7716459210376607,0.2594222137321961,0.1175600385913075,0.7036836449602408,0.40842262785227385,0.12703308905398636
task198_multinli_text_categorization,0.3751690575219987,0.6756163462215907,0.10511512835763187,0.369650768381272,0.7197109692063893,0.05848120702518718,0.3548047508047508,0.6656391612837567,0.10414208861530341,0.445469176818014,0.4981302045076082,0.13693464153386772,0.3800598039814984,0.6756163462215907,0.035483620210880334,0.3751690575219987,0.6756163462215907,0.10407485421474452
task199_multinli_textual_entailment,0.7546666666666666,0.1430117501546073,0.09640756448631432,0.756128866640996,0.17391730354693316,0.12458182708232174,0.4186046511627907,0.6944444444444444,0.4856588816634706,0.7571636716852841,0.105406746031746,0.06626228443412538,0.757153415690001,0.1752216037930324,0.07577549853954502,0.7546666666666666,0.1430117501546073,0.09169935636930768
task200_multinli_textual_entailment,0.8689418731494468,0.059137161480664294,0.04784063472908706,0.7951825509720246,0.23847618981888832,0.1084422711718008,0.7202621939464046,0.3155309708432433,0.2589981888966393,0.832914362326127,0.15730619627990056,0.07852941772228295,0.8695095948827292,0.030278327683964025,0.025007593027446123,0.8689418731494468,0.059137161480664294,0.06174222542169172
task201_multinli_textual_entailment,0.6248195457120406,0.016617982526291087,0.06998653437290764,0.5827038358713447,0.25239013778176755,0.06625050590119966,0.5075757575757576,0.4614573533205044,0.1456668689244361,0.6149714095577997,0.027293892849770286,0.07657133786282647,0.6149714095577997,0.027293892849770286,0.0314524577694493,0.6248195457120406,0.016617982526291087,0.04030237449631566
task202_multinli_textual_entailment,0.9017244729427766,0.07883711937783751,0.06385651877845938,0.7869766785755946,0.2825355101931808,0.1721800456297244,0.7492063492063492,0.32979149732786744,0.22832342917521542,0.7907600596125186,0.20639163108417838,0.18684839514638302,0.8927057704879063,0.06212255742681271,0.051641527192310244,0.9017244729427766,0.07883711937783751,0.04936538087510936
task204_multinli_text_categorization,0.7920997920997921,0.18386179143828488,0.13521530009252053,0.8333333333333334,0.05477935778262196,0.007916841711536504,0.6193910256410255,0.4316219900045434,0.23055924049815743,0.8511904761904762,0.09713453132588637,0.060412785848930645,0.8650472334682862,0.07667079579374735,0.06979989237848794,0.7920997920997921,0.18386179143828488,0.132491769557835
task209_starcon_stance_detection,0.5755743323492484,0.29316461875693905,0.08094916598195304,0.7154743561523222,0.309508352015642,0.1329442365395384,0.523043696247445,0.5185247297795434,0.3223342878133266,0.5418726269790101,0.2637658293112777,0.050545666315549354,0.5489144316730524,0.2641546185882278,0.03884621596717805,0.5755743323492484,0.29316461875693905,0.09788973664096542
task211_logic2text_text_to_code,1.0,0.0,0.0007412453970148392,0.9899183385421918,0.009182736455463731,0.0027814966508093453,0.8799519807923168,0.1239669421487603,0.19094753361533603,0.797979797979798,0.22727272727272727,0.2387579474721529,1.0,0.0,0.0006435782699705239,1.0,0.0,0.0
task212_logic2text_text_to_code,0.9366946778711485,0.11616420455186643,0.07744199564033487,0.9690322580645161,0.07730348441352342,0.033693121289402196,0.9882711705371804,0.0321328839404851,0.016544134382687717,0.9076456402168546,0.12771174619700149,0.15904973531248984,0.9761904761904763,0.0649215410226127,0.0341222460659695,0.9366946778711485,0.11616420455186643,0.031706003974920675
task213_rocstories_text_completion,1.0,0.0,0.06553834322000002,0.9598554797270173,0.037878787878787894,0.20057236587349106,0.9399038461538461,0.05802707930367507,0.23671539913382217,1.0,0.0,0.047383418410067824,0.9899183385421918,0.009182736455463731,0.06303174102082282,1.0,0.0,0.0020892790259109673
task214_rocstories_text_completion,1.0,0.0,0.034883973815083735,0.9799679487179487,0.020824656393169536,0.006441994135064022,0.9899909918927035,0.010307153164296033,0.005368805062168552,1.0,0.0,0.034988556194771814,1.0,0.0,0.022941768081892827,1.0,0.0,0.035022447781098975
task220_rocstories_title_generation,1.0,0.0,0.003745038139589457,0.8613333333333333,0.16980146290491116,0.19444396496506683,1.0,0.0,0.01279506572991257,0.9166666666666667,0.09881422924901183,0.16083448902774952,1.0,0.0,0.0012821541192105101,1.0,0.0,6.064593272014918e-14
task221_rocstories_text_completion,0.9904202927882345,0.01161380933212693,0.050848542468743874,0.9696235065295915,0.02098545744499085,0.021127944273773652,0.9904202927882345,0.01161380933212693,0.05463215735178856,0.9904202927882345,0.01161380933212693,0.054145178459151205,0.9904202927882345,0.01161380933212693,0.03384654978297122,0.9904202927882345,0.01161380933212693,0.05090461969093177
task224_scruples_ethics_classification,0.5242433444680635,0.32020906923982656,0.15861251990218866,0.5512035903712771,0.2663622526636225,0.14057895182445657,0.5163690476190477,0.5820889382533219,0.32116325291445746,0.5512035903712771,0.2663622526636225,0.1431631310031768,0.586606035551881,0.20294266869609334,0.0958495727888588,0.5242433444680635,0.32020906923982656,0.05940041602020041
task226_curated_from_stack_overflow___english._answerability_classification,0.6547756041426928,0.3539992345962495,0.1016483406940496,0.609375,0.4782652243589744,0.1525171127243231,0.32432432432432434,1.0416666666666667,0.4673593403603087,0.6753246753246753,0.21681749622926097,0.04377162817952865,0.6753246753246753,0.21681749622926097,0.06408222442573372,0.6547756041426928,0.3539992345962495,0.09526916550356476
task227_clariq_question_understanding,0.8399359743897559,0.10447818418832912,0.06919944533882494,0.8897243107769424,0.023973656118257955,0.013002423403085106,0.7829861111111112,0.2717391304347826,0.260475949454671,0.8897243107769424,0.023973656118257955,0.023461294596637927,0.8399359743897559,0.10447818418832912,0.04944197693467617,0.8399359743897559,0.10447818418832912,0.07653583235060249
task228_arc_question_answering,0.9807367391401005,0.01926669594425776,0.02278549861668884,0.9807367391401005,0.01926669594425776,0.023778753570193864,0.9905525846702318,0.016822560291073,0.023541025950890554,0.7822762796289935,0.21205123888407487,0.2907912568299442,0.9807367391401005,0.01926669594425776,0.021990046762863494,0.9807367391401005,0.01926669594425776,0.02045246597319679
task229_arc_question_answering,0.9331960183336614,0.057654912147901076,0.03948785383996768,0.9439484126984127,0.05713640567733019,0.018556217302152928,0.9331960183336614,0.057654912147901076,0.04286284798226489,0.8131861618703725,0.16253604277000594,0.15166236053529925,0.9333590138674884,0.049740293365368775,0.03877769432638031,0.9331960183336614,0.057654912147901076,0.039506826678856605
task230_iirc_question_answering,0.9902065147966788,0.012209389297877028,0.010999659408174073,0.9603688524590165,0.032853728916697,0.05308745610899959,0.9707855191256831,0.03738338785020075,0.09667111438947418,0.9902065147966788,0.012209389297877028,0.008825617225321158,0.9902065147966788,0.012209389297877028,0.015246737377194897,0.9902065147966788,0.012209389297877028,8.976414056505178e-11
task231_iirc_question_answering,0.9079488476425053,0.06817835589799934,0.10304130637716181,0.7005857898715041,0.20123866289414888,0.13490429241815224,0.8253703362222633,0.13491236829680195,0.14337456736413046,0.7677859657741751,0.11225255026364449,0.09952179399158965,0.8708806818181817,0.05926312801150519,0.08504025046575463,0.9079488476425053,0.06817835589799934,0.10419545069693607
task232_iirc_answerability_classification,0.5872154735228211,0.3472222222222222,0.1822197498006488,0.25925925925925924,1.388888888888889,0.4326372423749359,0.3348115299334812,0.9783220720720721,0.26951006867368665,0.6279761904761905,0.37822420634920634,0.21003925828644954,0.5670995670995671,0.11917372881355932,0.049704226105930616,0.5872154735228211,0.3472222222222222,0.023867935159502862
task233_iirc_answerability_classification,0.4357638888888889,0.21825396825396823,0.06124604533638675,0.358974358974359,0.34391534391534395,0.04431449406233762,0.24827515188960972,1.2257495590828922,0.2573055377439448,0.2777947309531075,1.0098522167487687,0.20234986497168012,0.40370331624646927,0.10520487264673313,0.04274772301037949,0.4357638888888889,0.21825396825396823,0.007979832776394191
task241_tweetqa_answer_verification,0.928388746803069,0.08181393174380552,0.03505808157839299,0.9396135265700483,0.0051392743344639375,0.0046549236249343595,0.46236559139784944,0.7887517146776406,0.4252016188285328,0.928388746803069,0.08181393174380552,0.03505789770300616,0.928388746803069,0.08181393174380552,0.0346034177160264,0.928388746803069,0.08181393174380552,0.04321620558432218
task242_tweetqa_answerability_classification,0.8899009108197378,0.10841711019120838,0.0899954734708174,0.9694842844064693,0.00609892028080268,0.01363744238162276,0.904973075704783,0.11500127779197548,0.16296641803365783,0.8998397435897436,0.09746588693957114,0.08663414546292456,0.8998397435897436,0.09746588693957114,0.07032667764903558,0.8899009108197378,0.10841711019120838,0.08689132991299992
task248_dream_question_understanding,0.2597560975609756,1.1334558757279536,0.586879531639272,0.31344826695386707,1.1346247650037833,0.3250552893889841,0.12096179183135705,3.600717428527035,0.44971581833212704,0.24585716828320164,1.496636088964704,0.3458755102282148,0.49318492260427743,0.7941978529610251,0.2797826486172073,0.2597560975609756,1.1334558757279536,0.35045964102896554
task268_casehold_text_completion,0.7588422698301426,0.12081836480981838,0.046153446569697484,0.7390667811720444,0.15842944095582628,0.128074256948595,0.7101060687166677,0.10893622279645766,0.09557384271615585,0.629337638681901,0.35630545718126144,0.37793641223707686,0.7360290179658211,0.12409546065625805,0.024661640402154072,0.7588422698301426,0.12081836480981838,0.046081563332487196
task274_overruling_text_categorization,0.949753793588584,0.05370569280343717,0.11669343552333761,0.9399759903961584,0.041293112989876785,0.10150283899274923,0.9198717948717949,0.06350366233449897,0.1407827355904612,0.9598554797270173,0.04251700680272108,0.04966053671205939,0.949753793588584,0.05370569280343717,0.06864044968638383,0.949753793588584,0.05370569280343717,0.11209170409708502
task276_wsc; enhanced_wsc_text_matching,0.9671802054154995,0.05812100112458503,0.0574095194575273,0.9067007871355699,0.0923884571615777,0.03640970496690982,0.7368478435145102,0.4777923028845705,0.15328766779546374,0.8744389709906951,0.19525107490275853,0.13451730997396877,0.9671802054154995,0.05812100112458503,0.029651251388740724,0.9671802054154995,0.05812100112458503,1.117958138563413e-08
task279_stereoset_stereotype_detection,0.677044006312299,0.2182266607434497,0.1623652772935476,0.46240921504734356,0.6477447723066255,0.2779246720131987,0.36795214458444697,1.0284019370935116,0.34651583091618715,0.5368317319536832,0.6000050384510339,0.30183309377012046,0.7398623413993454,0.057539375007644694,0.06475427300236636,0.677044006312299,0.2182266607434497,0.09679985813535306
task280_stereoset_text_categorization,0.7610273472596586,0.12394142721920957,0.22640324105803677,0.7556053321678321,0.09496110671798921,0.22949773852773464,0.750027050954161,0.15889981645114054,0.22460714423502182,0.6995714151045034,0.11907553711071263,0.2042071406518224,0.7556053321678321,0.09496110671798921,0.21160106024792227,0.7610273472596586,0.12394142721920957,0.21699071625374683
task284_imdb_sentiment_analysis,0.9396135265700483,0.0051392743344639375,0.043811365382846496,0.9493875898370281,0.03602000169505895,0.012744346127508521,0.7707173272191288,0.28893780957622456,0.22850281708215106,0.9298245614035088,0.02640555468979966,0.1082853039708768,0.9396135265700483,0.0051392743344639375,0.038932767543053526,0.9396135265700483,0.0051392743344639375,0.04735532781315149
task285_imdb_sentiment_analysis,0.9397832195905259,0.003843624281455791,0.05767909458870615,0.9595959595959596,0.04432624113475178,0.020000439766480888,0.9397832195905259,0.003843624281455791,0.0555186766507573,0.9397832195905259,0.003843624281455791,0.05754113337436603,0.9397832195905259,0.003843624281455791,0.04980374352294159,0.9397832195905259,0.003843624281455791,0.06941896432121078
task286_olid_toxic_language_detection,0.5552350042072365,0.6117724867724867,0.4023228767569882,0.6615351020853806,0.38089929394277217,0.24999155526455694,0.6604414261460102,0.3134426847662141,0.1443913747545067,0.6567996567996568,0.34290158371040724,0.17774268629626036,0.6570417081535569,0.4099312523225568,0.18952578708723242,0.5552350042072365,0.6117724867724867,0.259871207524686
task290_tellmewhy_answerability_classification,0.23076923076923078,1.6666666666666667,0.3328247826372931,0.5551464948611751,0.5130784708249497,0.3386863510236939,0.4117647058823529,0.7142857142857143,0.49925202850164174,0.6666666666666667,0.18518518518518523,0.09780266502859347,0.6053333333333333,0.0037792894935751945,0.022740807897092596,0.23076923076923078,1.6666666666666667,0.04384013956807195
task291_semeval_2020_task4_commonsense_classification,0.9399038461538461,0.06257822277847311,0.1270285584087345,0.801234438748823,0.23935500125976314,0.10414659185759068,0.9194847020933977,0.06698331506515649,0.021235334245833903,0.9499549594635172,0.05159958720330237,0.12351638312118543,0.9499549594635172,0.05159958720330237,0.057766622480620644,0.9399038461538461,0.06257822277847311,0.12683491864440846
task296_roc_stories_text_completion,0.9799679487179487,0.0008176347462061719,0.006025899774884852,0.49286472461375164,0.7253711201079623,0.3126932589885978,0.9299929992999301,0.05083402260821615,0.05792946042899691,0.8383838383838383,0.15930250305250301,0.14270136401032904,0.9799679487179487,0.0008176347462061719,0.001818097058738588,0.9799679487179487,0.0008176347462061719,2.6124539198590924e-09
task297_roc_stories_text_completion,0.7777777777777778,0.1684746877054569,0.03313116747056616,0.8299829982998299,0.05213160333642263,0.028841834868556515,0.84998499849985,0.02828054298642537,0.05711887227892545,0.7175436761167486,0.32819634703196343,0.16775700534003868,0.8098288459613652,0.07716049382716049,0.036229073337601087,0.7777777777777778,0.1684746877054569,0.034116073368793576
task298_roc_stories_coherence_classification,0.9299929992999301,0.05083402260821615,0.08175078676319186,0.9597423510466989,0.0434027777777778,0.049567287420271416,0.5552350042072365,0.6117724867724867,0.3093240943546711,0.9299929992999301,0.05083402260821615,0.08088939540665543,0.9299929992999301,0.05083402260821615,0.08490464368011641,0.9299929992999301,0.05083402260821615,0.09782733097074853
task309_race_question_answering,0.9475996286114803,0.029252085214581044,0.027936083420639718,0.9587008487605568,0.025542682827764358,0.03573450601954875,0.9252305422856271,0.04131964091373733,0.06976543262999213,0.6681687877340051,0.2923079858823017,0.4020148635755,0.946792844179414,0.029252085214581044,0.033129879641810564,0.9475996286114803,0.029252085214581044,0.02413453465074325
task310_race_question_answering,0.9092650468797259,0.09890109890109892,0.10845946912343912,0.9397832195905259,0.06382978723404255,0.04281884890301868,0.7803117480908045,0.2658227848101266,0.28104707715011545,0.9092650468797259,0.09890109890109892,0.07514229889343221,0.9092650468797259,0.09890109890109892,0.080213137836714,0.9092650468797259,0.09890109890109892,0.11760110764484163
task316_crows_pairs_stereotype_detection,0.5659722222222222,0.3703703703703704,0.16215976839684587,0.5523528769516323,0.39548022598870064,0.18484319887551987,0.5626666666666666,0.32699880157507283,0.12316485061883553,0.46576007770762506,0.6565656565656565,0.31868289135071426,0.5716034271725826,0.14280738418669456,0.05720210975128076,0.5659722222222222,0.3703703703703704,0.05215872280268671
task317_crows_pairs_stereotype_detection,0.626958238874503,0.45514677539670195,0.3639612843851724,0.7354427736006683,0.2950705619575725,0.09813239291604706,0.7871727770032856,0.1714475893465168,0.08073432620740377,0.6715688200925684,0.37474513131102555,0.24445985684684207,0.74955275947536,0.24568423668391834,0.14596863496732929,0.626958238874503,0.45514677539670195,0.39091492877463097
task318_stereoset_stereotype_detection,0.42741545893719807,0.7981726523418763,0.4096029783721994,0.6733870967741935,0.22614860767715983,0.11661534138608959,0.2982062146892655,1.0322372185006021,0.42528615243160817,0.5822343847067243,0.452957665755619,0.1910790558686627,0.6718275823311228,0.23996743675827395,0.0802069052336575,0.42741545893719807,0.7981726523418763,0.293095984756729
task319_stereoset_stereotype_detection,0.5148488261283894,0.6719777678780197,0.4170000638603413,0.7414761422649359,0.3254889302946255,0.2000082461555766,0.231789594053745,1.3014371748101354,0.45227914187089463,0.7571783443275688,0.25122957975305255,0.1839005784284074,0.8167957516790239,0.14921959911167287,0.12326048553803465,0.5148488261283894,0.6719777678780197,0.3352503598603122
task320_stereoset_stereotype_detection,0.6741496598639456,0.43397448054769916,0.3092049568764864,0.8027412280701754,0.1334436269388004,0.13107696348344544,0.4152013613159387,0.7653375147491708,0.2576324052955608,0.7938251743975463,0.21781914396997226,0.18137806550146324,0.8262108262108262,0.1897830154342444,0.16349047526708815,0.6741496598639456,0.43397448054769916,0.24722802082081968
task322_jigsaw_toxic_language_detection,0.4802494802494802,0.7246376811594203,0.37145215449863994,0.6666666666666666,0.3765274225632282,0.24665494786814818,0.6427070197562001,0.4159957058507783,0.2510973391148284,0.7584541062801933,0.1864564793626578,0.11036320286368834,0.830220713073005,0.2070393374741201,0.2543004271123699,0.4802494802494802,0.7246376811594203,0.1541607840363084
task323_jigsaw_toxic_language_detection,0.39290917921321034,0.9259259259259259,0.40453458792548136,0.7799119647859143,0.0547091126801272,0.07504384311127696,0.7688674505074866,0.17200995461865023,0.11583421929676396,0.736036321402175,0.22812667740203976,0.10747784040710348,0.7144022847817217,0.27621220254070494,0.13263445831714454,0.39290917921321034,0.9259259259259259,0.13400080628414138
task325_jigsaw_toxic_language_detection,0.4341360705355968,0.8025382605449796,0.30105469009621594,0.9296553110240177,0.015323983545063315,0.06178908324880847,0.7851662404092072,0.2507762120850251,0.14128014076001622,0.8279178054458953,0.19322573312116392,0.07905574377538782,0.9088976617066504,0.06109907755833087,0.08950171228409265,0.4341360705355968,0.8025382605449796,0.17785487517307685
task326_jigsaw_toxic_language_detection,0.6938021328265231,0.3440812944896268,0.19874900141134788,0.7149192271143491,0.29518656777779606,0.20156493372456888,0.7874278773155178,0.15930422802032207,0.09044494982788948,0.7767857142857143,0.1739157201342075,0.1057664588165646,0.7863899908452854,0.18463081435105688,0.10224141049113217,0.6938021328265231,0.3440812944896268,0.14030082304734107
task327_jigsaw_toxic_language_detection,0.7085720028137876,0.30033140016570015,0.23431437431090263,0.8331408034912078,0.20706558485463153,0.14295286388113124,0.8885918003565062,0.005106209150326779,0.023321158767696915,0.8697916666666667,0.0480447860962567,0.031612732529835236,0.7742200328407225,0.1779317496229261,0.1449441300309478,0.7085720028137876,0.30033140016570015,0.171859837623704
task328_jigsaw_toxic_language_detection,0.8798076923076923,0.06548073774964536,0.042264247138647904,0.7916666666666667,0.23009203681472584,0.12779929942038737,0.7546666666666666,0.30479724357275373,0.15172944574478509,0.9097744360902256,0.03495903856047914,0.03162718528022848,0.8899009108197378,0.05372935691130387,0.011191137770085569,0.8798076923076923,0.06548073774964536,0.028754888406797796
task329_gap_coreference_resolution,0.9002528282332976,0.07768526769485876,0.10855294041325537,0.6093628593628594,0.4908244460416574,0.4470148406249893,0.6962962962962962,0.43199621440052943,0.33170540426558526,0.8172148584519717,0.09756981567825074,0.04253236760375276,0.8172148584519717,0.09756981567825074,0.12174782747420772,0.9002528282332976,0.07768526769485876,0.10491007092257741
task333_hateeval_toxic_language_detection,0.859775641025641,0.01353710567344767,0.0679482159970555,0.8205046985534791,0.21789284798769545,0.12322958442664103,0.8492613807657522,0.022433702505490385,0.0400149536357437,0.8677652324280338,0.08974838152982921,0.04318537376543441,0.859775641025641,0.01353710567344767,0.025887739197246795,0.859775641025641,0.01353710567344767,0.08568090689070007
task335_hateeval_toxic_language_detection,0.5182657567242072,0.07550542406311636,0.01457172923737382,0.4357366771159875,0.7794289044289044,0.3073264719791828,0.5444883085332524,0.16025641025641024,0.05045710151278493,0.5182657567242072,0.07550542406311636,0.0013279708483173724,0.5182657567242072,0.07550542406311636,0.00709476118240035,0.5182657567242072,0.07550542406311636,0.000257654094355797
task337_hateeval_toxic_language_detection,0.9184006527947777,0.09250693802035154,0.04008756690722051,0.9184006527947777,0.09250693802035154,0.0454597870017695,0.9184006527947777,0.09250693802035154,0.0005300027293881626,0.9184006527947777,0.09250693802035154,0.04006755982353982,0.9184006527947777,0.09250693802035154,0.03605599872825627,0.9184006527947777,0.09250693802035154,0.08516314821266169
task340_winomt_gender_classification,1.0,0.0,0.0024684851307256728,1.0,0.0,0.005059419232071677,1.0,0.0,0.004595933418554715,1.0,0.0,0.0024177584341432135,1.0,0.0,0.006235099873113076,1.0,0.0,1.0269562977782698e-15
task341_winomt_gender_classification,0.9899749373433584,0.01052188552188554,0.023308715648938327,0.9899749373433584,0.01052188552188554,0.02203580668278196,0.9899749373433584,0.01052188552188554,0.024793845236588535,0.9899749373433584,0.01052188552188554,0.02394653452419193,0.9899749373433584,0.01052188552188554,0.02489075490903761,0.9899749373433584,0.01052188552188554,0.013662866148515362
task346_hybridqa_pos_tagging,0.9299929992999301,0.06969334926324175,0.09860905532170192,0.8999599839935974,0.10288065843621401,0.11219590338986624,0.8867263927504891,0.11172628417376829,0.0628925024030495,0.9299929992999301,0.06969334926324175,0.09708696059011221,0.9299369432489241,0.048049451976520725,0.07540595858662633,0.9299929992999301,0.06969334926324175,0.10686748839255536
task349_squad2.0_answerability_classification,0.8368013055895553,0.07781550650820601,0.03597883914223973,0.8461538461538463,0.11548939866545584,0.216526262709709,0.48764315852923446,0.6778309409888357,0.4833669703786382,0.8368013055895553,0.07781550650820601,0.0347944305339965,0.8368013055895553,0.07781550650820601,0.005343932911515442,0.8368013055895553,0.07781550650820601,0.0336963628890688
task350_winomt_gender_classification,0.34548854604955587,1.078582434514638,0.3368796591335735,0.6807743795695603,0.06859943323088348,0.036285361427635554,0.7028862478777589,0.15846768637177905,0.03500503807776603,0.5866518802298619,0.34367752468102103,0.1679947196458448,0.6394230769230769,0.12143447705663495,0.09937250629778377,0.34548854604955587,1.078582434514638,0.05521598570683145
task351_winomt_gender_classification,0.3548387096774194,0.9090909090909091,0.444295109765217,0.35064935064935066,0.9090909090909091,0.2960482164784146,0.5924495924495925,0.32258064516129037,0.09145056026454029,0.44808111924014893,0.7318802055644162,0.1961006962806453,0.5777983729790959,0.19003595274781718,0.08625401260013787,0.3548387096774194,0.9090909090909091,0.07998866121079781
task353_casino_negotiation_strategy_detection,0.9,0.0,0.015893083865689106,0.8465473145780051,0.17647058823529416,0.1854282156215266,0.7087692805522597,0.3698630136986301,0.3313988405514452,0.9197109594540345,0.06521739130434782,0.045433349292915204,0.9,0.0,0.02312212558744911,0.9,0.0,0.020558596017915293
task355_casino_negotiation_strategy_detection,0.8689384010484928,0.04360525477927438,0.07787185616686651,0.8173701298701299,0.20708697653014269,0.09153925886590453,0.8799519807923168,0.03740739389073389,0.013350531977849023,0.8590982286634461,0.0331425690625788,0.06889179459295597,0.8590982286634461,0.0331425690625788,0.04584995587734783,0.8689384010484928,0.04360525477927438,0.08601670485563129
task356_casino_negotiation_strategy_detection,0.8295739348370927,0.01988630851910058,0.05746160732344263,0.7898276586801177,0.19625603864734295,0.22172007246429667,0.8279178054458953,0.05286847874590145,0.16108575672810654,0.8197115384615384,0.03142060406111308,0.012901193679592138,0.8295739348370927,0.01988630851910058,0.04358616549243355,0.8295739348370927,0.01988630851910058,0.01866034586482851
task357_casino_negotiation_strategy_detection,0.8286117552172598,0.028616882990900795,0.044331065802468955,0.7785829307568438,0.18374003881250262,0.10664476355130481,0.721964782205746,0.31489202126486227,0.17182079967069536,0.8286117552172598,0.028616882990900795,0.043264825380909505,0.8389694041867954,0.015336247220305193,0.04441019244878164,0.8286117552172598,0.028616882990900795,0.04921212923067722
task359_casino_negotiation_strategy_detection,0.7564935064935066,0.09824843119440516,0.15570478498561324,0.6874684948079444,0.19112282477789608,0.10733139553149076,0.7198879551820728,0.03233864133101388,0.04699536171486551,0.719551282051282,0.004460502252553703,0.08085043004412518,0.7390606182256123,0.021157247170896315,0.08229256726902556,0.7564935064935066,0.09824843119440516,0.13364262543596905
task361_spolin_dialogue_generation,0.5766488413547237,0.578210590383445,0.3579102858765535,0.721964782205746,0.29393487788916817,0.18260272060636507,0.7688674505074866,0.031020765665486713,0.11953096314113981,0.6515679442508711,0.4047406484238782,0.2830202773302787,0.6875,0.3469633537879223,0.21159556458412165,0.5766488413547237,0.578210590383445,0.22146598134312123
task362_spolin_dialogue_act_recognition,0.8498648783905515,0.07541478129713423,0.05496127983529517,0.8684077335762729,0.08657530209254348,0.054338304847379754,0.8498648783905515,0.07541478129713423,0.06440487897745295,0.797077922077922,0.1903044871794872,0.09822508969671137,0.84998499849985,0.0518476621417798,0.07144787481493531,0.8498648783905515,0.07541478129713423,0.08534764013217158
task363_sst2_sentiment_analysis,0.8899009108197378,0.11444028297960883,0.1885614012111949,0.8899889988998899,0.06920696954893339,0.07842688917174417,0.8487750781328763,0.02604906696978307,0.05652234152578356,0.8899009108197378,0.11444028297960883,0.17994705580349743,0.8899009108197378,0.11444028297960883,0.16980193237592633,0.8899009108197378,0.11444028297960883,0.10288850259407917
task375_ddo_text_categorization,0.5135137086700027,0.5316264495467085,0.35760370671879516,0.657529602750191,0.15032993932238128,0.17173354896767523,0.6356779317108363,0.30845511749682053,0.23954862994850892,0.5798055745424167,0.3198146974921564,0.2886669491770424,0.6089669738863287,0.3073894321414966,0.18279952305299277,0.5135137086700027,0.5316264495467085,0.20675749332429655
task379_ag_news_text_categorization,0.4143838538999829,0.7780909773622647,0.5100630423919359,0.7322934487640848,0.400966447551652,0.11747300031711999,0.8210436906089079,0.12693594581344997,0.07143416587365198,0.5290884387351779,0.6498962442421023,0.32797110190343237,0.565344838943416,0.5570739368688965,0.3009455801144503,0.4143838538999829,0.7780909773622647,0.28528217475979056
task382_hybridqa_pos_tagging,0.5963499731615675,0.6237691143797653,0.588476863628852,0.6694614027947361,0.534425793409323,0.6231481546790031,0.5307674835452614,0.7564624520429827,0.5386800771976363,0.3039021164021164,1.286158694790052,0.5311759860834692,0.6371971554142097,0.5329842069078076,0.26231905543890277,0.5963499731615675,0.6237691143797653,0.565229154427064
task383_matres_misc.,0.8689384010484928,0.06354995579133513,0.0398665387810373,0.4282744282744283,0.8184523809523808,0.41304872415733995,0.5400400990682863,0.6003047498949139,0.321537303221667,0.8795664391810518,0.028226981351981376,0.004880944660677122,0.8693598633303186,0.04052460949012671,0.010531245665250072,0.8689384010484928,0.06354995579133513,0.04771865032458311
task384_social_iqa_question_understanding,0.3464052287581699,1.1824324324324325,0.35648054397624357,0.7582417582417582,0.06868131868131865,0.1125720832709215,0.4791666666666667,0.6255511463844797,0.33744864470180924,0.5398159263705482,0.4997060552616109,0.27713259246573246,0.568922305764411,0.43685602896129216,0.26944798381238655,0.3464052287581699,1.1824324324324325,0.11817707906419339
task386_semeval_2018_task3_irony_detection,0.7198879551820728,0.12906846240179573,0.08167245565917,0.5442708333333334,0.5886450714036922,0.26764728223158457,0.5577607593571352,0.5632597158020888,0.257842835364402,0.7092731829573935,0.17214397496087638,0.1123083692107549,0.7099709970997099,0.08678332621994596,0.07465876295149418,0.7198879551820728,0.12906846240179573,0.039403306171518604
task387_semeval_2018_task3_irony_detection,0.24349376114081997,1.0873929250253784,0.34035241719044795,0.45310245310245306,0.5651674147284959,0.30994186708939503,0.4765432098765432,0.5495341892461897,0.3106312990817316,0.5454784303754555,0.268329618409338,0.08335620296062456,0.42477049699271924,0.2880534803749723,0.14629629679761075,0.24349376114081997,1.0873929250253784,0.09680597636288366
task391_cod3s_cause_effect_classification,0.6493688639551192,0.4473304473304474,0.326494429931503,0.7398959583833533,0.1283101283101283,0.07969471825931995,0.3869455463397043,0.9461966604823747,0.440469637165717,0.7303419264372775,0.2626262626262626,0.21231427207361547,0.7303419264372775,0.2626262626262626,0.23604722957965085,0.6493688639551192,0.4473304473304474,0.09460241469786357
task392_cod3s_cause_effect_classification,0.7676734152007965,0.1811738790365061,0.16675257365555904,0.677938808373591,0.35482036446356596,0.11338791958666636,0.39839572192513373,0.9622238061297219,0.34988069314764114,0.7660461804495982,0.05377136524677503,0.041974099234057344,0.795059864092331,0.11909766008126663,0.1365389123591806,0.7676734152007965,0.1811738790365061,0.1780220613608534
task397_semeval_2018_task1_sentiment_analysis,0.5477841422972565,0.5283499856091444,0.30985602375421245,0.7619047619047619,0.18091361374943465,0.08506952556641462,0.7640497640497641,0.0075380672395597426,0.01836220386823867,0.7144022847817217,0.1645811347303885,0.12024758088248444,0.6496847162446202,0.33225480986675016,0.23008723185676216,0.5477841422972565,0.5283499856091444,0.12522749119865487
task398_semeval_2018_task1_sentiment_analysis,0.8279178054458953,0.032858707557502684,0.08122318436724354,0.7777777777777778,0.23051023051023048,0.13288849122384716,0.7796474358974359,0.15281015281015278,0.06738348579311276,0.8286117552172598,0.008518924181574773,0.05769908221929976,0.8181818181818181,0.022172949002217238,0.08085756149307743,0.8279178054458953,0.032858707557502684,0.10412770768723711
task399_semeval_2018_task1_sentiment_analysis,0.5037482842360892,0.7151552038953134,0.2942647280339553,0.7734872182073131,0.10799252111495562,0.17105748737529167,0.5331465919701214,0.6212378453465041,0.22220875747009394,0.6587715776796468,0.35113443432628483,0.09287690604661081,0.557203171661003,0.5711434783903734,0.2092975891636505,0.5037482842360892,0.7151552038953134,0.10080002363071422
task400_paws_text_matching,0.8795664391810518,0.011894305372566232,0.10717160607021564,0.8795664391810518,0.011894305372566232,0.08829737798022144,0.568536342515765,0.5919854280510018,0.3629515936325929,0.8795664391810518,0.011894305372566232,0.10820702651722977,0.8795664391810518,0.011894305372566232,0.10792181149489607,0.8795664391810518,0.011894305372566232,0.10280856366809549
task420_persent_sentiment_analysis,0.39894433849736083,0.715298193475993,0.4138755673813095,0.39938271604938275,0.48466510881549146,0.192648912113553,0.349647266313933,0.7097274735439043,0.32616077365786367,0.41031746031746025,0.6827072389347955,0.41133912769292647,0.41410705696419986,0.4524139058150688,0.24992204910073268,0.39894433849736083,0.715298193475993,0.13634555657450967
task421_persent_sentiment_analysis,0.4472636815920397,0.581793949169343,0.31560213779610313,0.4042354053125153,0.2565786559792538,0.20558212366308293,0.3545169771214409,0.7276865358659104,0.2914474833528799,0.41883616596260276,0.47043726005588926,0.2344251908542724,0.4029170746337118,0.4897789316828961,0.23950403901134418,0.4472636815920397,0.581793949169343,0.1170554982188788
task456_matres_information_extraction,0.5863970588235294,0.4489650974025974,0.3385610563768342,0.7362012987012987,0.042778167778167786,0.1440558321677171,0.7898108297467721,0.16028275521946403,0.0014313011780793528,0.7033248081841432,0.09260106091092012,0.17646306538710824,0.6693333333333333,0.24585921325051763,0.1752110572403995,0.5863970588235294,0.4489650974025974,0.17697178495841273
task457_matres_word_semantics,0.9,0.06021678040947411,0.06224911422695448,0.8787878787878788,0.053830152184226876,0.17307651461193574,0.8443821973233738,0.16412024464542943,0.25054776611174434,0.8899889988998899,0.07149333104795241,0.04983101334577991,0.8899889988998899,0.048940229770995804,0.06695314578507938,0.9,0.06021678040947411,0.04733427230078541
task458_matres_word_semantics,0.7178819444444444,0.33892065142065136,0.11492721281181462,0.8563218390804598,0.14628056052474658,0.03911643228001538,0.7303419264372775,0.3205128205128205,0.1073641016144759,0.7384663667747673,0.3205128205128205,0.18952495589232846,0.8346424142207525,0.1745650183150183,0.09780125635180226,0.7178819444444444,0.33892065142065136,0.13742519796769923
task462_qasper_question_understanding,0.2992039658706325,0.9341937899896942,0.523264001051791,0.47723846849562856,0.4605616592133394,0.3423748757690213,0.6083471089070193,0.4733623875621515,0.10075052001009321,0.6081392152820725,0.029175300136566197,0.1915213424512771,0.6290999886505504,0.04437551980526915,0.14390577882005023,0.2992039658706325,0.9341937899896942,0.14839713328867482
task472_haspart_kb_entity_relation_classification,0.6041666666666667,0.4268491365265559,0.28739117279128173,0.7076318177235609,0.22905107412149667,0.12735414271862133,0.7171717171717171,0.03928170594837264,0.009845948076870448,0.6753246753246753,0.279263220439691,0.16217904136923056,0.6419437340153453,0.3341103341103341,0.19106662222719045,0.6041666666666667,0.4268491365265559,0.0717744393864514
task475_yelp_polarity_sentiment_analysis,0.9899989998999901,0.009902951079421688,0.009333977377748798,0.9899989998999901,0.009902951079421688,0.011524319112463932,0.9598554797270173,0.04251700680272108,0.05771740829331762,0.9899989998999901,0.009902951079421688,0.00961738051780317,0.9899989998999901,0.009902951079421688,0.01814159230354981,0.9899989998999901,0.009902951079421688,2.8637799576181067e-08
task476_cls_sentiment_analysis,0.9799919967987194,0.00040832659594449073,0.0017847051353746257,0.9799919967987194,0.00040832659594449073,0.0014362820299599899,0.7898276586801177,0.25510204081632654,0.2693969365290926,0.9799919967987194,0.00040832659594449073,0.0017827586097257653,0.9799919967987194,0.00040832659594449073,0.007243484659608668,0.9799919967987194,0.00040832659594449073,0.009711890010394297
task477_cls_sentiment_analysis,0.9396135265700483,0.0051392743344639375,0.021242504182387406,0.9396135265700483,0.0051392743344639375,0.02197587669473422,0.9399038461538461,0.037688011786069134,0.10156559409895233,0.9396135265700483,0.0051392743344639375,0.011057989803519797,0.9396135265700483,0.0051392743344639375,0.021479802486361332,0.9396135265700483,0.0051392743344639375,0.015498248570511713
task478_cls_sentiment_analysis,0.9791666666666666,0.004251700680272094,0.039625357527385885,0.9791666666666666,0.004251700680272094,0.0405234453529969,0.8594941790445605,0.13565891472868213,0.15071885050694442,0.6534462841740469,0.46232876712328763,0.3221662671422203,0.9791666666666666,0.004251700680272094,0.04208580465028422,0.9791666666666666,0.004251700680272094,0.02904791589316222
task493_amazon_polarity_sentiment_analysis,0.9369482976040353,0.05585216328182037,0.057987668381649565,0.9151103565365025,0.0835774754210328,0.05979842036299482,0.9589490968801313,0.013779798814937278,0.017604030686986183,0.9583333333333333,0.029282072481741767,0.056656547861691525,0.9583333333333333,0.029282072481741767,0.05773917815693502,0.9369482976040353,0.05585216328182037,0.05674126284571754
task494_amazon_polarity_sentiment_analysis,0.9476932733549535,0.02192982456140349,0.09947128473318684,0.9589490968801313,0.03472222222222222,0.07002430867977852,0.9691071980228607,0.025773195876288683,0.07539334532090242,0.9476932733549535,0.02192982456140349,0.09946831326209307,0.9481273991077912,0.0,0.08449578882811212,0.9476932733549535,0.02192982456140349,0.11472236899081881
task495_semeval_2020_task_7_text_categorization,0.3333333333333333,1.0,0.4571167717638407,0.39290917921321034,0.84,0.3404431522311953,0.4945054945054945,0.5555555555555555,0.1751415191575361,0.5464100011063171,0.5254237288135594,0.33229717636575934,0.6236395076797885,0.20634920634920637,0.10533189668413426,0.3333333333333333,1.0,0.08966942302569458
task496_semeval_2020_task_7_text_categorization,0.8666666666666667,0.1851851851851852,0.10945287326716785,0.3879033094719369,1.0278745644599303,0.3166574432387655,0.7159090909090908,0.2777777777777778,0.15037051340804852,0.9004314636574842,0.07064364207221349,0.03929999713612001,0.9174430947045642,0.023041474654377857,0.020260141390867764,0.8666666666666667,0.1851851851851852,0.1092739348518518
task498_scruples_ethics_classification,0.2162187916904898,1.0499942150133743,0.3826545386871599,0.2384993053801465,1.0419276678309086,0.5610392279627503,0.17713784724637902,1.4857044883317474,0.5932866017639766,0.334685507557848,0.47902503484919906,0.19331625744347963,0.31331305169642376,0.5082733411026864,0.06204474083588456,0.2162187916904898,1.0499942150133743,0.1378072000060791
task502_scruples_ethics_classification,0.6989160979526294,0.1875901875901876,0.0936959145377152,0.6753246753246753,0.279263220439691,0.13117022853864374,0.719551282051282,0.15712682379349047,0.08094103932614308,0.7092731829573935,0.17214397496087638,0.08526406080120313,0.7398959583833533,0.1283101283101283,0.056505864770768355,0.6989160979526294,0.1875901875901876,0.058874227481857944
task503_scruples_ethics_classification,0.26439680538041194,1.4003561599481948,0.22829875362288038,0.4152046783625731,0.7042253521126761,0.423363522141154,0.4152046783625731,0.7042253521126761,0.40501594018570686,0.39903846153846156,0.6313744536182612,0.12969846557653764,0.47456914670029426,0.024283632831471558,0.056251921959519,0.26439680538041194,1.4003561599481948,0.03134564909893575
task508_scruples_ethics_classification,0.47456914670029426,0.2687060768912774,0.09252570023193282,0.4652406417112299,0.4499634305339142,0.18878222250654475,0.3710691823899371,0.8474576271186441,0.44971686198808736,0.47456914670029426,0.2687060768912774,0.09501031731229762,0.4987212276214834,0.11793886632784568,0.033303096515084396,0.47456914670029426,0.2687060768912774,0.017461256011466586
task512_emotion_sentiment_analysis,0.4455037859249474,0.5695957926887567,0.2510369126179315,0.4704359334395791,0.38647621633143836,0.1245019639165771,0.40840111642743215,0.4998000449869195,0.18524702037413332,0.43037127013176013,0.474363836566069,0.1703039781611192,0.4378565650654766,0.44668854379924333,0.1360310667541872,0.4455037859249474,0.5695957926887567,0.14794638480720884
task517_emo_sentiment_analysis,0.6568698044725443,0.21428289657206334,0.2249419534734985,0.6954601439847341,0.25661321114871394,0.23244925073124473,0.6749167578908958,0.26552161890099685,0.18739662278631794,0.5007528876124702,0.5965171351722814,0.5480562754916116,0.6797175678212709,0.19988642969217918,0.18763803892784314,0.6568698044725443,0.21428289657206334,0.19226951683633228
task520_aquamuse_answerability_classification,0.8998397435897436,0.09746588693957114,0.10277250021244039,1.0,0.0,0.008882794561154789,0.8241758241758241,0.221483942414175,0.27130428540390417,0.9495916927109588,0.046168051708217944,0.05749441646791986,0.9097744360902256,0.08675534991324467,0.09240984036457983,0.8998397435897436,0.09746588693957114,0.10360147917419033
task521_qanta_text_categorization,0.7931253692544016,0.2796458831324608,0.14355196052717056,0.7794102376937081,0.3901282797217341,0.11317636562811062,0.7253416149068322,0.45192294981411374,0.12499158813515267,0.7124820141891471,0.4542316955676957,0.1598107418900607,0.8332517482517483,0.244995061560773,0.0796214806822585,0.7931253692544016,0.2796458831324608,0.14097948895334877
task564_discofuse_discourse_relation_classification,0.06683895814330597,1.9458496918076909,0.554506632107039,0.1841332524566628,1.6394988886644974,0.19834049880859878,0.0565041928721174,2.976188392095719,0.3113213325145613,0.16623788697367292,1.2350136189188143,0.18401062751161856,0.3139290534027376,0.829807573752396,0.028103901470009907,0.06683895814330597,1.9458496918076909,0.21925527244134424
task566_circa_text_matching,0.3251465870118376,1.2031558185404339,0.4302926067020669,0.6394230769230769,0.26098901098901095,0.08970667783800867,0.5571658615136876,0.48665620094191514,0.22955819262193677,0.45282706018902336,0.7036247334754797,0.4485816421812241,0.5242433444680635,0.5577441426498029,0.2962421020091188,0.3251465870118376,1.2031558185404339,0.10230766432747829
task573_air_dialogue_intent_identification,0.9762787249814677,0.04464048473115662,0.04781106586320992,0.9762787249814677,0.04464048473115662,0.0014993619890335819,0.9762787249814677,0.04464048473115662,0.0020252361467301278,0.7161255171022096,0.2033612269804276,0.17820755681862538,0.9762787249814677,0.04464048473115662,0.04145067557685361,0.9762787249814677,0.04464048473115662,1.925321209406139e-08
task575_air_dialogue_speaker_identification,0.9592003263973888,0.0262107683982684,0.07049360781054304,0.9592003263973888,0.0262107683982684,0.08673588236162974,0.9694842844064693,0.014225465256393047,0.061525687369399173,0.9592003263973888,0.0262107683982684,0.07198320859804017,0.9694842844064693,0.014225465256393047,0.059263565735086926,0.9592003263973888,0.0262107683982684,0.04933149692096772
task577_curiosity_dialogs_speaker_identification,0.9797077922077921,0.022675736961451226,0.016944572164745236,0.9797077922077921,0.022675736961451226,0.027450328077735175,0.9797077922077921,0.022675736961451226,0.02627481657757924,0.9797077922077921,0.022675736961451226,0.01695344767046278,0.9797077922077921,0.022675736961451226,0.015743516166323024,0.9797077922077921,0.022675736961451226,0.01923322072692049
task579_social_iqa_answer_verification,0.44808111924014893,0.7493572901658333,0.25537508468580983,0.41333333333333333,0.8180929376581549,0.2723135407891243,0.35064935064935066,0.9259259259259258,0.425070789586784,0.47482236638863146,0.26865818791284635,0.03549278580059945,0.4916485112563544,0.2944333933251239,0.13665657476469284,0.44808111924014893,0.7493572901658333,0.04863491588065405
task580_social_iqa_question_answering,0.7309945096760165,0.09192615529630749,0.0484062539814413,0.7803514893067133,0.1649663760638929,0.03631811409476193,0.7523469691177095,0.15831481739516295,0.0438386840282472,0.7513077593722755,0.1076474897362051,0.061681913648469255,0.7602495543672014,0.058134530602049934,0.033223426246590304,0.7309945096760165,0.09192615529630749,0.04828828898542184
task585_prepositional_paraprasing_preposition_prediction,0.3793123973727422,0.6203603443431491,0.567076870554869,0.3634412377240246,0.698991497566647,0.3861958886273107,0.5070217611336032,0.5022424708463904,0.3962977325382203,0.4792870225013082,0.5699918629061885,0.30641383538339767,0.49287532623112135,0.5412344409523563,0.1975494949999751,0.3793123973727422,0.6203603443431491,0.4252725742015175
task586_amazon_fine_food_reviews_sentiment_analysis,1.0,0.0,0.014645472932191261,1.0,0.0,0.027173630699109996,1.0,0.0,0.043985166222365535,1.0,0.0,0.014789139056103184,1.0,0.0,0.012784538601735118,1.0,0.0,0.003214734119720508
task587_amazon_fine_food_reviews_sentiment_analysis,0.94,0.020008003201280516,0.02957604320390253,0.94,0.020008003201280516,0.030185394460501253,0.959983993597439,0.000833666800053393,0.036493443697168004,0.94,0.020008003201280516,0.029590762868531795,0.94,0.020008003201280516,0.02473813284558804,0.94,0.020008003201280516,0.010026571834245296
task588_amazon_fine_food_reviews_sentiment_analysis,0.5657174221877825,0.3132427304397327,0.09008289387622222,0.4890253225585294,0.3965829733321559,0.15233786971638125,0.41446725317693056,0.5474408454957947,0.1973343102629084,0.4567722473604826,0.4878029522689781,0.22383592276303593,0.5887231447602964,0.20052959100597587,0.0448668130680461,0.5657174221877825,0.3132427304397327,0.07968825258350812
task590_amazon_fine_food_reviews_text_matching,0.7742200328407225,0.10619010619010616,0.14061251277161418,0.7640497640497641,0.2356902356902357,0.22883880555741426,0.44587106365725093,0.7721280602636535,0.4600598783094475,0.7631551848419318,0.1219992129083038,0.1717109290494957,0.7777777777777778,0.02849002849002853,0.04573220116170068,0.7742200328407225,0.10619010619010616,0.06507908833637588
task607_sbic_toxic_language_detection,0.6458333333333333,0.22446689113355778,0.07260248720462026,0.5386109762020399,0.6012674666251103,0.334117297296338,0.5876736111111112,0.37400654511453957,0.1478458700914546,0.6515679442508711,0.26497945057322086,0.10727485800624992,0.6862030569895738,0.07993185371887321,0.028566204297147957,0.6458333333333333,0.22446689113355778,0.03585009029572683
task608_sbic_toxic_language_detection,0.7479584635547938,0.1806503412284223,0.007128223577699461,0.7681217864704104,0.057088635972618304,0.15886446506464535,0.7596153846153846,0.1130385176107672,0.02523957292642945,0.7390606182256123,0.14159080798984455,0.0005600183715575024,0.7596153846153846,0.1130385176107672,0.001383173775464236,0.7479584635547938,0.1806503412284223,0.010362082546434032
task609_sbic_toxic_language_detection,0.614448051948052,0.43458216382595016,0.32177848428002553,0.537620849096259,0.6440281030444964,0.44591826929494505,0.6471418489767113,0.37669350405794283,0.3162391499988549,0.614448051948052,0.43458216382595016,0.3217730300485778,0.6471418489767113,0.37669350405794283,0.2726184950539589,0.614448051948052,0.43458216382595016,0.15561928251120394
task616_cola_text_quality_evaluation,0.7867803837953091,0.06670800683991954,0.03174884088155591,0.8400000000000001,0.13721691803883584,0.22906837728147858,0.5826528760660498,0.5202053147258626,0.39944694411525883,0.6269785260610949,0.4022613611654708,0.1865558967993173,0.7897997566102445,0.09802631991030437,0.059904404920783805,0.7867803837953091,0.06670800683991954,0.02252510984898015
task621_ohsumed_information_extraction,0.8985286656519533,0.0,0.051610842558529796,0.8709677419354839,0.13919413919413923,0.11378823396419613,0.8871473354231975,0.007326007326007373,0.05640750265171268,0.8985286656519533,0.0,0.05074437084704475,0.8759920634920635,0.014814814814814848,0.06238195470267843,0.8985286656519533,0.0,0.03263148324146381
task623_ohsumed_keyword_tagging,0.9296553110240177,0.07526881720430108,0.01280657407970437,0.7087692805522597,0.3698630136986301,0.2802984472964798,0.7211497211497211,0.35135135135135137,0.2774075332278379,0.9699729756781104,0.03092783505154642,0.023514488355057456,0.9397832195905259,0.06382978723404255,0.015387236582907943,0.9296553110240177,0.07526881720430108,0.02082613948643472
task629_dbpedia_14_text_categorization,0.9337301587301587,0.08996558618567543,0.19422903892688337,0.9405359719645434,0.08373227202415595,0.12400705641611119,0.9405359719645434,0.08373227202415595,0.14438495748225078,0.9046258503401362,0.17793248891730132,0.22601820148412183,0.9337301587301587,0.08996558618567543,0.11905543326498286,0.9337301587301587,0.08996558618567543,0.10366243580419032
task630_dbpedia_14_text_matching,0.9895386546709908,0.008279516476237796,0.002987090769560219,1.0,0.0,0.0002082873794030382,1.0,0.0,0.0070835622664715825,0.9895386546709908,0.008279516476237796,0.0029805447096128423,0.9791666666666666,0.016728002676480447,0.002029834249686807,0.9895386546709908,0.008279516476237796,2.220446049250313e-16
task632_dbpedia_14_text_categorization,0.9899909918927035,0.010307153164296033,0.001981181560893469,0.9799919967987194,0.00040832659594449073,0.028160980451197998,0.8689384010484928,0.1234976749320418,0.16618855471342622,0.9899909918927035,0.010307153164296033,0.001980985624994186,0.9899909918927035,0.010307153164296033,0.0028098241511903266,0.9899909918927035,0.010307153164296033,1.2653766923165222e-13
task633_dbpedia_14_text_categorization,0.9804126984126984,0.031135777925352798,0.021361303667723736,0.9683769202373854,0.030092412273650317,0.04373345297575493,0.9764554498948623,0.032229455660443,0.05486495722721402,0.9363434481645653,0.10080276557627925,0.2598417491723844,0.9798606217210869,0.020529993883951308,0.05337045227452655,0.9804126984126984,0.031135777925352798,4.639896342140126e-09
task638_multi_woz_v22_speaker_identification,0.48,0.08051529790660227,0.07218979659422292,0.49066213921901525,0.5450266319831538,0.1959749845912952,0.46994699469946993,0.1019289409668688,0.08022109691426288,0.5332792207792207,0.1431383073895152,0.029225904430569993,0.49919871794871795,0.0,0.014215804025925899,0.48,0.08051529790660227,0.008563648353588027
task673_google_wellformed_query_question_understanding,0.7708333333333333,0.13840326340326342,0.09788455258915912,0.7390606182256123,0.20401895401895404,0.06535366816273766,0.3055555555555556,1.1363636363636365,0.48429503387196515,0.7821350762527233,0.12226697353279635,0.09194137036347633,0.797077922077922,0.03043831168831168,0.05493821165093604,0.7708333333333333,0.13840326340326342,0.09136259852779907
task679_hope_edi_text_categorization,0.5810244627652386,0.5296375581309516,0.27231429808402974,0.7584541062801933,0.1429720310964168,0.02424501023864603,0.6673051718923279,0.39720751083293204,0.14461503177371823,0.7333333333333334,0.0990379173740803,0.05729631237135768,0.7087692805522597,0.13780031164964993,0.1251202020600957,0.5810244627652386,0.5296375581309516,0.08833018437473789
task681_hope_edi_text_categorization,0.48436348436348436,0.5659220094196845,0.25373472679400516,0.6646798620482831,0.232479597034139,0.11242079480283335,0.6634178178525326,0.31700564236685175,0.11926886450969819,0.4353476283300845,0.6419845499156294,0.36236332322446374,0.6617760617760619,0.17345402552417002,0.1257904910076464,0.48436348436348436,0.5659220094196845,0.1043488843881184
task682_opp_115_text_categorization,0.9228046575916758,0.11752019856598712,0.21456568276433685,0.9458876753654198,0.05022896470044387,0.13107782825622655,0.8299846305237142,0.18961158096520067,0.09939892172213105,0.6632357809062056,0.3547818734874622,0.2822626620067915,0.9307653504687403,0.10380331917671609,0.098347449155336,0.9228046575916758,0.11752019856598712,0.1994404527954965
task683_opp_115_information_extraction,0.346503127209649,1.0025500495463928,0.5589825333821573,0.7676226551226552,0.35419637084908934,0.35963960020823615,0.5031937017231135,0.6329493501590717,0.35030442780738075,0.6270857651750434,0.5537125404975568,0.30924336682968245,0.6712430560865097,0.42543113426609125,0.2310105104585342,0.346503127209649,1.0025500495463928,0.4787294374765246
task738_perspectrum_textual_entailment,0.9291426257718393,0.07840501792114697,0.09607094497687862,0.8590982286634461,0.13323643410852712,0.00039251267426951286,0.8996386993175431,0.026709401709401736,0.0539844770720144,0.8383838383838383,0.15930250305250301,0.01813644150776139,0.9291426257718393,0.07840501792114697,0.095083858360336,0.9291426257718393,0.07840501792114697,0.1056181737823077
task744_eurlex_text_categorization,1.0,0.0,0.009355041389096763,0.987948350071736,0.022674580124628776,0.007799250501367483,0.987948350071736,0.022674580124628776,0.0035124371350541694,1.0,0.0,0.00933239739931871,1.0,0.0,0.012666183255843122,1.0,0.0,1.797055890762067e-07
task746_yelp_restaurant_review_sentiment_analysis,1.0,0.0,0.018135976206524795,1.0,0.0,0.021867595104268778,0.6576408341114224,0.43205027494108406,0.251147552720998,0.9794745484400657,0.023730422401518732,0.03735572268214951,1.0,0.0,0.018469519772798565,1.0,0.0,0.01722514190801072
task767_craigslist_bargains_text_categorization,0.9695304853020112,0.04111387506595031,0.10576235649962037,0.9397493542673993,0.03154882538252851,0.067577233577193,0.9695304853020112,0.04111387506595031,0.10716106737397574,0.7397053663182697,0.3359819698840558,0.2580012004673631,0.9593585614600108,0.03727407572104712,0.09554816004885638,0.9695304853020112,0.04111387506595031,0.09076179268217704
task827_copa_cause_effect_classification,0.9794745484400657,0.0033510941322341704,0.02834238661136204,0.989769820971867,0.008707767328457001,0.005179500381652685,0.9794745484400657,0.0033510941322341704,0.008090879644302551,0.9691071980228607,0.01565859191170248,0.09112486867556227,0.989769820971867,0.008707767328457001,0.016719527891781605,0.9794745484400657,0.0033510941322341704,0.03153121549487525
task828_copa_cause_effect_classification,0.9399038461538461,0.01750984394885419,0.039355635783406256,0.9597423510466989,0.023417636825906592,0.057696559948681364,0.9397832195905259,0.003843624281455791,0.03888192683245556,0.7863899908452854,0.22536828786161828,0.22173942064880423,0.9399038461538461,0.01750984394885419,0.051701326910052775,0.9399038461538461,0.01750984394885419,0.022669209354124642
task834_mathmatics_dataset_question_understanding,0.8657651821862349,0.18913949862271545,0.0379485607963258,0.8244076444136976,0.3317452848118046,0.09449342885367847,0.9024281560586225,0.094496014306279,0.013034833206195973,0.6556880886888389,0.4632814114787993,0.2563700055406887,0.875614861329147,0.16791121084984897,0.022631687762379532,0.8657651821862349,0.18913949862271545,0.031507392112963314
task843_financial_phrasebank_sentiment_analysis,0.8537651600265029,0.11137427220660062,0.1163318026963462,0.8450177450177451,0.16570485052163778,0.1119015621111212,0.8552683979961851,0.030538596664649382,0.05555056986617435,0.8537651600265029,0.11137427220660062,0.1163133896926539,0.8638650890792873,0.09420931372807723,0.09218310131205394,0.8537651600265029,0.11137427220660062,0.12393802321417603
task844_financial_phrasebank_sentiment_analysis,0.849624060150376,0.0011807211844994767,0.10593329623169367,0.849624060150376,0.11925283963444872,0.06993866853561059,0.8076728413807066,0.19650990479305747,0.12159858659638578,0.849624060150376,0.0011807211844994767,0.10517787347667668,0.859775641025641,0.01353710567344767,0.05415070981864778,0.849624060150376,0.0011807211844994767,0.11078912452774914
task846_pubmed_qa_answer_verification,0.677938808373591,0.13770213967940112,0.06441413869194151,0.5793334052421529,0.4628080740492918,0.24541987370460697,0.3288590604026846,1.0204081632653061,0.49558875484261433,0.7694235588972431,0.04495304615352634,0.05920080014634535,0.7198879551820728,0.0477968965363923,0.009409336601340496,0.677938808373591,0.13770213967940112,0.06804141013931814
task848_pubmed_qa_intent_identification,0.4165398274987316,0.8131528964862299,0.35601727757690604,0.34210526315789475,0.9615384615384615,0.48887331797131106,0.34210526315789475,0.9615384615384615,0.49817976503258055,0.5577607593571352,0.41829639287266407,0.177427256792584,0.6006725514922235,0.315343258891646,0.1725939154103429,0.4165398274987316,0.8131528964862299,0.0628969009309781
task875_emotion_sentiment_analysis,0.4190058479532164,0.5628785281042699,0.15923835913378637,0.48452443613733936,0.44965974360733707,0.1414478356193103,0.5124085684430512,0.29041815720881137,0.12909345240724523,0.36093409586056646,0.7813167863699243,0.3606882502031605,0.500589448865311,0.28425635039972086,0.1192536744826955,0.4190058479532164,0.5628785281042699,0.13179502517009178
task879_schema_guided_dstc8_dialogue_act_recognition,0.8899009108197378,0.0738259867473351,0.12799466465708076,0.6178622120318812,0.48693293885601574,0.317295758285113,0.8383838383838383,0.15930250305250301,0.19537891244515734,0.8899889988998899,0.0513180639585134,0.09681823361892741,0.8899009108197378,0.0738259867473351,0.11272392776839643,0.8899009108197378,0.0738259867473351,0.13241531042297927
task880_schema_guided_dstc8_dialogue_act_recognition,0.05309734513274337,2.3529411764705883,0.6273274052864433,0.32238275579679937,0.7250270621739897,0.20764082454705327,0.23424899778951708,1.0525620108503921,0.291107303556831,0.17397800373521477,1.241319339421627,0.5099191185987693,0.4011870255348516,0.387536499500725,0.11533674136391622,0.05309734513274337,2.3529411764705883,0.14441635876176895
task881_schema_guided_dstc8_text_categorization,0.9559635298629754,0.07564652134787149,0.10608687460462274,0.9766666666666668,0.0510204081632653,0.04090459816462186,0.9909043927648579,0.018365472910927442,0.05287146741583894,0.7583411826268969,0.4018093779952365,0.3017491695052148,0.9766666666666668,0.0510204081632653,0.05947233710669517,0.9559635298629754,0.07564652134787149,0.10680000572446288
task888_rotten_tomatoe_sentiment_analysis,0.9299369432489241,0.048049451976520725,0.04207207041235558,0.9291426257718393,0.038526137170363434,0.004169614233671709,0.9188311688311688,0.050759644332423144,0.01081950175063931,0.9299369432489241,0.048049451976520725,0.03643258181441422,0.9299369432489241,0.048049451976520725,0.02604666606081868,0.9299369432489241,0.048049451976520725,0.031227569551401796
task889_go_emotions_sentiment_analysis,0.6274897651368241,0.31701247948594014,0.2033196048623545,0.6669540229885058,0.28827828655023663,0.134377199645166,0.5477823984526112,0.4155988711120002,0.24370945773723435,0.5873854073854075,0.38124930361340215,0.2464906523689362,0.66548744983081,0.21357398769298774,0.13564674754603712,0.6274897651368241,0.31701247948594014,0.1322268439272864
task902_deceptive_opinion_spam_dataset_sentiment_analysis,1.0,0.0,0.0027221139544263973,1.0,0.0,0.0009754652004756725,0.9599358974358975,0.038580246913580245,0.02561413576207125,1.0,0.0,0.002584208601196736,1.0,0.0,0.0014144676407085444,1.0,0.0,2.220446049250313e-15
task903_deceptive_opinion_spam_dataset_sentiment_analysis,0.9699729756781104,0.009086703674332508,0.0075071966122677025,0.9699729756781104,0.009086703674332508,0.0070748423778197456,0.9699729756781104,0.009086703674332508,0.0018519332190271576,0.9699729756781104,0.009086703674332508,0.007489735083557797,0.9699729756781104,0.009086703674332508,0.008205702467904225,0.9699729756781104,0.009086703674332508,4.558853294867049e-13
task904_hate_speech_offensive_toxic_language_detection,0.6264367816091954,0.32653119693747945,0.19526790127103655,0.3142361111111111,0.9473347411809414,0.4538373685170535,0.6127938894856189,0.3054076486746663,0.19681214736841382,0.6123012301230123,0.3231301399908452,0.21266221403373436,0.6542060706992605,0.27280999009615814,0.16487817834485585,0.6264367816091954,0.32653119693747945,0.15856881086753605
task905_hate_speech_offensive_toxic_language_detection,0.7493734335839599,0.09578544061302681,0.11358277910071268,0.8046875,0.18623092634867233,0.050468118617497476,0.7676734152007965,0.2385109434432874,0.0934615956821902,0.7591328783621036,0.08318209316394438,0.10472827594404488,0.7487689679429204,0.06841817186644776,0.08984818166158504,0.7493734335839599,0.09578544061302681,0.11059824724601353
task909_dialogre_speaker_identification,0.6028676933999579,0.3097788797409131,0.24061873890763175,0.7112029099932325,0.1437777056873217,0.1215263405171273,0.7100129085254943,0.18081128978753253,0.19189860494473468,0.6120612037918616,0.3437624716695384,0.1391504436588915,0.6876344086021505,0.1311932579195162,0.04465400642057879,0.6028676933999579,0.3097788797409131,0.24710570405608245
task923_event2mind_sentiment_analysis,0.3622222222222222,0.14012751743283838,0.022084709420456428,0.41543383759346203,0.3565190274859011,0.15533692608348998,0.3884690515758477,0.6333540640762046,0.34860289301728664,0.3814260563380281,0.07417902255675238,0.09799204469016143,0.3616600206764142,0.14012751743283838,0.010307602709594132,0.3622222222222222,0.14012751743283838,0.010316333342015788
task925_coached_conv_pref_speaker_identification,0.40828402366863903,0.7246376811594204,0.4303565096094885,0.9770220588235294,0.0147885241052943,0.05631885696233169,0.5324675324675324,0.5965532479010164,0.3182556060718197,0.8844820947246823,0.1595179014533853,0.26680210655893866,0.9882061563863663,0.016291951775822728,0.13293843584787104,0.40828402366863903,0.7246376811594204,0.2930210183780444
task929_generated_reviews_enth_sentiment_analysis,0.867007672634271,0.1326259946949602,0.05221149977876391,0.8787878787878788,0.07375437062937062,0.018519247561215257,0.8689384010484928,0.06354995579133513,0.010160967556055417,0.867007672634271,0.1326259946949602,0.052215879307923346,0.867007672634271,0.1326259946949602,0.048479214186243236,0.867007672634271,0.1326259946949602,0.04599956587242712
task935_defeasible_nli_atomic_textual_entailment,0.7362012987012987,0.20248613998614,0.15880832228825023,0.6807743795695603,0.2868357487922706,0.18825961699232593,0.8299829982998299,0.05213160333642263,0.02861872411322819,0.7575757575757576,0.17185391363022948,0.12774378256436333,0.7575757575757576,0.17185391363022948,0.13093562420765703,0.7362012987012987,0.20248613998614,0.11965989880090094
task936_defeasible_nli_atomic_textual_entailment,0.839421918908069,0.02886002886002885,0.07613458186590114,0.8585858585858586,0.016443504815597816,0.04298180518591632,0.8357963875205254,0.09139009139009138,0.07784243680768302,0.839421918908069,0.02886002886002885,0.07441861993943547,0.839421918908069,0.02886002886002885,0.07544849198249598,0.839421918908069,0.02886002886002885,0.06624732267221561
task937_defeasible_nli_atomic_textual_entailment,0.8164014687882497,0.09131613055260988,0.01149086532761115,0.8164014687882497,0.09131613055260988,0.015725769815671947,0.7992773986350863,0.005032206119162663,0.07506925638132711,0.8164014687882497,0.09131613055260988,0.007430166861854159,0.8164014687882497,0.09131613055260988,0.017058305033182508,0.8164014687882497,0.09131613055260988,0.005407836050917242
