,macro_f1,rsd,bias_score,cc_macro_f1,cc_rsd,cc_bias_score,dc_macro_f1,dc_rsd,dc_bias_score,looc_macro_f1,looc_rsd,looc_bias_score,affine_macro_f1,affine_rsd,affine_bias_score,temp_macro_f1,temp_rsd,temp_bias_score
task050_multirc_answerability_classification,0.7028862478777589,0.2743208885320488,0.11366802207829374,0.68,0.06021678040947416,0.012141178019132726,0.6510673234811166,0.30351690327603614,0.10495448047243788,0.7085720028137876,0.03873098082675093,0.023707095059488204,0.7181964573268921,0.05129577590436688,0.008533679776294156,0.7028862478777589,0.2743208885320488,0.09459953800825116
task056_multirc_answer_verification,0.3759590792838875,1.0225885225885227,0.1736742295606888,0.5558672276764843,0.21441372247823862,0.06298109255180817,0.5967181198720624,0.38005812653699983,0.11048836292031974,0.5396419437340154,0.20743145743145744,0.024493200339870014,0.5308037535699714,0.22413286302175192,0.030504596331023343,0.3759590792838875,1.0225885225885227,0.019525126787787173
task065_timetravel_coherence_classification,0.7097387648883995,0.08238533766702784,0.040283172397610256,0.3605015673981191,0.9599031920460492,0.17953135711493776,0.6419437340153453,0.27120315581854043,0.06809292301040276,0.6989160979526294,0.045787545787545784,0.002821722486515743,0.6897207486738064,0.003483835005574124,0.007486020659888765,0.7097387648883995,0.08238533766702784,0.08768286584299997
task066_timetravel_coherence_classification,0.7726333195535345,0.11238761238761238,0.039939680995507654,0.7726333195535345,0.11238761238761238,0.05154114422364092,0.587178241864983,0.5239079102715466,0.22488450196409077,0.7726333195535345,0.11238761238761238,0.043493104918514935,0.7681217864704104,0.0031624219935907807,0.012788509089610878,0.7726333195535345,0.11238761238761238,0.06506132316211774
task069_abductive_nli_coherence_classification,0.6006725514922235,0.416337524766579,0.05104080257309884,0.34043632673769664,1.0220125786163523,0.19875716470660948,0.6347402597402598,0.24839421918908064,0.02850992705416866,0.6254681647940075,0.23545079747408132,0.02620172036542895,0.6794871794871795,0.0011807211844995092,0.000926141802208208,0.6006725514922235,0.416337524766579,0.10913381186895363
task070_abductive_nli_coherence_classification,0.4357638888888889,0.6676060118089104,0.031166044100544354,0.35064935064935066,0.9259259259259258,0.16654179545833597,0.42994299429942995,0.057109688050031825,0.0022638785507831383,0.44920440636474906,0.22579290065112373,0.007731425285086857,0.4190705128205128,0.015336247220305193,0.0005179800784542998,0.4357638888888889,0.6676060118089104,0.0031430245469712126
task073_commonsenseqa_question_answering,0.5910730417660701,0.1797698271556714,0.1422665119161611,0.5555219880821598,0.2239609755813766,0.13221561870831736,0.6184647596412303,0.1792529749405512,0.03711367249164521,0.5420105820105819,0.2808559954785067,0.1450465314359008,0.6128205128205128,0.14141677310933629,0.029409872535864023,0.5910730417660701,0.1797698271556714,0.16352066455059847
task083_babi_question_answering,0.7597033319444185,0.2315915962882417,0.13092351789153392,0.776046176046176,0.29954283617059446,0.2258743074458902,0.7991732804232804,0.20144051386416328,0.17484214806258458,0.8660367182534671,0.073879816674069,0.11143450308429467,0.8206074808897389,0.17049385350264143,0.04791733454865191,0.7597033319444185,0.2315915962882417,0.16215146454030882
task092_synthetic_mathematics,0.7987117552334944,0.061576354679802936,0.055082129883427144,0.7987117552334944,0.061576354679802936,0.054847399743594843,0.7694235588972431,0.0975625359861813,0.029120825235312786,0.7799119647859143,0.13788893099237923,0.003873945481444707,0.7799119647859143,0.13788893099237923,0.02867224620200165,0.7987117552334944,0.061576354679802936,0.0641446492065543
task104_semeval_2019_task_10_question_answering,0.28841616022256933,0.42346597272070513,0.06855173201046949,0.275613999527043,0.3554792947484208,0.0923609504897733,0.2845282645282645,0.4511450881728116,0.036711831777138326,0.2780295566502463,0.32508480760435204,0.046880145821030075,0.2743768512189565,0.4064124854448519,0.018241007424816297,0.28841616022256933,0.42346597272070513,0.048269469166010104
task106_scruples_ethics_classification,0.46567194273616297,0.23186033824331703,0.04725436019481849,0.5571658615136876,0.10302197802197804,0.026196493790266118,0.6216897856242118,0.3042367788461538,0.05331983502113907,0.5824175824175825,0.444582299421009,0.10351327938397054,0.5383380168606985,0.07122507122507117,0.0031581636163573734,0.46567194273616297,0.23186033824331703,0.005509284807096559
task108_cad_toxic_language_detection,0.69558599695586,0.20493943191311612,0.01741688132515415,0.6072757337742869,0.18561187916026622,0.17929278724745623,0.69558599695586,0.20493943191311612,0.02196133884066459,0.6381727725011307,0.07440476190476196,0.0681571077603593,0.6381727725011307,0.07440476190476196,0.09726286742659887,0.69558599695586,0.20493943191311612,0.008360466735740896
task109_sms_spam_collection_v.1_spam_classification,0.8190863862505653,0.09776259776259781,0.11538616744568889,0.7425997425997426,0.17917715286136343,0.1530316531404059,0.9480249480249481,0.02598752598752599,0.007633606423567141,0.9480249480249481,0.02598752598752599,0.020373845814154273,0.8391544117647058,0.07977566117101001,0.08094941075860385,0.8190863862505653,0.09776259776259781,0.13393855129951415
task1135_x_csr_question_answering,0.5352123384381449,0.27170443521805027,0.06711820473450551,0.48251468860164515,0.5034289601293763,0.17785082294249976,0.5296186254534316,0.3871275939301238,0.07677074252814807,0.43931413291351706,0.44109257875046565,0.12072884600818592,0.555250553239208,0.15089200838349245,0.014913244745846904,0.5352123384381449,0.27170443521805027,0.06513018661265288
task115_help!_need_advice_on_identifying_advice_text_categorization,0.5037482842360892,0.5172728101358126,0.14978501890204332,0.5331465919701214,0.4281949934123847,0.13406905236509248,0.3150684931506849,1.0869565217391304,0.3220793947231768,0.5974235104669887,0.21470746108427266,0.07204807255281437,0.5993589743589745,0.14761137949543748,0.035613397096465826,0.5037482842360892,0.5172728101358126,0.053115848168487356
task1162_coda_19_text_matching,0.34210526315789475,0.9615384615384615,0.3920044453395046,0.34210526315789475,0.9615384615384615,0.3925980414168752,0.3197278911564626,1.0416666666666667,0.27936305403252426,0.36477902419245845,0.9237421383647799,0.266704974771531,0.5463252343986289,0.12383449883449883,0.011907310833180251,0.34210526315789475,0.9615384615384615,0.0537880398586747
task1163_coda_19_section_classification,0.4294818085140666,0.5538792720395035,0.1768638369105533,0.3228338215832979,0.8870825394643277,0.26773707595473684,0.5766967069194109,0.2970832958697287,0.0780660997187016,0.49886039076515776,0.38032054316892,0.08742467695125099,0.5466600199401794,0.06981844554236181,0.004846657927232351,0.4294818085140666,0.5538792720395035,0.15953965956043129
task1164_coda_19_section_classification,0.363606946391975,1.0183773712737128,0.20174816766680637,0.41927990708478513,0.8584104938271604,0.15661066419386255,0.4324282865470164,0.7123567019400352,0.1436545013990545,0.5577607593571352,0.19273775894538608,0.004866857607569219,0.5087719298245614,0.19744008714596945,0.02905524081799707,0.363606946391975,1.0183773712737128,0.02259897672729519
task116_com2sense_commonsense_classification,0.5793334052421529,0.4628080740492918,0.03222981660362889,0.5796553173602353,0.3468053888221956,0.10868704538757148,0.3814975654691407,0.9048902579899883,0.34619921548813726,0.5098039215686274,0.5516492311210198,0.15350244577156608,0.5896306676008407,0.030859801547737726,0.004180905897469861,0.5793334052421529,0.4628080740492918,0.023178576185142574
task1186_human_ratings_of_natural_language_generation_outputs_text_quality_evaluation,0.7126436781609196,0.0838659957387007,0.026488307764639396,0.6794871794871795,0.08279933760529917,0.04629832949306767,0.4791666666666667,0.7126781695423856,0.16517728540386512,0.5989304812834224,0.3671970624235006,0.041218293275570694,0.7126436781609196,0.0838659957387007,0.004939117948420224,0.7126436781609196,0.0838659957387007,0.01724125073117566
task1187_liar_text_categorization,0.5920032639738881,0.3153515834675255,0.10309728258063139,0.7266929851199515,0.07114022897227187,0.031000769862195132,0.64349376114082,0.39310410154399916,0.1480763326930113,0.6991389148251893,0.18881404368238422,0.058799768375524836,0.7286704853783539,0.015992764652681266,0.008647017994874662,0.5920032639738881,0.3153515834675255,0.11575167633276323
task1196_atomic_commonsense_classification,0.49541756770672435,0.2549651100375738,0.044669814895847204,0.3922393641888733,0.8772812667740205,0.10177491348267564,0.4812328349099786,0.18649972066121132,0.03860608008777322,0.3776613167376351,0.7592779837471445,0.04885636880553912,0.43977591036414565,0.03476796955057821,0.002045900888583141,0.49541756770672435,0.2549651100375738,0.004563070971737776
task1197_atomic_commonsense_classification,0.40711462450592883,0.7912915463450542,0.172259475641883,0.56,0.1642036124794745,0.0054050013528456065,0.4276736617663562,0.526959552293824,0.06460422814887304,0.5276856597326902,0.028658177649719632,0.01466481477344772,0.5261619114830124,0.010069089444496016,0.008521129973213082,0.40711462450592883,0.7912915463450542,0.018485667884984763
task1198_atomic_commonsense_classification,0.3630573248407643,0.8196721311475411,0.20704429538773905,0.49541756770672435,0.5814768109850077,0.06897202946613654,0.37888198757763975,0.7821413559118476,0.17509368023545455,0.5261619114830124,0.05274136112366856,0.010572860307212995,0.5396419437340154,0.055409071802514434,0.006787035543215386,0.3630573248407643,0.8196721311475411,0.16511253394534586
task1199_atomic_commonsense_classification,0.5164835164835164,0.2590266875981161,0.06415209432511812,0.4373401534526854,0.6959706959706959,0.09379325108295872,0.5164835164835164,0.2590266875981161,0.05590428742523068,0.4967793880837359,0.5054945054945056,0.06392766027565003,0.5625,0.04926108374384239,0.009118326129446686,0.5164835164835164,0.2590266875981161,0.09493357310949974
task1200_atomic_commonsense_classification,0.44821731748726656,0.3671970624235006,0.03713143870680802,0.45211038961038963,0.4088836854522555,0.05384388932435591,0.46236559139784944,0.5749731779923538,0.07686051693719459,0.45054945054945056,0.46919624643002855,0.051609324286435554,0.4967793880837359,0.020399836801305637,0.01116698276501868,0.44821731748726656,0.3671970624235006,0.003852118234277835
task1201_atomic_commonsense_classification,0.44862155388471175,0.5100758832102116,0.048474550839872954,0.43797671617824163,0.2302536902265532,0.007847868777262124,0.48546794604366567,0.566790865298328,0.14381298131045922,0.46576007770762506,0.4635911352329263,0.11120363155949198,0.44191814799503926,0.05801034353922087,0.0003702164567542521,0.44862155388471175,0.5100758832102116,0.005036057511052239
task1202_atomic_commonsense_classification,0.37888198757763975,0.7821413559118476,0.08299575333745018,0.3993993993993994,0.8521533111697046,0.12226804671903282,0.6011396011396011,0.33465903579396644,0.026547468798968132,0.5460679671205987,0.4860652401636008,0.04483399713682901,0.595959595959596,0.05604595768530202,0.004793328913679257,0.37888198757763975,0.7821413559118476,0.13804429410557478
task1203_atomic_commonsense_classification,0.5555555555555556,0.5315301351106978,0.095328534487887,0.6239316239316239,0.22547689360683212,0.02679940735457298,0.5555555555555556,0.5315301351106978,0.1045163195762202,0.6493688639551192,0.24828113063407187,0.041289998677503686,0.6100164203612479,0.06900120752113163,0.008057612464066888,0.5555555555555556,0.5315301351106978,0.19268815024220998
task1204_atomic_commonsense_classification,0.27472527472527475,1.1584204930395865,0.13339062437189125,0.46357989836250707,0.6840770722314878,0.12662598879160994,0.47482236638863146,0.1333950982662927,0.00406620553438497,0.36485532815808047,0.48680458516524094,0.06796564933206994,0.42534529690492995,0.011241776396179789,0.006712542663881604,0.27472527472527475,1.1584204930395865,0.041958307730641964
task1205_atomic_commonsense_classification,0.3197278911564626,1.0638297872340425,0.1876579413219704,0.565936337329475,0.25124932515677123,0.02250447535280542,0.4725274725274725,0.6392242843467251,0.07141682062271848,0.5689655172413793,0.33707554091280334,0.032657838204536105,0.5699569956995699,0.042609534675709736,0.0020793099169764684,0.3197278911564626,1.0638297872340425,0.03663999239234425
task1206_atomic_commonsense_classification,0.2907801418439716,1.1627906976744187,0.1433802264105759,0.44191814799503926,0.2563283841555354,0.058173986019137924,0.32744850777637663,0.7661272043156989,0.04961994211604148,0.3006993006993007,1.1627906976744187,0.24648684314343064,0.468671679197995,0.03428908738942855,0.008902172717946133,0.2907801418439716,1.1627906976744187,0.01570091053234554
task1207_atomic_commonsense_classification,0.46576007770762506,0.6743156199677939,0.08506375994276016,0.50997150997151,0.6985055230669266,0.1169699242653083,0.8098288459613652,0.04323969702391601,0.018504139076294,0.7863899908452854,0.08510161234432012,0.0033041397652541216,0.7996794871794872,0.03019323671497584,0.0010888433692000654,0.46576007770762506,0.6743156199677939,0.10350624368426425
task1208_atomic_commonsense_classification,0.2805755395683453,1.282051282051282,0.27063047526816253,0.468671679197995,0.342983374026276,0.026431907001879473,0.34210526315789475,0.8948917059357093,0.10010350686202313,0.49919871794871795,0.14712063892391763,0.01597307586260671,0.49919871794871795,0.14712063892391763,0.019126373996177087,0.2805755395683453,1.282051282051282,0.03282090978232177
task1209_atomic_commonsense_classification,0.3464052287581699,0.9433962264150942,0.29385501810134723,0.5,0.631930120848849,0.13427668556028902,0.4479205005520795,0.7244261158351885,0.16520207176909063,0.5766488413547237,0.45777702956449673,0.08098386954366024,0.6692848284415047,0.2054454861029117,0.007868267428845721,0.3464052287581699,0.9433962264150942,0.06788517777675818
task1210_atomic_commonsense_classification,0.5459824728117411,0.6030475112958088,0.12841826814417415,0.7925537722458784,0.18398583232536653,0.08766426930332055,0.8585858585858586,0.06585461991789804,0.04241601980409146,0.8867263927504891,0.011379946212335887,0.01567144787036301,0.867007672634271,0.007840230360222933,0.002949383649656745,0.5459824728117411,0.6030475112958088,0.12546489910761477
task1211_atomic_commonsense_classification,0.5452666391070691,0.2429836668967104,0.026173908161313653,0.5993589743589745,0.14761137949543748,0.05821578170310221,0.5353535353535354,0.10586270650682884,0.0023754063092327193,0.3985139757046821,0.7205297577968386,0.1456588346711422,0.5477841422972565,0.04757722149026498,0.00031056219226449633,0.5452666391070691,0.2429836668967104,0.01794373624245879
task1212_atomic_commonsense_classification,0.39884676726781987,0.9064002959674435,0.17896423350332785,0.696969696969697,0.2035900670986982,0.03867660519137586,0.5442708333333334,0.5447196112903003,0.1163842364118231,0.6956168831168831,0.23226472443654303,0.05566465057505926,0.7293233082706767,0.12895739731526648,0.0021789610109992363,0.39884676726781987,0.9064002959674435,0.15472198591945308
task1213_atomic_commonsense_classification,0.4121863799283154,0.8080409932991723,0.22419233348021692,0.539413080668509,0.6261180679785331,0.14062970053979124,0.5941146626078133,0.5471956224350205,0.12756411248352692,0.6906666666666667,0.21635319875187478,0.0594077253094587,0.7126436781609196,0.0838659957387007,0.008265729503228403,0.4121863799283154,0.8080409932991723,0.13687655350084105
task1214_atomic_commonsense_classification,0.37888198757763975,0.819672131147541,0.17141303131641694,0.4800309768779732,0.38346538501193617,0.021908034508782537,0.44,0.674725688857967,0.06458656093904308,0.4692770373864843,0.5139669074095302,0.0458420054405817,0.483753416337686,0.0047181546010585836,0.0016746091631861804,0.37888198757763975,0.819672131147541,0.14730753086874077
task1215_atomic_commonsense_classification,0.3333333333333333,1.0,0.3369763404686209,0.5777983729790959,0.288135593220339,0.10124443271453532,0.3743099006256901,0.8775510204081632,0.2195689515007485,0.5738636363636364,0.2068965517241379,0.07225300806626372,0.5647332725984411,0.19298245614035092,0.020791125618328743,0.3333333333333333,1.0,0.12924407796974846
task1216_atomic_commonsense_classification,0.3503118503118503,0.9803921568627452,0.19523610721612858,0.5960257670051315,0.48050966418313357,0.0902106398946938,0.7106242248863166,0.27010804321728693,0.05308160272038209,0.7584541062801933,0.12531328320802004,0.03691041964384806,0.7796474358974359,0.07131057551225622,0.02277979802273733,0.3503118503118503,0.9803921568627452,0.08853813162363186
task1283_human_ratings_of_natural_language_generation_outputs_text_quality_evaluation,0.6691729323308271,0.05464872516170648,0.005168010764616093,0.595959595959596,0.18674136321195148,0.0296370647786921,0.48574100046750823,0.658834962556451,0.14609156535644385,0.6697027324592133,0.02478603381651172,0.009669044556013029,0.6753246753246753,0.15653320151590047,0.00741418865510779,0.6691729323308271,0.05464872516170648,0.002458445372197915
task1284_human_ratings_of_natural_language_generation_outputs_text_quality_evaluation,0.6532027743778049,0.1526708270987677,0.015196445831479943,0.6871966346672419,0.3214388700731083,0.06037949337767004,0.6970037032880709,0.39347129116875545,0.10025261077137537,0.6923076923076923,0.35795530576742945,0.08882065641990378,0.6439833180754755,0.1405058209554395,0.009552717279786904,0.6532027743778049,0.1526708270987677,0.08889906010681226
task1289_trec_question_understanding,0.24207397805402722,1.955706322568984,0.3284374523969239,0.6595908573462249,0.4210514406005779,0.14165324298710663,0.5840899087079053,0.4763066827228262,0.16096654095565144,0.7157046952813401,0.15536047904490607,0.13582657620411026,0.6720319894339503,0.254938695762307,0.05863201011534028,0.24207397805402722,1.955706322568984,0.2612765780139934
task1308_multilingual_amazon_reviews_text_categorization,0.3333333333333333,0.9803921568627451,0.1680584984103482,0.6198479391756703,0.052278976106571604,0.005375521733375743,0.3710691823899371,0.9419454056132257,0.17578590428200058,0.5953937130407718,0.3316080530572885,0.03322887011773673,0.6,0.02000800320128051,0.005757592691493452,0.3333333333333333,0.9803921568627451,0.018078497471351485
task1309_multilingual_amazon_reviews_summarization,0.7756017951856384,0.26115859449192785,0.14245248436394253,0.8881090428237208,0.06649297074309285,0.016672641699021024,0.776,0.23797876026824835,0.0973828783792694,0.8886526976414617,0.043876314027755166,0.028066418636698065,0.8897243107769424,0.023973656118257955,0.028425221576074994,0.7756017951856384,0.26115859449192785,0.17690829115056525
task1310_multilingual_amazon_reviews_sentiment_analysis,0.5795038295038295,0.39304749705936515,0.12449367393245911,0.5968446330233818,0.3685138273572602,0.11412761140021202,0.5652599665143219,0.2667674937383254,0.06474569477802966,0.5618041828762192,0.37296322435826434,0.10181097280533455,0.5669138369138369,0.3814394719475798,0.036213346015558465,0.5795038295038295,0.39304749705936515,0.13205508842911895
task1311_multilingual_amazon_reviews_sentiment_analysis,0.6124031007751938,0.2970491481317818,0.08329461046808981,0.7817995122577333,0.1347857182153271,0.05073916278124685,0.8192184675288555,0.18923820687322493,0.0865382899671524,0.6547756041426928,0.18590457151078704,0.05466192096059844,0.6124031007751938,0.2970491481317818,0.03881951240190262,0.6124031007751938,0.2970491481317818,0.053295043593209385
task1312_multilingual_amazon_reviews_sentiment_analysis,0.9598554797270173,0.04251700680272108,0.07068074493046153,0.9598554797270173,0.04251700680272108,0.06134571199879854,0.96999699969997,0.009694599489280222,0.044129970964998044,0.9598554797270173,0.04251700680272108,0.06572624032365126,0.9699248120300752,0.031559015358720785,0.0179026001256562,0.9598554797270173,0.04251700680272108,0.0016963480435497336
task1313_multilingual_amazon_reviews_sentiment_analysis,0.9583333333333333,0.029282072481741767,0.02173971912397582,0.969309462915601,0.02621002970470032,0.07207617775846109,0.7171717171717171,0.3295668549905838,0.16125722039266696,0.9688764394646747,0.016407904774487246,0.0064999160008450685,0.9793303017775941,0.00379647518370725,0.027542477387888925,0.9583333333333333,0.029282072481741767,0.03102546849832613
task1328_question_&_answer_zre_question_understanding,0.6015891515891516,0.6502001777899995,0.33088751349841217,0.68911484184317,0.5464989344284297,0.24308401163605892,0.7165216727716728,0.5076337694595855,0.17764192773311036,0.5513192825692825,0.7101125982992941,0.32242872955317703,0.7636359011359012,0.4209958683341855,0.1147816079729642,0.6015891515891516,0.6502001777899995,0.32893959757012503
task1336_equity_evaluation_corpus_gender_classification,1.0,0.0,0.00039947221444264214,0.9899749373433584,0.01052188552188554,0.05586021433550342,1.0,0.0,0.02049863486566489,1.0,0.0,0.00045212249531403903,1.0,0.0,0.017403850573882274,1.0,0.0,1.896658077815694e-08
task1338_equity_evaluation_corpus_sentiment_analysis,0.8747110032824319,0.11733773719273355,0.1169775851020761,0.8028771026748782,0.2541501890185567,0.1911154644460885,0.8320158102766799,0.20381194704041874,0.15086915967704478,0.9128458498023715,0.10452260192836423,0.07408009076885792,0.8935185185185186,0.10093871194639828,0.05265711829839856,0.8747110032824319,0.11733773719273355,0.10972367297217113
task133_winowhy_coreference_resolution,0.6176572818908586,0.47528060182180876,0.1782652015249176,0.6782496782496783,0.29330572808833677,0.06986520243421857,0.39180970401405596,0.8527302005562875,0.37038644574719826,0.7362012987012987,0.08269138703921312,0.019762190121079853,0.7013695808876532,0.1604635866730171,0.03705891647516474,0.6176572818908586,0.47528060182180876,0.03315330553186202
task1344_rte_textual_entailment,0.6753246753246753,0.21681749622926097,0.07452224001386581,0.6009060511271707,0.4693223443223443,0.14868731518530048,0.45238095238095233,0.7819919278252611,0.21880802853632275,0.7493734335839599,0.026709401709401764,0.01299579628408179,0.7099709970997099,0.025957024196460805,0.007877003988593478,0.6753246753246753,0.21681749622926097,0.08859468625093861
task1346_cola_grammar_error_detection,0.7099709970997099,0.05417118093174428,0.006220700781260441,0.6368917937545389,0.3328402366863905,0.10144790458249114,0.43227899432278993,0.7667169431875314,0.17575739432162446,0.7092731829573935,0.1105994944023113,0.028438787881814698,0.7099709970997099,0.05417118093174428,0.005305645414938609,0.7099709970997099,0.05417118093174428,0.011914089266786665
task1347_sts_b_text_matching,0.1997957516339869,1.226687867916566,0.09340253825001074,0.3087723921133532,0.9127728725698383,0.036034003109136695,0.13919997072170984,1.5024382769396567,0.11846145923014496,0.3140748060313278,0.8207979761122369,0.014701814149805328,0.3048049620630266,0.8152017425581766,0.02436395101230293,0.1997957516339869,1.226687867916566,0.16780021940165968
task1354_sentence_compression_text_matching,0.9799679487179487,0.01925298421255294,0.02268068554241176,0.9899749373433584,0.009529254812273678,0.034039051844972024,0.45426195426195426,0.7703595011005135,0.3298216087478372,0.9899749373433584,0.009529254812273678,0.04287200164109539,0.959983993597439,0.03930817610062892,0.013802926110337649,0.9799679487179487,0.01925298421255294,0.007739643374502753
task1361_movie_rationales_sentiment_analysis,0.7742200328407225,0.24552103879026954,0.16768762014626717,0.8894583458948849,0.03871362719677331,0.027359762335422477,0.8799519807923168,0.017300407925407928,0.0057025029611572076,0.8699869986998701,0.028551429413498405,0.030619306764938348,0.859775641025641,0.08665026833631487,0.06394466107104327,0.7742200328407225,0.24552103879026954,0.1446437411917532
task1384_deal_or_no_dialog_dialogue_state_tracking,0.7970573313039067,0.1334561602418745,0.044638091766994514,0.7432085416948236,0.23515579071134624,0.0978333832756566,0.7970573313039067,0.1334561602418745,0.04978982617223052,0.76,0.2105110336817654,0.08298706127492841,0.7194478734148805,0.0,0.015594743303055603,0.7970573313039067,0.1334561602418745,0.07627133644013151
task1391_winogrande_coreference_resolution,0.5889724310776943,0.03576931543033242,0.033355568768852845,0.6032956972841013,0.33798169044070686,0.13715327913091394,0.62,0.12175324675324677,0.05391689943695516,0.62,0.12175324675324677,0.05930310954551621,0.6198479391756703,0.08902387934645997,0.02483903302754409,0.5889724310776943,0.03576931543033242,0.034279462399692706
task1393_copa_cause_effect_classification,0.7406369955389562,0.23342670401493928,0.07200586385086738,0.7742200328407225,0.18520228604262212,0.0575221500381341,0.7406369955389562,0.23342670401493928,0.06873127478531468,0.769792813532179,0.01896862641160363,0.019443048567189675,0.7688674505074866,0.07093746589544905,0.0022275351429794643,0.7406369955389562,0.23342670401493928,0.09716179239509543
task1408_dart_text_matching,0.3197278911564626,1.0638297872340425,0.10199497045717859,0.3464052287581699,0.9433962264150942,0.16289186667917527,0.4341360705355968,0.8025382605449796,0.0904527323508178,0.5098039215686274,0.6337099271663703,0.054483229931869825,0.5793269230769231,0.00899790971635814,0.0006136093949341004,0.3197278911564626,1.0638297872340425,0.12758713889391304
task1418_bless_word_relation_classification,0.23167424932831682,1.054147518385601,0.3750930875197442,0.40539961944996267,0.6363831391880282,0.11261827303242966,0.47366569468018743,0.32909100554003506,0.07864059290886401,0.46666173430879315,0.5249345097502087,0.08304493507515909,0.512263988844611,0.3903256025805793,0.03846472271645138,0.23167424932831682,1.054147518385601,0.17519640836130598
task1429_evalution_word_relation_classification,0.26956026429710644,0.9860986104937624,0.23038092338895494,0.2643523143523143,0.8827641355021897,0.19144307868060478,0.3628767228767229,0.7288499153845329,0.12438026699378592,0.31763389589476543,0.6779596688704788,0.17747610946029857,0.38905429687612125,0.6253381860658843,0.03287580679160641,0.26956026429710644,0.9860986104937624,0.2368009818366235
task1431_head_qa_question_answering,0.4904443382704253,0.1969757574825203,0.07845923625793455,0.47352251596733774,0.48183373556530507,0.10119687716682692,0.547279492034334,0.10670798097975158,0.04696078664812442,0.3935685657425834,0.6478844807099936,0.1514081985797895,0.558530626461661,0.2097532916311223,0.03038543508306378,0.4904443382704253,0.1969757574825203,0.11658800615039876
task1434_head_qa_text_categorization,0.09619883040935673,1.5268163064567613,0.5606239461329379,0.585407206742346,0.39654223824895474,0.16512686378636476,0.5437739910779126,0.370790194764206,0.16497516098978823,0.4512477718360072,0.31757915494589156,0.1935953322422308,0.5494935347876525,0.35814350951616386,0.05049241775492824,0.09619883040935673,1.5268163064567613,0.21799851871769674
task1439_doqa_answerability_classification,0.4472917294744247,0.11574074074074076,0.008058530190606428,0.36000000000000004,0.9230152859960552,0.09636602111594489,0.3200582807187955,0.9961392773892774,0.13432174943756342,0.4391025641025641,0.050990675990676,0.014752455791641028,0.41976790716286516,0.007631257631257604,0.0004087691223486345,0.4472917294744247,0.11574074074074076,0.0007131884697784141
task1442_doqa_answerability_classification,0.29411764705882354,1.4453288646837033,0.14547608205703466,0.5463618218109236,0.49877658573310746,0.16741408763643592,0.4318181818181818,0.6493506493506493,0.27334415726338007,0.5191815856777494,0.3627627499653751,0.03254357607743508,0.5066495066495067,0.08260660434573486,0.015329199144677258,0.29411764705882354,1.4453288646837033,0.015658116167544728
task1488_news_headlines_dataset_for_sarcasm_detection_text_categorization,0.32432432432432434,1.0416666666666667,0.2771744958294125,0.34210526315789475,0.9615384615384615,0.40216768144341686,0.6736026111791106,0.24627639517345393,0.0026484456337176887,0.5164835164835164,0.5766369047619048,0.0641040617506505,0.62,0.0400641025641026,0.013069600264603437,0.32432432432432434,1.0416666666666667,0.03719543282881693
task1495_ade_corpus_v2_text_categorization,0.3710691823899371,0.9419454056132257,0.2102074393147548,0.5924495924495925,0.39951464456750446,0.11759674544975798,0.72997299729973,0.006303891419581574,0.02731660259278182,0.6991389148251893,0.2877207220916536,0.06033483709866172,0.7099709970997099,0.03409814630077385,0.010383554026051539,0.3710691823899371,0.9419454056132257,0.0743603216540161
task1500_dstc3_dialogue_state_tracking,0.2654195011337869,1.2706938441020679,0.3487297569521561,0.6972356576803778,0.4774508529203878,0.1385858649514935,0.693680709534368,0.4775238369557445,0.07947568229278992,0.7398256758835122,0.32290837245534487,0.06164124309454383,0.7865815012873836,0.1783293694180654,0.032700199104211736,0.2654195011337869,1.2706938441020679,0.3196996781780128
task1501_dstc3_dialogue_state_tracking,0.62996299629963,0.31222745508459787,0.04383461780733014,0.3030202456023896,1.2503712503712503,0.21313798463664824,0.6828644501278772,0.09077878643096035,0.004044446023532183,0.5664885573142454,0.503181029496819,0.07266052086080366,0.6783898744683059,0.027074374900461842,0.010721458992796307,0.62996299629963,0.31222745508459787,0.004820769802149627
task1502_hatexplain_toxic_language_detection,0.1953216374269006,1.2572028871123044,0.42427151692703313,0.3284753047607429,0.9774035413506534,0.23757323879075853,0.5904267739710778,0.4305237433071511,0.07649017089636331,0.6079641733236504,0.24603879123421238,0.039877039842711376,0.5953453453453453,0.188245399336653,0.05905029592871883,0.1953216374269006,1.2572028871123044,0.12051972864285695
task1503_hatexplain_toxic_language_detection,0.3531751693812536,0.8445838016579102,0.45626371884803324,0.6428746087671919,0.4184935369640344,0.13371203939692813,0.6542947013999646,0.394122793917909,0.12298081807052424,0.5143459610564873,0.5092256184222945,0.2576023417234849,0.6423641173641174,0.39039610651884693,0.10334319388914817,0.3531751693812536,0.8445838016579102,0.3543008067672842
task1505_root09_word_relation_classification,0.1786660935597106,1.3837086028822236,0.23837266323382655,0.4008397932816537,0.6156565084405141,0.12003886830724135,0.47477797721700155,0.11012367905057402,0.035537343678032934,0.5531846557777819,0.34743675197654383,0.06497810346274563,0.513504176873312,0.1179218934636768,0.01744346572899308,0.1786660935597106,1.3837086028822236,0.03440104545485628
task1516_imppres_textual_entailment,0.14583333333333334,1.6835875742536843,0.38963338417798754,0.4076778716122978,0.821649477343002,0.10931897991598832,0.44421749459151966,0.6732383132856212,0.11137058554761874,0.6045440398381575,0.09065936753746079,0.04659035609602111,0.666489260078059,0.16115915873332576,0.07395875308506591,0.14583333333333334,1.6835875742536843,0.0442891428416822
task1517_limit_information_extraction,0.6640018537828757,0.3887461858051614,0.10551667075920823,0.6834011759384894,0.33886395575502065,0.08427299023251072,0.42984285912946735,0.7734649987206882,0.24436927798885422,0.7103386809269162,0.2982786948515223,0.041707857223246436,0.7291666666666667,0.13287461267877426,0.015161831856230434,0.6640018537828757,0.3887461858051614,0.06641515851089547
task1529_scitailv1.1_textual_entailment,0.5558672276764843,0.6129032258064516,0.22714960778272314,0.5906626839252129,0.49206349206349204,0.14902515670067712,0.39673982800667434,0.8867924528301887,0.33743930767852603,0.696969696969697,0.1428571428571429,0.01223351727007227,0.7050147492625369,0.18309859154929578,0.05416434169200096,0.5558672276764843,0.6129032258064516,0.059684534809097745
task1531_dailydialog_dialogue_act_recognition,0.06896551724137931,2.7063293868263707,0.4442059611104968,0.4901336928435007,0.4698254394110261,0.12338985029910172,0.4967968097046111,0.4212121510123447,0.09298144687966392,0.4750132180798741,0.4049873966257151,0.15143427040535481,0.5906199677938808,0.18888077706735393,0.03669092035671004,0.06896551724137931,2.7063293868263707,0.0948335918871152
task1533_dailydialog_dialogue_act_recognition,0.6880570409982174,0.005511463844797159,0.05551982209470552,0.630450849963045,0.10683760683760679,0.07584686571076255,0.2781671722983576,1.385688684075781,0.22360872305233914,0.7103464256748928,0.06613756613756612,0.01952815819932807,0.6703296703296704,0.01417233560090706,0.00819952617488004,0.6880570409982174,0.005511463844797159,0.005865580468282672
task1534_dailydialog_dialogue_act_recognition,0.539894512400404,0.5395378490379203,0.05128056282562388,0.45436507936507936,0.7660206939918823,0.09214143208869019,0.5261619114830124,0.18988727566498298,0.03734115144102956,0.584,0.38999206239872997,0.029424561893391737,0.6175523349436394,0.10907588841988414,0.0010766576839776054,0.539894512400404,0.5395378490379203,0.023204512457672632
task1535_dailydialog_sentiment_analysis,0.6,0.02000800320128051,0.017082846964714515,0.5899589958995899,0.003052068284941071,0.021977425077257418,0.48717948717948717,0.6566262868783878,0.0886027719773145,0.5444883085332524,0.22008803521408557,0.009647281269911684,0.5899589958995899,0.003052068284941071,0.003856620062999666,0.6,0.02000800320128051,0.03702818318743531
task1536_dailydialog_sentiment_analysis,0.6710093433346493,0.11050833835643958,0.0035050492743547157,0.6129032258064516,0.26133914637469347,0.04733006105906146,0.49541756770672435,0.37170986538075146,0.11267324891418345,0.6165055990182544,0.31143258991360256,0.06553010239611667,0.5703301673450927,0.04763849190145633,0.01333783776574432,0.6710093433346493,0.11050833835643958,0.003961954314336658
task1541_ag_news_text_categorization,0.7781779836670397,0.1890050202899487,0.07118099908576574,0.8142111740946834,0.14087224838807327,0.041728427145032526,0.7010489510489512,0.2547426163547251,0.15421737186188778,0.7783871882086167,0.1649056314750442,0.037342843959978875,0.7981990877118541,0.14721698345255682,0.0461484462512302,0.7781779836670397,0.1890050202899487,0.10282776828473185
task1548_wiqa_sentence_ordering,0.2990898629563762,1.1039842111755274,0.07516114308041819,0.397832195905259,0.21483491632745363,0.02448442020500144,0.2990898629563762,1.1039842111755274,0.07479527965521021,0.49181253529079616,0.5695952057892356,0.040501444334374775,0.4202014037229173,0.042598845097977345,0.008130346352796802,0.2990898629563762,1.1039842111755274,0.007614827437766758
task1554_scitail_textual_entailment,0.32432432432432434,1.0416666666666667,0.4043971225728326,0.4590695997115038,0.7867132867132867,0.2893357326566899,0.32432432432432434,1.0416666666666667,0.40051995520536987,0.5091164095371669,0.6962864721485412,0.2527254927717768,0.8270776116366596,0.19694161260426318,0.10367774676716662,0.32432432432432434,1.0416666666666667,0.06582819242523819
task1559_blimp_linguistic_probing,0.32432432432432434,1.0416666666666667,0.2616229698885273,0.3688639551192146,0.8674749163879599,0.08998924411055598,0.48684354187138335,0.5079825834542815,0.04452709140967931,0.32432432432432434,1.0416666666666667,0.20780547030957308,0.5295766189570613,0.09675858732462508,0.006577307930639931,0.32432432432432434,1.0416666666666667,0.02969314064146289
task1560_blimp_linguistic_probing,0.5477159656264134,0.5666666666666667,0.12583606337038855,0.7694235588972431,0.06493506493506492,0.040782616645197445,0.5071523019593701,0.6949152542372882,0.12877641116671673,0.7457023700539112,0.17333333333333334,0.022337171753117807,0.7694235588972431,0.06493506493506492,0.006840964187969506,0.5477159656264134,0.5666666666666667,0.1447666252795653
task156_codah_text_completion,0.7628161312371838,0.21407173373928118,0.08581634457045814,0.7429692365176237,0.30004062351867267,0.11966522063024655,0.7825764895330113,0.08158174549800103,0.0370012923680907,0.7641436994378171,0.19037099253722284,0.05082507408780525,0.820963544173807,0.0725435853318534,0.018349241571572264,0.7628161312371838,0.21407173373928118,0.11914564069224272
task1583_bless_word_relation_classification,0.6767676767676768,0.16712567379893134,0.055119167524117246,0.6980676328502415,0.13433945006574063,0.030266766904177622,0.7851662404092072,0.16994139427923066,0.0870993470998136,0.769792813532179,0.01896862641160363,0.02150682615574387,0.7699769976997699,0.007015793330319157,0.020309458922103174,0.6767676767676768,0.16712567379893134,0.04656880868071725
task1584_evalution_word_relation_classification,0.7398959583833533,0.11523151058034785,0.07675283745689085,0.7882851093860268,0.026597255576385797,0.04958821224184104,0.7087692805522597,0.23445839830541632,0.06489130992032896,0.8173701298701299,0.006468240936999338,0.02613235925457008,0.8173701298701299,0.006468240936999338,0.008553859988887913,0.7398959583833533,0.11523151058034785,0.08466526557238005
task1587_scifact_text_matching,0.3497730339835603,1.0251450676982592,0.14862267119878148,0.415614773258532,0.8686868686868687,0.10652249863625163,0.3497730339835603,1.0251450676982592,0.17870762453847233,0.6753246753246753,0.279263220439691,0.005005054119257002,0.72997299729973,0.08717310087173104,0.017246229075836533,0.3497730339835603,1.0251450676982592,0.016566676288068932
task1589_scifact_text_quality_evaluation,0.3464052287581699,0.9433962264150942,0.30815031113292374,0.33789698125911793,0.8680028590731512,0.09796411865734125,0.3197278911564626,1.0638297872340425,0.2584730881462718,0.42994299429942995,0.036876943041460844,0.0223934347140492,0.40518197398931344,0.16008851377152875,0.01916611191230233,0.3464052287581699,0.9433962264150942,0.037694672375745364
task1592_yahoo_answers_topics_text_categorization,0.45711124794745484,0.7342928579814041,0.12210129030544886,0.45533549783549787,0.7062845358328804,0.1266333176899247,0.4379937293639481,0.7584073644072834,0.15659754782581986,0.4740623428858723,0.6505011244733583,0.11225667221848204,0.5103515249053007,0.5863018867749632,0.0425537253939511,0.45711124794745484,0.7342928579814041,0.24145662729726117
task1593_yahoo_answers_topics_text_categorization,0.4419584500466853,0.4867316894781597,0.10787549869622567,0.3700947969369022,0.658911466298886,0.10005573496635123,0.4403911643911644,0.45515579661961014,0.07271280828703348,0.34678280833944747,0.660200821435915,0.11734019453513059,0.4337474120082815,0.4807167235205908,0.028344382429716097,0.4419584500466853,0.4867316894781597,0.1291787308273173
task1599_smcalflow_speaker_identification,0.45804897631473307,0.7931844888366627,0.09976335478506815,0.33065595716198126,1.254826254826255,0.20131366461821987,0.50995099509951,0.649178590355061,0.08343790219181457,0.5941558441558441,0.3638253638253639,0.04690089894038563,0.5829518868884143,0.3373973712956764,0.01459197078242297,0.45804897631473307,0.7931844888366627,0.08572272968357447
task1604_ethos_toxic_language_detection,0.75,0.24325519681556834,0.24003183017271534,0.7479584635547938,0.14005602240896353,0.043990020418005205,0.8181818181818181,0.10199201631872261,0.15806766719741952,0.7894736842105263,0.08332446902811756,0.03525658968374262,0.7987117552334944,0.08003201280512205,0.0878054393041729,0.75,0.24325519681556834,0.17929788546925174
task1612_sick_textual_entailment,0.5864232385971516,0.2697284137815817,0.025294271561981052,0.48235294117647065,0.6487197713016309,0.1614925921986448,0.6044448523226112,0.43130633154848297,0.059005324265598375,0.645578592947014,0.3518832790775972,0.029931945905993268,0.622514619883041,0.33750731466459555,0.004084656292356131,0.5864232385971516,0.2697284137815817,0.05805191605697446
task1615_sick_textual_entailment,0.7470418470418471,0.15051764857020472,0.020769654544276733,0.5421443421443422,0.6108263856358416,0.07624493289567036,0.4652175985509319,0.7001824564841176,0.09648866096787383,0.6406406016987617,0.3792806594697055,0.0600700418421386,0.7385563179350928,0.13258794900892054,0.015221043042411814,0.7470418470418471,0.15051764857020472,0.047110751259286265
task1623_disfl_qa_text_quality_evaluation,0.4172494172494173,0.7936507936507937,0.293405019527228,0.8399359743897559,0.1397685510986003,0.13309263183814146,0.5495495495495495,0.6242568370986921,0.2686264013191784,0.9586606035551881,0.028222495894909654,0.03465008477571374,0.948849104859335,0.002160573848414107,0.06215235499680577,0.4172494172494173,0.7936507936507937,0.18536492456611287
task1624_disfl_qa_answerability_classification,0.7012867647058824,0.33506412816757647,0.12249349388164865,0.6600291403593979,0.434455391351943,0.16040329506624462,0.6788438378161381,0.07365014971505843,0.027793376695841865,0.6921182266009853,0.07037297677691765,0.05378087516086327,0.6578099838969405,0.03980693635866044,0.00925401186267999,0.7012867647058824,0.33506412816757647,0.18478100722733942
task1630_open_pi_text_categorization,0.3931475029036005,0.8850029175514518,0.27789348871104014,0.5908840560042634,0.4871509947954394,0.16500303100007424,0.6591496659331073,0.42468881366547534,0.09329734514292234,0.693112797890308,0.1526634522457334,0.06350431198649446,0.6115612179685407,0.30910643400245186,0.009586379836023826,0.3931475029036005,0.8850029175514518,0.36007756015893144
task1640_adversarial_qa_answerability_classification,0.6791680495630048,0.18942483731216125,0.0006029680620138755,0.5582120582120582,0.5011505011505011,0.1434024113993151,0.44258639910813824,0.7276507276507276,0.3116899393057906,0.712,0.08844460899255419,0.03649833933559421,0.7013695808876532,0.0220542474063601,0.007818279375119863,0.6791680495630048,0.18942483731216125,0.00105034855326136
task1645_medical_question_pair_dataset_text_matching,0.3742177722152691,0.8893280632411067,0.20876423862770543,0.6637242538881883,0.40612863502889074,0.13405579244898885,0.3150684931506849,1.0869565217391304,0.2941585122576961,0.7013695808876532,0.1604635866730171,0.03049097101551118,0.74,0.08051529790660224,0.005691214811260559,0.3742177722152691,0.8893280632411067,0.166748945814378
task1661_boolq_question_answering,0.7782705099778271,0.21249923561426032,0.12928548978786192,0.7999199679871949,0.05535426731078902,0.01582411002890749,0.6515679442508711,0.4260100463864253,0.13308598873113564,0.8098288459613652,0.04323969702391601,0.0013556957028975636,0.7647058823529411,0.11554468076207207,0.046622670771464564,0.7782705099778271,0.21249923561426032,0.037374637514946574
task1712_poki_text_categorization,0.5523528769516323,0.1713313248855875,0.04774067309299165,0.5208333333333334,0.03434008409132792,0.015546269379329847,0.537620849096259,0.05976610454222397,0.020820214814336158,0.5463252343986289,0.19941614242835412,0.030004431905342743,0.5123975516132379,0.020907469513495994,0.01452500196359785,0.5523528769516323,0.1713313248855875,0.005125657142385748
task1720_civil_comments_toxic_language_detection,0.6897207486738064,0.08361204013377929,0.09920633222732678,0.45436507936507936,0.7469093406593406,0.20983404734542443,0.6673051718923279,0.0944795254496747,0.010599037986957438,0.6594551282051282,0.02063908313908315,0.03390734295108011,0.6899689968996899,0.05458008175399477,0.019104193959637722,0.6897207486738064,0.08361204013377929,0.07834393830515246
task1721_civil_comments_toxic_language_detection,0.69662098545873,0.2561845431563741,0.08372110857819817,0.6279454319966928,0.3217648237179487,0.13625089504734073,0.6847414880201765,0.2747252747252747,0.08802511903340754,0.7,0.040064102564102505,0.05766564009798969,0.719551282051282,0.015580484330484276,0.0020925030304737025,0.69662098545873,0.2561845431563741,0.08707192415754561
task1722_civil_comments_toxic_language_detection,0.6216897856242118,0.3238795518207283,0.092810882373354,0.4224104736234116,0.8348794063079776,0.3257967978756124,0.568536342515765,0.4883920781427325,0.16893056332498693,0.6161427533976553,0.2816999815799336,0.0795553302951103,0.5974235104669887,0.11337868480725619,0.01988913929264388,0.6216897856242118,0.3238795518207283,0.09013587896456543
task1723_civil_comments_toxic_language_detection,0.537620849096259,0.3730063453953009,0.17538202657337384,0.568536342515765,0.5284080845452935,0.13533648649037922,0.5967741935483871,0.40725967806477426,0.10623213237205087,0.6290726817042607,0.059388834899038956,0.06156483570670179,0.6186270574066639,0.07680491551459293,0.03502137068513045,0.537620849096259,0.3730063453953009,0.07150161599402372
task1724_civil_comments_toxic_language_detection,0.6897207486738064,0.14492753623188412,0.02251946022138629,0.3969298245614035,0.8369408369408368,0.2650930922767758,0.6594551282051282,0.03979185797367616,0.07326645766960266,0.7085720028137876,0.20059752454118657,0.02860106986902594,0.6897207486738064,0.14492753623188412,0.017462847892994293,0.6897207486738064,0.14492753623188412,0.0230275330481578
task1725_civil_comments_toxic_language_detection,0.7395833333333333,0.014076576576576601,0.013713762887739178,0.6296711929076422,0.45326253348641404,0.16844966218360427,0.7390606182256123,0.1212751212751213,0.0791684465147407,0.7390606182256123,0.1212751212751213,0.08962990548027361,0.72997299729973,0.02634351949420441,0.03407006131264362,0.7395833333333333,0.014076576576576601,0.04527109515322103
task190_snli_textual_entailment,0.39903846153846156,0.46791443850267384,0.02294052467219726,0.375,0.20053475935828874,0.04296516776443865,0.4285714285714286,0.7243195785776997,0.32620066527219704,0.4,0.35650623885918004,0.005107251757450304,0.375,0.20053475935828874,0.0014577836080083562,0.39903846153846156,0.46791443850267384,0.0026828071597196357
task195_sentiment140_sentiment_analysis,0.7479584635547938,0.11999999999999995,0.07577322310492685,0.6846709388668497,0.18840579710144922,0.02003498951120869,0.7293233082706767,0.06849315068493149,0.05300480584170608,0.7198879551820728,0.027777777777777804,0.027842243721464044,0.7286704853783539,0.09589041095890412,0.025001019690217063,0.7479584635547938,0.11999999999999995,0.10199016450267251
task196_sentiment140_sentiment_analysis,0.7889659330720531,0.008663038382355907,0.021390216866555373,0.7889659330720531,0.008663038382355907,0.03013033120841313,0.7681217864704104,0.037120689294602355,0.010087794426725694,0.7479584635547938,0.20128824476650556,0.12821983642866489,0.7894736842105263,0.01681648627163212,0.028129706306196323,0.7889659330720531,0.008663038382355907,0.03942904003513675
task197_multinli_text_categorization,0.3718315018315018,0.5310056983772903,0.15795384120739814,0.344354886540218,0.453228285028153,0.11111506913104516,0.422931889402207,0.5078616912250087,0.09315770480081084,0.3684529289023904,0.610244950692365,0.05781828723114647,0.5016872016872017,0.3578337338529905,0.025818243677482394,0.3718315018315018,0.5310056983772903,0.16445860189619674
task198_multinli_text_categorization,0.2261744413551643,0.8831036715381814,0.06781858868564483,0.1656357633669035,0.7903036322584359,0.08376664260215155,0.17205400540054006,1.1580319583366105,0.08963186428395893,0.2145065316420815,0.9446388607759221,0.07470577553529167,0.21443514943514944,0.7263704811427281,0.007844247328406467,0.2261744413551643,0.8831036715381814,0.006840076599083186
task199_multinli_textual_entailment,0.5706048337627285,0.27472527472527475,0.1157236838345106,0.24266666666666667,1.6146688560481666,0.1592260842360234,0.6072270227808326,0.08394383394383398,0.08011879155564144,0.5714285714285714,0.22941468253968256,0.09907893662960698,0.5924495924495925,0.02560163850486431,0.006355033564348855,0.5706048337627285,0.27472527472527475,0.012464347680937793
task200_multinli_textual_entailment,0.8611033685713315,0.10419483123840391,0.06899831046617166,0.8283490261395697,0.1521055803438575,0.10470686649931933,0.8394607843137255,0.10765004951843371,0.09033765434509371,0.8805339446142447,0.07854060725396472,0.05194650146655064,0.8908644391883932,0.014364025459305117,0.01772544636805276,0.8611033685713315,0.10419483123840391,0.09179277379751595
task201_multinli_textual_entailment,0.14812561039741567,0.5869574806931334,0.0931146988322561,0.1775501493811353,0.793697753846903,0.14498190455224677,0.16044134021662113,0.7403396529381192,0.09673993757058684,0.14725317693059628,1.1122987924901924,0.09058337345047415,0.1676923076923077,0.2361435056712493,0.011283800257634508,0.14812561039741567,0.5869574806931334,0.012480411416082665
task202_multinli_textual_entailment,0.20620312164747023,0.28176143615772853,0.030075345512127122,0.15970695970695972,0.5299958355050086,0.06992873811509523,0.14657183499288762,0.6938731202469942,0.08158807707252447,0.21199935954619273,0.39971965023451794,0.06504421459046617,0.22841976354042895,0.07135120874854962,0.0026173668557335217,0.20620312164747023,0.28176143615772853,0.0027427927107646355
task204_multinli_text_categorization,0.38252859601174205,0.8524177781098616,0.03831639902144682,0.37094155844155846,0.8933820710104546,0.043048883380215286,0.5331069609507639,0.010407271213487852,0.031335298124084476,0.529239460194581,0.046359662678263934,0.02401725790169601,0.5073891625615763,0.13636193820749434,0.0051612986662551985,0.38252859601174205,0.8524177781098616,0.026721025380334884
task209_starcon_stance_detection,0.3540157004830918,0.7577303491001859,0.2224049400670035,0.5453551912568306,0.34264949862848704,0.1834562539321336,0.5616061606160616,0.4995701135124068,0.21923251731395116,0.47237299560096496,0.21329702832665695,0.03557483049939689,0.5113714333528575,0.11281392662269299,0.02869375115932979,0.3540157004830918,0.7577303491001859,0.25074674759533405
task211_logic2text_text_to_code,0.43899018232819076,0.8391608391608391,0.1929326566651441,0.6363636363636364,0.2588383838383838,0.03962783750692245,0.4221016629319495,0.8734402852049912,0.19982094110675463,0.6363636363636364,0.2588383838383838,0.03897634478528664,0.6398559423769508,0.06944444444444446,0.017241379807115043,0.43899018232819076,0.8391608391608391,0.13792478683482284
task212_logic2text_text_to_code,0.03508771929824561,2.49947932937059,0.5802725623992632,0.22502918429884722,1.3046589785673455,0.38269715165958695,0.46176727395939215,0.8481451098248962,0.19993582546291488,0.7633869166849018,0.28510173990792514,0.09443055828406333,0.8403060425752306,0.16312771098542786,0.07092506321256001,0.03508771929824561,2.49947932937059,0.3874231919922103
task213_rocstories_text_completion,0.8894583458948849,0.021563954148223825,0.013960824771525049,0.8899889988998899,0.11235955056179772,0.07693922099448702,0.797979797979798,0.22727272727272727,0.13499278534032616,0.797979797979798,0.22727272727272727,0.13422100546179885,0.8799519807923168,0.07805325987144168,0.015048464776920484,0.8894583458948849,0.021563954148223825,0.029797389324271895
task214_rocstories_text_completion,0.5288220551378446,0.11438537679222632,0.0026781662518430283,0.47147017581706396,0.5096156109502624,0.1083276443842966,0.46374946374946374,0.5002000800320128,0.10490502084625564,0.54226426609704,0.21645021645021642,0.06522622616810617,0.5495946351716545,0.0345592782567572,0.003612327233363022,0.5288220551378446,0.11438537679222632,0.004183596946616408
task220_rocstories_title_generation,0.9797077922077921,0.0024847601378213276,0.01728263095764726,0.969309462915601,0.035145267104030015,0.07412213877042528,0.969309462915601,0.035145267104030015,0.07772982558047917,0.9797077922077921,0.0024847601378213276,0.01624286545687334,0.9696325539022168,0.00669433659124381,0.02361150021601588,0.9797077922077921,0.0024847601378213276,0.04063624209939587
task221_rocstories_text_completion,0.3558048012593467,0.768931643949071,0.14993041752265218,0.2686480186480186,0.9500492964780254,0.12398930136245769,0.37067158244776977,0.5874275980724141,0.10729650757793818,0.3641641065028162,0.6477650467106277,0.12093342170844963,0.4588894347553154,0.10858940567641662,0.013464769883024447,0.3558048012593467,0.768931643949071,0.08156030514202328
task224_scruples_ethics_classification,0.4223078062509258,0.601758281973867,0.10943277862229059,0.410734193342889,0.6446651043302489,0.13877651829220716,0.42196531791907516,0.684931506849315,0.30187867572234744,0.48684354187138335,0.11056546336980562,0.03940778849807422,0.48684354187138335,0.11056546336980562,0.0005547628456195608,0.4223078062509258,0.601758281973867,0.1260951166268234
task226_curated_from_stack_overflow___english._answerability_classification,0.5416666666666666,0.3176510989010988,0.05065989815972946,0.5879811074263892,0.07877009995654063,0.0019379287888766084,0.36580416032470825,0.9615384615384616,0.2708729188143493,0.4800309768779732,0.6259071117561683,0.1479458695393978,0.5598239295718287,0.07583562271062264,0.01805695337310853,0.5416666666666666,0.3176510989010988,0.06489247129684023
task227_clariq_question_understanding,0.801234438748823,0.1804139082722013,0.12532365581571586,0.8270776116366596,0.07712007450090211,0.02359381050354664,0.3969298245614035,0.8540372670807452,0.3013702589604417,0.8455359901143034,0.1207729468599034,0.03904854245359829,0.8368013055895553,0.08722490606548577,0.03898683054217217,0.801234438748823,0.1804139082722013,0.13055795781313395
task228_arc_question_answering,0.8788617435873517,0.037716301364222354,0.1180554270784091,0.8009913990575505,0.1815871769849404,0.1353695162298389,0.8011035239683373,0.08972066443194146,0.04271207134784874,0.7561609952448314,0.21541174603455024,0.118127434890407,0.8501285948094459,0.031109507278289896,0.06681097886655515,0.8788617435873517,0.037716301364222354,0.15089458012092963
task229_arc_question_answering,0.7020304285375616,0.11057665878171487,0.05630850830195028,0.6755586779071323,0.17315103478195473,0.06860425129701325,0.6646285287164511,0.08797457162925018,0.04852846489283502,0.6579199740036379,0.12743840178767418,0.08498136250528954,0.6934512028851652,0.10140196815661458,0.08009425722846483,0.7020304285375616,0.11057665878171487,0.046714643352456425
task230_iirc_question_answering,0.8101748212651665,0.1691197257330309,0.12421479770775405,0.8115882848277214,0.1618326859443633,0.11946821496718077,0.7294444444444445,0.27659805994058784,0.13252886843403006,0.8400036019000022,0.16018253226352716,0.09620142269303937,0.8311800288912964,0.10937740400016131,0.02995005370972703,0.8101748212651665,0.1691197257330309,0.1970496704564464
task231_iirc_question_answering,0.5416541616646658,0.22353390587694677,0.08512500626813807,0.49307636879334893,0.4019665746844928,0.09338835242833286,0.46471872708991924,0.33986218274851904,0.08428094826593217,0.5838570032118419,0.1284250572317075,0.028190309079329928,0.5500174160448976,0.18578142244115312,0.006801947897274799,0.5416541616646658,0.22353390587694677,0.13036858939429374
task232_iirc_answerability_classification,0.48155828766108727,0.6477029914529915,0.1375694820358142,0.69662098545873,0.01711658841940534,0.009843183140434891,0.37794937794937794,0.9755291005291006,0.13195946125600622,0.6600291403593979,0.32913773148148145,0.07722314161849686,0.69662098545873,0.01711658841940534,0.007609131791897594,0.48155828766108727,0.6477029914529915,0.060177930017990294
task233_iirc_answerability_classification,0.4684620836286322,0.6462585034013606,0.11980658159170193,0.5360501567398119,0.3741496598639456,0.02229143090645483,0.32001255361439485,1.1904761904761907,0.13880152567761528,0.5024875621890548,0.24659863945578236,0.009851980994646126,0.47916666666666663,0.16483516483516478,0.001616197671532399,0.4684620836286322,0.6462585034013606,0.1498909507379819
task241_tweetqa_answer_verification,0.9294283697953423,0.016882239883642423,0.0041663139508817115,0.8553121124431583,0.13013519080253155,0.09094122130365526,0.8899889988998899,0.06920696954893339,0.09485139140457549,0.9294283697953423,0.016882239883642423,0.005366859565504145,0.9197109594540345,0.014877826787089552,0.010005031726318614,0.9294283697953423,0.016882239883642423,0.004878533489123288
task242_tweetqa_answerability_classification,0.8998397435897436,0.09746588693957114,0.053308305293425395,0.948849104859335,0.018252485559062906,0.036522540088488764,0.6754417598269022,0.4300732717425932,0.18123293153519326,0.9592003263973888,0.005949952400380784,0.013218697528589396,0.9294283697953423,0.044089969860886244,0.0007654127188993776,0.8998397435897436,0.09746588693957114,0.069885338867547
task248_dream_question_understanding,0.2104097452934662,1.15293473103694,0.29474425875342836,0.15999999999999998,3.590109871423003,0.11023858658511895,0.10812846068660023,4.905275567698693,0.1865699526401086,0.2815004887585532,0.8404204637342801,0.06186176047968958,0.2522892931876308,0.9488609983040244,0.03206017328644824,0.2104097452934662,1.15293473103694,0.20610633562647818
task268_casehold_text_completion,0.36988058381247235,0.6594256935212693,0.06932630043193866,0.4015843235355431,0.6694172244174862,0.05922581290905385,0.4236599499957624,0.5366311570856488,0.03185485270728694,0.36570325591073194,0.6904982440854772,0.05308497946832856,0.5088196633357924,0.32527888094005114,0.004663138754737978,0.36988058381247235,0.6594256935212693,0.08541845752972807
task274_overruling_text_categorization,0.7178819444444444,0.35852178709321564,0.06985887104402755,0.6178622120318812,0.46634038230676883,0.09472730190750894,0.648,0.39329164501621544,0.08436595632690455,0.7756017951856384,0.1995670062896954,0.05829151504600244,0.8996386993175431,0.04668534080298788,0.006642437148318914,0.7178819444444444,0.35852178709321564,0.2138037412643663
task276_wsc; enhanced_wsc_text_matching,0.28211654903775696,1.0247105677074715,0.36303939786510814,0.3509869502695848,0.7033767105340926,0.1343668260179911,0.2951195862960569,1.1090257264344692,0.23785473697031084,0.4672540820390283,0.6566587138135028,0.053197675368689766,0.5561322330287849,0.32750549762880027,0.0434327831012844,0.28211654903775696,1.0247105677074715,0.3745067100858937
task279_stereoset_stereotype_detection,0.37218534814925297,0.7374623434558115,0.1564948775418497,0.49028403631984196,0.35210964260108946,0.08544706565151351,0.3863636363636364,0.9105391988558544,0.1297562481607113,0.47491250086043024,0.5683185771089662,0.10775185991364804,0.5787771641194978,0.05970698504113968,0.0032862011459092177,0.37218534814925297,0.7374623434558115,0.104138042468283
task280_stereoset_text_categorization,0.7925403386851985,0.22071159429019607,0.1692928510249687,0.6919274752961194,0.1891463343986466,0.1329781677663285,0.8222574524818816,0.05843043549423552,0.12635006651675165,0.7269984917043741,0.1097667901792091,0.09712126184897087,0.6335335621662853,0.16498749828059678,0.07233081462950874,0.7925403386851985,0.22071159429019607,0.22562021930689063
task284_imdb_sentiment_analysis,0.5960257670051315,0.5437977660199882,0.20340515546447985,0.4944852941176471,0.7275132275132276,0.2620767755934218,0.7707173272191288,0.28893780957622456,0.16714340091374022,0.7874278773155178,0.22065268350353653,0.11733584936764174,0.8498648783905515,0.11603675286539736,0.039613315424554346,0.5960257670051315,0.5437977660199882,0.20696095757414806
task285_imdb_sentiment_analysis,0.8599439775910365,0.08355661777748731,0.14661134372810797,0.8899889988998899,0.048940229770995804,0.12685796849809106,0.9197109594540345,0.005236241774736894,0.07022033039124387,0.849624060150376,0.11925283963444872,0.18325869777923232,0.9197109594540345,0.005236241774736894,0.0024849440772931053,0.8599439775910365,0.08355661777748731,0.16500201510522453
task286_olid_toxic_language_detection,0.34210526315789475,0.9615384615384615,0.3285661747328054,0.60996099609961,0.023644388398486767,0.02448439213732556,0.5670995670995671,0.35039113428943935,0.062053951687378345,0.5710848415106182,0.39656671012603223,0.04457347364859826,0.62996299629963,0.05596255596255594,0.002373757431727741,0.34210526315789475,0.9615384615384615,0.2552630523504445
task290_tellmewhy_answerability_classification,0.23076923076923078,1.6666666666666667,0.25793499128584024,0.4357782940590773,0.2769679300291545,0.004562750536288074,0.4419642857142857,0.6802721088435375,0.2943899436359074,0.42832488404702834,0.20770010131712263,0.005128509153317529,0.4140625,0.24844720496894412,0.013551610231952615,0.23076923076923078,1.6666666666666667,0.03068450328980038
task291_semeval_2020_task4_commonsense_classification,0.3706666666666667,0.6300081008012961,0.05478521826475635,0.35714285714285715,0.8899211858656505,0.10607737721968552,0.4162640901771336,0.21056041464204733,0.0010310660302738084,0.41976790716286516,0.027630099658911198,0.02994100695069135,0.42719324690985827,0.18286384321170326,0.013851419718763802,0.3706666666666667,0.6300081008012961,0.005672675545551842
task296_roc_stories_text_completion,0.8270776116366596,0.19694161260426318,0.16433505129748452,0.8056265984654731,0.22554605887939222,0.1832396892798056,0.8164014687882497,0.21106941838649157,0.1740017509646879,0.8897243107769424,0.0963339095361567,0.050837657230495825,0.8897243107769424,0.0963339095361567,0.047051096215734556,0.8270776116366596,0.19694161260426318,0.18443435725691945
task297_roc_stories_text_completion,0.7159090909090908,0.12686965811965814,0.0601981795268689,0.7198879551820728,0.22062697576396204,0.12092141036381981,0.69662098545873,0.2561845431563741,0.1432297008958286,0.7106242248863166,0.2103365384615385,0.11075024753614438,0.7092731829573935,0.030471289274106146,0.007272917780455523,0.7159090909090908,0.12686965811965814,0.04953447182160742
task298_roc_stories_coherence_classification,0.8295739348370927,0.1004016064257028,0.07613137554057378,0.84998499849985,0.02828054298642537,0.02809984416250602,0.6923076923076923,0.37727029914529914,0.166403071989633,0.797979797979798,0.16526442307692304,0.11162602054583387,0.84,0.040064102564102554,0.07158681530719213,0.8295739348370927,0.1004016064257028,0.09192236848859675
task309_race_question_answering,0.7059127193561155,0.11023807729978408,0.05178140865527757,0.7311983222990961,0.20586301076393074,0.1548225160419588,0.6959528997264847,0.09737179899414976,0.04709767347356711,0.6986806639239608,0.1307764754246151,0.05890585491150614,0.6969164919636618,0.10541410478070815,0.05229840267429468,0.7059127193561155,0.11023807729978408,0.06091156929613001
task310_race_question_answering,0.6578099838969405,0.12121212121212123,0.014293857691390688,0.5793334052421529,0.44262295081967207,0.1252571142626107,0.4479205005520795,0.7818181818181817,0.24785123723657979,0.5967741935483871,0.3870967741935484,0.0806468942440619,0.66996699669967,0.01492537313432837,0.004047975493951056,0.6578099838969405,0.12121212121212123,0.019453880832191323
task316_crows_pairs_stereotype_detection,0.5699569956995699,0.11873117136275041,0.012330175099017349,0.5849782366636299,0.28933401814757753,0.059128078046573024,0.5592948717948718,0.028860028860028846,0.001418738124747826,0.5584102769971899,0.007215007215007161,0.015424084389639825,0.5584102769971899,0.007215007215007161,0.0005378452801108047,0.5699569956995699,0.11873117136275041,0.001395692084366934
task317_crows_pairs_stereotype_detection,0.27597365368263194,0.8825643249128965,0.5218435781172089,0.5820541535911555,0.4311366734515358,0.14354078723014907,0.6191807891605051,0.3243031172924147,0.13370219026479926,0.5602063408515021,0.5378094230726028,0.19890060574335258,0.6057543170100099,0.3307544967343318,0.08700569510124082,0.27597365368263194,0.8825643249128965,0.4803655776549111
task318_stereoset_stereotype_detection,0.1691542288557214,1.386483884679505,0.5173173954320095,0.5476718403547672,0.1606255114822828,0.11814712294189794,0.5278088721417272,0.1924020333943502,0.14148006643740985,0.585606368330025,0.3158757367939562,0.1473409809202997,0.6221350976067958,0.15216916952970927,0.021492386865798185,0.1691542288557214,1.386483884679505,0.26322818716888735
task319_stereoset_stereotype_detection,0.14583333333333334,1.6835875742536843,0.5201396830644085,0.5209331481148984,0.6183018393220543,0.1278668099375217,0.5842193868509659,0.4802944329809914,0.07882640044828096,0.5789994256013674,0.4544552955396809,0.05847814145479854,0.6941817342173592,0.19350041579376068,0.11870549583221218,0.14583333333333334,1.6835875742536843,0.18282660913193133
task320_stereoset_stereotype_detection,0.1728395061728395,1.3468700594029477,0.5269147565266101,0.6941250184284241,0.22467641201753702,0.04611056381733525,0.5806503635937134,0.37701096654597055,0.1775577518957373,0.6771524771524771,0.19818998486301806,0.03065358852081143,0.6771093918634903,0.18443292187802987,0.05072200146739425,0.1728395061728395,1.3468700594029477,0.1436175985387881
task322_jigsaw_toxic_language_detection,0.35064935064935066,0.9259259259259258,0.3793827998815361,0.8590982286634461,0.01310714151967943,0.0021382711973590984,0.7013695808876532,0.3214941824862217,0.16579245936037887,0.875,0.14822134387351782,0.21745581252591809,0.8759818106655644,0.12534767969550578,0.19910244991229153,0.35064935064935066,0.9259259259259258,0.07505329765183272
task323_jigsaw_toxic_language_detection,0.33542319749216304,1.0441292356185974,0.26344170917681353,0.7331691297208538,0.13709361535448494,0.06362374336403931,0.736036321402175,0.22812667740203976,0.07998246272522755,0.78,0.08051529790660225,0.008164421413912826,0.7882851093860268,0.19517315884954853,0.022501308953576604,0.33542319749216304,1.0441292356185974,0.12720658910867944
task325_jigsaw_toxic_language_detection,0.3464052287581699,0.9433962264150942,0.23670596648100964,0.7575757575757576,0.1922711234127068,0.03754400383178719,0.7694235588972431,0.12538645617730326,0.02259519821096584,0.7992773986350863,0.015054195102368537,0.00015407886579443808,0.8181818181818181,0.06217504969108305,0.00618887993663092,0.3464052287581699,0.9433962264150942,0.10835333640655209
task326_jigsaw_toxic_language_detection,0.5320855614973261,0.5719529190986741,0.16462970457820159,0.537037037037037,0.1281994279193158,0.07605681486988408,0.5584102769971899,0.12719373463671185,0.01695688159978842,0.5160127690248172,0.34089107341049624,0.06785514109557922,0.5664885573142454,0.17796592321138982,0.011571377314026438,0.5320855614973261,0.5719529190986741,0.11016291041984333
task327_jigsaw_toxic_language_detection,0.24242424242424243,1.5625,0.4058674254214787,0.864314789687924,0.030289104278074883,0.02202140366166011,0.8541128941757379,0.022185598377281932,0.07512987863380086,0.8480902777777778,0.03954343365253077,0.12333046531268033,0.8089983022071308,0.07734038737446199,0.12359715218746747,0.24242424242424243,1.5625,0.07114354336132273
task328_jigsaw_toxic_language_detection,0.5091164095371669,0.6754425908294353,0.23763634780179632,0.7660461804495982,0.18890673152377835,0.12873043220244984,0.797979797979798,0.1450580232092837,0.11564682253387024,0.769792813532179,0.01896862641160363,0.005853602929909635,0.7987117552334944,0.12004801920768304,0.01547923405711954,0.5091164095371669,0.6754425908294353,0.15470130429995527
task329_gap_coreference_resolution,0.4887747035573123,0.42005140054265033,0.07175698240888176,0.5433489827856025,0.14981075872596347,0.07123201055984016,0.375558867362146,0.6242417137228778,0.2443566659005085,0.4721937073661873,0.10893706417293102,0.04792495459558141,0.5005908143532706,0.0891755740417901,0.025945751999575467,0.4887747035573123,0.42005140054265033,0.16613384890663427
task333_hateeval_toxic_language_detection,0.6138996138996139,0.46793456443195514,0.23945592564998538,0.7564935064935066,0.09824843119440516,0.0009502370594509646,0.7591328783621036,0.019015825392465564,0.06672591586523047,0.7591328783621036,0.019015825392465564,0.06198765926208244,0.74997499749975,0.07359828716713501,0.019700307848486143,0.6138996138996139,0.46793456443195514,0.17454203483683883
task335_hateeval_toxic_language_detection,0.32432432432432434,1.0416666666666667,0.23879294174866733,0.5488721804511278,0.05099067599067591,0.0009925605667137072,0.5488721804511278,0.05099067599067591,0.00163045677319279,0.5571658615136876,0.18315018315018308,0.02856897720577045,0.54995499549955,0.058275058275058265,0.007158681708062525,0.32432432432432434,1.0416666666666667,0.026809994776482216
task337_hateeval_toxic_language_detection,0.797979797979798,0.18566840626254522,0.15063006157100423,0.797979797979798,0.18566840626254522,0.1512618494731769,0.7889659330720531,0.1491445151913979,0.08692268733089348,0.7889659330720531,0.1491445151913979,0.09088198161589323,0.8098288459613652,0.09738763251408775,0.023380442209994495,0.797979797979798,0.18566840626254522,0.1472680011392662
task340_winomt_gender_classification,0.9589490968801313,0.006841817186644823,0.009777867033005344,0.9691071980228607,0.01565859191170248,0.02391999853135171,0.9391233766233766,0.03319009188414907,0.09005618408583116,0.9793303017775941,0.024295432458697794,0.052013609631245517,0.9388004895960832,0.011354505118261525,0.0680369404509413,0.9589490968801313,0.006841817186644823,0.01872076617710436
task341_winomt_gender_classification,0.8346424142207525,0.1745650183150183,0.11027418677579498,0.9397832195905259,0.023867975995635605,0.018455592393168352,0.867007672634271,0.1326259946949602,0.0705271530752089,0.9397832195905259,0.023867975995635605,0.05739615801184453,0.9397832195905259,0.023867975995635605,0.015166808494530892,0.8346424142207525,0.1745650183150183,0.12405635780190716
task346_hybridqa_pos_tagging,0.6138996138996139,0.32835144927536236,0.03693609074632215,0.6266666666666667,0.306577480490524,0.030565429302101044,0.3742177722152691,0.8893280632411067,0.19454712361693227,0.6279454319966928,0.20254629629629634,0.0034367815875974705,0.677938808373591,0.03788955195604812,0.005533221495607282,0.6138996138996139,0.32835144927536236,0.02297999356981395
task349_squad2.0_answerability_classification,0.7189883580891208,0.16624221844934922,0.06160052591438839,0.7384663667747673,0.04244482173174872,0.03605370221484949,0.5888157894736843,0.5335920446276984,0.27821920073783435,0.7,0.2546689303904923,0.09288407489088821,0.7442455242966752,0.04244482173174872,0.030133046829993515,0.7189883580891208,0.16624221844934922,0.0532609660497676
task350_winomt_gender_classification,0.3395898505387556,1.0753049982214447,0.16412162418911494,0.48748869460355737,0.038386582413039626,0.007503607619842589,0.4615140956604371,0.29907787836093513,0.05083159249304725,0.5295766189570613,0.2445264299141233,0.006278406294468825,0.48748869460355737,0.038386582413039626,0.002388593420120627,0.3395898505387556,1.0753049982214447,0.01731062628056268
task351_winomt_gender_classification,0.35064935064935066,0.9090909090909091,0.136884681125162,0.40910670837678137,0.8637394351680068,0.0812327437793596,0.41666666666666663,0.5601469237832875,0.04867557353127039,0.48,0.10101010101010102,0.012901649107229962,0.47665056360708535,0.06734006734006731,0.003133946474918853,0.35064935064935066,0.9090909090909091,0.014280899802236346
task353_casino_negotiation_strategy_detection,0.45238095238095233,0.7407407407407406,0.12022568865357172,0.47862356621480706,0.6727272727272727,0.10582917959013582,0.570999570999571,0.43333333333333335,0.06466113612857083,0.557203171661003,0.2982456140350877,0.016847819287998222,0.5664885573142454,0.1578947368421053,0.003238621206443998,0.45238095238095233,0.7407407407407406,0.01265788902514009
task355_casino_negotiation_strategy_detection,0.39884676726781987,0.9064002959674435,0.16888784052808933,0.37996031746031744,0.9433962264150944,0.23441419310032377,0.5452666391070691,0.3828066754602283,0.03579946095808098,0.5416666666666666,0.4186499971325342,0.041736924373254713,0.5784825371336813,0.16403881559822256,0.03958832583278954,0.39884676726781987,0.9064002959674435,0.018322524425584685
task356_casino_negotiation_strategy_detection,0.5552350042072365,0.5744702604605986,0.12773269727770473,0.41333333333333333,0.8180929376581549,0.25314164612256196,0.6547756041426928,0.23493642896627967,0.05036752031627434,0.6224786970121885,0.33754490276229404,0.05969288616339183,0.6828644501278772,0.1382762724917734,0.009329331327857487,0.5552350042072365,0.5744702604605986,0.07416427822396121
task357_casino_negotiation_strategy_detection,0.43464495703301675,0.7648953301127214,0.1751821009463895,0.3985139757046821,0.8815603536100431,0.21535530619371346,0.5083167695365624,0.47929389602892475,0.11473103825031605,0.5866518802298619,0.07300963454242751,0.022021168220720033,0.52,0.08051529790660224,0.018765522188138872,0.43464495703301675,0.7648953301127214,0.02618923484661173
task359_casino_negotiation_strategy_detection,0.6072757337742869,0.3515882985198327,0.09273996509209326,0.4485294117647059,0.7550257851341754,0.20949415113638176,0.6550324675324675,0.24269187255939562,0.04464826534710392,0.6124031007751938,0.16640551145413812,0.04884954370300315,0.6186270574066639,0.15734061977959368,0.003674194963813271,0.6072757337742869,0.3515882985198327,0.009950973226817289
task361_spolin_dialogue_generation,0.5169082125603865,0.09418522064045948,0.05177734557930602,0.5331069609507639,0.36990307965819813,0.1592574996063083,0.5295766189570613,0.003408497004309852,0.01798388429670683,0.5245969408846631,0.27432088853204867,0.12896498262947576,0.5276856597326902,0.07233588086924247,0.01734157765095415,0.5169082125603865,0.09418522064045948,0.015030244711526697
task362_spolin_dialogue_act_recognition,0.5670995670995671,0.35039113428943935,0.06441129169408549,0.64,0.040064102564102505,0.027085479422285785,0.614448051948052,0.1537944582299421,0.044972468871855575,0.6305418719211823,0.2904647435897436,0.03520813980600096,0.6394230769230769,0.10266426282051289,0.006088139964294026,0.5670995670995671,0.35039113428943935,0.11736214575575349
task363_sst2_sentiment_analysis,0.8487750781328763,0.02604906696978307,0.0012124742521411602,0.84998499849985,0.0686748129203372,0.08086626101447103,0.8376623376623377,0.06326201978375887,0.028529026075154645,0.8270776116366596,0.07712007450090211,0.03816103387367015,0.8389694041867954,0.015336247220305193,0.015408400946462841,0.8487750781328763,0.02604906696978307,0.0004719480975126089
task375_ddo_text_categorization,0.32584959524306323,1.1151607089261877,0.18617185512085394,0.5912999037999037,0.4207575387308894,0.10294971607723062,0.5046454472641893,0.6506515531008779,0.20821490998595787,0.4804308665685954,0.5683985307146395,0.12100745754468577,0.49558735837805606,0.5094628056609288,0.04700583768377617,0.32584959524306323,1.1151607089261877,0.0877701531880658
task379_ag_news_text_categorization,0.109375,1.5464739353293544,0.525720740675296,0.8339938432139922,0.12579110041918712,0.07530583086443192,0.8525545308154003,0.1242562999448714,0.08200734828961571,0.7080963281539031,0.37410690600463686,0.1543295948888514,0.8369642857142856,0.07282430026337608,0.06776659792224346,0.109375,1.5464739353293544,0.2604069818284579
task382_hybridqa_pos_tagging,0.2441879108545775,1.727093369682835,0.4340694107767169,0.39969135802469136,0.8465077355536624,0.2532573507698822,0.3149551066217733,0.9563268233838995,0.18150878815793456,0.2683660718748438,0.9862624030980394,0.24252301589748046,0.4159486346986347,0.7742470891533537,0.07167456977512349,0.2441879108545775,1.727093369682835,0.4160697574441394
task383_matres_misc.,0.6884735202492211,0.061547751765143016,0.013374747652984131,0.6176572818908586,0.5130597014925373,0.12194025233735939,0.34210526315789475,0.9615384615384615,0.3505050269740686,0.50997150997151,0.6550832208726947,0.1719159031320701,0.6691729323308271,0.03468235744355143,0.011961047647291445,0.6884735202492211,0.061547751765143016,0.01317716126705179
task384_social_iqa_question_understanding,0.3759590792838875,1.0225885225885227,0.17707272586985812,0.45804897631473307,0.7073844030365769,0.13759757693014696,0.7817995122577333,0.15657869573532224,0.012638833783603642,0.7778106947118946,0.2859477124183007,0.06304942067841476,0.6726850385386971,0.1322751322751323,0.03449465555091086,0.3759590792838875,1.0225885225885227,0.059957859194746055
task386_semeval_2018_task3_irony_detection,0.3795955882352941,0.8915239350021957,0.19335141728235541,0.3795955882352941,0.8915239350021957,0.18774910414976648,0.595959595959596,0.06734006734006731,0.011354647569253862,0.6189887756152817,0.17155683822350493,0.05493009110854152,0.568922305764411,0.012404749246854493,0.045291667909999944,0.3795955882352941,0.8915239350021957,0.0225568481440806
task387_semeval_2018_task3_irony_detection,0.14583333333333334,1.6835875742536843,0.32264590412936645,0.25120779564736934,1.1422271340107022,0.10414424278345179,0.24481792717086837,1.1254115142546854,0.09448263925609358,0.2776106934001671,0.9430811332644216,0.10108979741615015,0.36458568101570127,0.19173357103830294,0.01462378035234127,0.14583333333333334,1.6835875742536843,0.033165399360470194
task391_cod3s_cause_effect_classification,0.3548387096774194,0.9090909090909091,0.26311157161583104,0.43899018232819076,0.8391608391608391,0.2278245638154783,0.3103448275862069,1.1111111111111112,0.41983723586954796,0.6175523349436394,0.23134571521668298,0.003785291392198714,0.6496847162446202,0.0543900543900544,0.03318570578009927,0.3548387096774194,0.9090909090909091,0.032149330933112036
task392_cod3s_cause_effect_classification,0.49942241047362346,0.5784907558624302,0.10324843940905157,0.2805755395683453,1.282051282051282,0.30616028118789385,0.2805755395683453,1.282051282051282,0.3651417890389421,0.48589341692789967,0.5703151160222568,0.08999177833041683,0.6052232007288187,0.04168992344214064,0.0026439472151441323,0.49942241047362346,0.5784907558624302,0.11886776594026865
task397_semeval_2018_task1_sentiment_analysis,0.24812030075187969,1.5151515151515151,0.3249320152889185,0.7423629002576371,0.23100836439207872,0.07247568854721725,0.6457131288591963,0.19309049159795433,0.10379304655240085,0.6715927750410509,0.11839199723308585,0.07432844171380643,0.6715927750410509,0.11839199723308585,0.06509185700357498,0.24812030075187969,1.5151515151515151,0.042998759481642446
task398_semeval_2018_task1_sentiment_analysis,0.3548387096774194,0.9090909090909091,0.30195492003677515,0.5741893219783819,0.5812220566318927,0.1154924860535751,0.7599039615846338,0.12759170653907498,0.043758142111999354,0.7699769976997699,0.08789190607372424,0.06038891296966242,0.7699769976997699,0.08789190607372424,0.06602087834649059,0.3548387096774194,0.9090909090909091,0.03893402639135679
task399_semeval_2018_task1_sentiment_analysis,0.2753623188405797,1.3157894736842106,0.3434233501467889,0.6446900908014213,0.4575900644230993,0.21303931224137715,0.7487689679429204,0.15563101301641202,0.10999813724019525,0.7742200328407225,0.037003177919986065,0.08488876414200164,0.7742200328407225,0.037003177919986065,0.09351827455851197,0.2753623188405797,1.3157894736842106,0.051627351737384836
task400_paws_text_matching,0.40781681800236874,0.8161323378714681,0.07577986280914625,0.35064935064935066,0.9259259259259258,0.12537737841870802,0.3150684931506849,1.0869565217391304,0.27575002302914264,0.49286472461375164,0.6081023815577592,0.04446774038683318,0.4895405865278751,0.018896447467876068,0.00260408439050297,0.40781681800236874,0.8161323378714681,0.12305626248984164
task420_persent_sentiment_analysis,0.29931891694283513,0.5312042453165228,0.1632133189459697,0.30204104527320275,0.7562428361736818,0.23379187174868166,0.3093407693407693,0.6538296078915402,0.18233961698947293,0.39219457013574655,0.12475993411322818,0.08525253006007394,0.37996358591988905,0.0452745127977821,0.11935647224738395,0.29931891694283513,0.5312042453165228,0.08705653451035517
task421_persent_sentiment_analysis,0.3788423316725204,0.24105966982031024,0.10675148027761096,0.2843892339544513,0.558032521733975,0.2066267443497022,0.27074835128459757,0.962995878017759,0.17707131377260824,0.3596828873937308,0.1952618121556605,0.13030887351238982,0.36910968618285694,0.14289681988689198,0.13233548615296342,0.3788423316725204,0.24105966982031024,0.09354549233238212
task456_matres_information_extraction,0.6899689968996899,0.13645774515339734,0.0026656906226050214,0.5495495495495495,0.5765785938199732,0.20296763186569788,0.3629041952157711,1.0068389057750762,0.31841020583027824,0.6349153667441089,0.34769335142469465,0.09531772924746534,0.7092731829573935,0.19320468264130236,0.018975888062296303,0.6899689968996899,0.13645774515339734,0.009650969906455809
task457_matres_word_semantics,0.3749262884774148,0.8930020413915629,0.138351008592499,0.6643271284711627,0.1345141015117108,0.04822091577895715,0.45426195426195426,0.7703595011005135,0.2360837872082728,0.5985547972701726,0.16057808109193097,0.015712515114077424,0.6995192307692308,0.002867465733784523,0.005053508375188198,0.3749262884774148,0.8930020413915629,0.17193082756897923
task458_matres_word_semantics,0.614448051948052,0.23392266335814724,0.11516641615894108,0.32432432432432434,1.0416666666666667,0.29412086053427766,0.32432432432432434,1.0416666666666667,0.29446743801140585,0.6532027743778049,0.17239704739704745,0.015935415309779488,0.6186270574066639,0.05686517783291974,0.017044063939985477,0.614448051948052,0.23392266335814724,0.11898119884323846
task462_qasper_question_understanding,0.5518325742788983,0.3177784439590444,0.11882866446626357,0.471358024691358,0.7986297531944853,0.12652972100211723,0.4789468160076769,0.771807261844829,0.13318050199867565,0.5607535321821037,0.6036894993004458,0.047324453822939955,0.608198051948052,0.37332142038205074,0.026363901081441987,0.5518325742788983,0.3177784439590444,0.15998993112753795
task472_haspart_kb_entity_relation_classification,0.6214833759590792,0.1394901394901395,0.07722885933173362,0.6296667000300271,0.1491101491101491,0.015008977485777675,0.6214833759590792,0.1394901394901395,0.07939502152413797,0.508679986898133,0.6336088154269972,0.11201278586333163,0.6691729323308271,0.02562942861450324,0.005081013782750665,0.6214833759590792,0.1394901394901395,0.03886259633069167
task475_yelp_polarity_sentiment_analysis,0.96999699969997,0.009694599489280222,0.07165677065375944,0.959983993597439,0.04084967320261441,0.10760569040875556,0.9396135265700483,0.06513243595310467,0.0624388942646151,0.9599358974358975,0.02167533680138718,0.01721746548801248,0.9699729756781104,0.010932207934720281,0.07995421006927553,0.96999699969997,0.009694599489280222,0.004657441048899896
task476_cls_sentiment_analysis,0.9499549594635172,0.011583580800741343,0.05166039261141972,0.9299929992999301,0.009251012232850181,0.006266074477596084,0.8572011423908609,0.1428478368091422,0.17606006027298515,0.9399038461538461,0.022562216375912072,0.05732617990334832,0.9399759903961584,0.0012771065873157475,0.003220139064275429,0.9499549594635172,0.011583580800741343,0.07109869238201302
task477_cls_sentiment_analysis,0.9198717948717949,0.03675698382692716,0.0021968435541419584,0.9396135265700483,0.0051392743344639375,0.03886323961762053,0.797979797979798,0.20632045088566828,0.15133879892568522,0.90999099909991,0.06945550423811293,0.017594700351597936,0.9199679871948779,0.058636140866764705,0.010824499404025606,0.9198717948717949,0.03675698382692716,0.012812764749329797
task478_cls_sentiment_analysis,0.9369482976040353,0.035460992907801414,0.09633681900291136,0.928388746803069,0.04032258064516126,0.01354566244926908,0.849624060150376,0.14705882352941177,0.11393743089738897,0.928388746803069,0.04032258064516126,0.01286544387318772,0.9279167953866749,0.017921146953405014,0.013550174360868139,0.9369482976040353,0.035460992907801414,0.10350191166406028
task493_amazon_polarity_sentiment_analysis,0.9485119967047678,0.001087878853810804,0.012175546882028154,0.9579655317360235,0.05081300813008129,0.06900014757348524,0.9291426257718393,0.06378713322398397,0.10339622491729072,0.9586606035551881,0.007751136833402244,0.03215295668317486,0.9589490968801313,0.013779798814937278,0.016126818270253584,0.9485119967047678,0.001087878853810804,0.04307460279108072
task494_amazon_polarity_sentiment_analysis,0.9375,0.013297872340425485,0.05949050641591108,0.8693598633303186,0.12452107279693488,0.08637007624348483,0.9088976617066504,0.08241758241758243,0.03936178213291219,0.9178981937602627,0.027173913043478222,0.02996699204944439,0.9388004895960832,0.05319148936170212,0.055813535452271995,0.9375,0.013297872340425485,0.08630455101661075
task495_semeval_2020_task_7_text_categorization,0.4165398274987316,0.8518518518518517,0.12006922018621313,0.4643874643874644,0.660377358490566,0.062155613526770015,0.4643874643874644,0.660377358490566,0.06392585403538298,0.64996499649965,0.015384615384615398,0.007096685886660237,0.66996699669967,0.01492537313432837,0.0016900834214139682,0.4165398274987316,0.8518518518518517,0.023216306872744674
task496_semeval_2020_task_7_text_categorization,0.7064480210547626,0.2917505030181086,0.22137428076113455,0.9430199430199431,0.037593984962406,0.11455313096877831,0.9882061563863663,0.00721500721500719,0.02309132812963438,0.9766245909303413,0.014577259475218663,0.06357788506253967,0.910873440285205,0.062111801242236045,0.13949132400433467,0.7064480210547626,0.2917505030181086,0.23554978323493145
task498_scruples_ethics_classification,0.15572715572715573,1.489015060264008,0.36220062886013593,0.1504602991944764,1.0807874933229076,0.22354321455538118,0.23064516129032256,0.7443961633155401,0.15072722143790232,0.2503720219844552,0.44928249407663856,0.10002350906701173,0.2800162418790605,0.2137704368388117,0.01748420750989886,0.15572715572715573,1.489015060264008,0.058772500267519026
task502_scruples_ethics_classification,0.44920440636474906,0.4084321475625823,0.04221317970233751,0.5071523019593701,0.6009244992295839,0.08462343713048182,0.33035714285714285,1.0671936758893281,0.2029271650933473,0.392,0.6882781301385953,0.05858275867554713,0.5584102769971899,0.007215007215007161,0.0013203924650864451,0.44920440636474906,0.4084321475625823,0.014018552219588087
task503_scruples_ethics_classification,0.2248062015503876,1.7241379310344829,0.1585392582470987,0.3902439024390244,0.704225352112676,0.13435154072647656,0.4737517648568862,0.4572731538265244,0.04565882348273301,0.4578005115089514,0.12245151023529292,0.014765482265118701,0.5066495066495067,0.07464968611156081,0.007439494144024866,0.2248062015503876,1.7241379310344829,0.016772797618279656
task508_scruples_ethics_classification,0.44821731748726656,0.33071517155849534,0.02909511107345708,0.2907801418439716,1.2195121951219512,0.175182828039187,0.4652406417112299,0.4499634305339142,0.040209096430815494,0.4472917294744247,0.025262964494051753,0.0021798554807465897,0.4608890245142916,0.09983024460608833,0.001867246473410189,0.44821731748726656,0.33071517155849534,0.0029477882262014254
task512_emotion_sentiment_analysis,0.3716459040191759,0.769164362310775,0.22644433568561134,0.5358862910914894,0.19548927428084945,0.09909652873883917,0.5284651532045277,0.22101766458539165,0.06352272158202871,0.5018231228514938,0.2830537030761874,0.1291306134361725,0.5206660441954559,0.22549866948305972,0.05199332122647496,0.3716459040191759,0.769164362310775,0.23155265081394547
task517_emo_sentiment_analysis,0.4930436554463251,0.6053167215048114,0.1680170428428821,0.4716666666666667,0.6715364443983777,0.19168841121675628,0.6275966183574879,0.42990051538117513,0.049505320056846464,0.5767501163879944,0.5279010307135974,0.11266660814059641,0.673513643704212,0.35059087749037254,0.034219914966280435,0.4930436554463251,0.6053167215048114,0.17085024638685395
task520_aquamuse_answerability_classification,0.8897243107769424,0.08549594524592115,0.12527633725807538,0.9388004895960832,0.00911482069845567,0.013454152665391406,0.9058478920389161,0.09258387471361765,0.13237956225672287,0.9191919191919191,0.031930179341173974,0.054916688331016816,0.8993558776167472,0.05213291627000318,0.06706014820159564,0.8897243107769424,0.08549594524592115,0.13444527721548827
task521_qanta_text_categorization,0.4015384615384615,0.878962488783988,0.3668974258790725,0.8580814740814742,0.23336291852318164,0.10564563875360902,0.7112233190063378,0.32005254338341127,0.1968935763805791,0.8164989822051648,0.2592884863131032,0.10643167521028934,0.8916367032220691,0.18584747615265595,0.03637282105439617,0.4015384615384615,0.878962488783988,0.30496310653738634
task564_discofuse_discourse_relation_classification,0.012702893436838392,2.9607706112288508,0.3732232569202768,0.03954186838802224,3.0749601273919165,0.06112698510355627,0.07641589180050717,1.8813539825699908,0.065534863307569,0.06557581612526667,2.0413211247128262,0.041647311479921775,0.08898125927418615,1.235759182281547,0.0027463615415949313,0.012702893436838392,2.9607706112288508,0.061512944035797795
task566_circa_text_matching,0.7312939231087227,0.062370062370062374,0.05895728528845423,0.5896306676008407,0.3855466567330974,0.15857870611845742,0.7087692805522597,0.07677254252596721,0.0012640860719580482,0.7566909975669099,0.1850048685491724,0.09998045770273145,0.7198879551820728,0.043654975161824476,0.028159718746566725,0.7312939231087227,0.062370062370062374,0.05959384611894647
task573_air_dialogue_intent_identification,0.9307363888483433,0.14047950245653548,0.22354443495782167,0.6643759018759019,0.3206446953141278,0.20099712830664432,0.7250152396329308,0.23908117809534415,0.03012750993672697,0.6213888888888889,0.3534160470853093,0.23882088760812162,0.7324408178885791,0.24027020755019846,0.06809050282763664,0.9307363888483433,0.14047950245653548,0.07062647319258063
task575_air_dialogue_speaker_identification,0.614448051948052,0.31812945119396735,0.1172018707435345,0.6439833180754755,0.08116883116883111,0.005031522733998373,0.43464495703301675,0.8116883116883117,0.2162913156497931,0.62996299629963,0.13785817357245927,0.06918633936094104,0.6491228070175439,0.04370629370629366,0.038757247414302864,0.614448051948052,0.31812945119396735,0.029308122121568386
task577_curiosity_dialogs_speaker_identification,0.5598239295718287,0.13708513708513712,0.010121355142797661,0.4106583072100314,0.7566228320945301,0.07589129818264895,0.5746446726838883,0.2242766649546311,0.019014794510331195,0.48686371100164205,0.4242424242424242,0.04279393819273694,0.5398159263705482,0.06359895248784136,0.00018510985202502273,0.5598239295718287,0.13708513708513712,0.029803319342021795
task579_social_iqa_answer_verification,0.40781681800236874,0.8161323378714681,0.11043218144497616,0.47862356621480706,0.596545161762553,0.06555249161361337,0.3695175438596491,0.8886503250432397,0.1599715021541196,0.44317065181788406,0.6761641854809557,0.0802459004449047,0.5495946351716545,0.025618503879373353,0.0005210208987552478,0.40781681800236874,0.8161323378714681,0.011669047598180243
task580_social_iqa_question_answering,0.7194123645985502,0.10329289028367752,0.08118126428537573,0.7007224790275638,0.13604211236345481,0.13726500680319526,0.7003238690333139,0.10920767800882833,0.09722981851466997,0.6893834565965714,0.1502136580065132,0.15208421975911135,0.698613499276727,0.0870365809198081,0.038135695717968765,0.7194123645985502,0.10329289028367752,0.084370019565537
task585_prepositional_paraprasing_preposition_prediction,0.08053484588017908,1.0493286883289514,0.40453516369672093,0.21185227854582694,0.736440981370797,0.2631934633778126,0.22768912529550825,0.8224802621395847,0.08150963681065349,0.2003007044125465,0.679961228015176,0.1632001385770641,0.21136043378269787,0.849421121075407,0.0771994442342962,0.08053484588017908,1.0493286883289514,0.29447740348369145
task586_amazon_fine_food_reviews_sentiment_analysis,0.9899989998999901,0.009902951079421688,0.06662530233885366,1.0,0.0,0.015963269231576316,0.98,0.0200080032012805,0.09813849884575856,1.0,0.0,0.011815701767612152,0.9899989998999901,0.009902951079421688,0.019664059313050625,0.9899989998999901,0.009902951079421688,0.07177626521775957
task587_amazon_fine_food_reviews_sentiment_analysis,0.9197109594540345,0.04523548549854727,0.007391119033502674,0.7303419264372775,0.3401360544217687,0.13842855624494574,0.8787878787878788,0.0936738331696315,0.03445806545381058,0.8787878787878788,0.0936738331696315,0.027300047076890543,0.9198717948717949,0.023487655931937985,0.03303604172632335,0.9197109594540345,0.04523548549854727,0.007359051436092834
task588_amazon_fine_food_reviews_sentiment_analysis,0.5856733336609498,0.25433866401428895,0.04510948768932094,0.5408221248738491,0.2936677654858252,0.08011282653074564,0.5740830597973454,0.2358499275695234,0.03315211898171708,0.5308372383630116,0.38777691097691747,0.09618842082598827,0.5805555555555556,0.18595832561682513,0.0504480295711939,0.5856733336609498,0.25433866401428895,0.09294867892932081
task590_amazon_fine_food_reviews_text_matching,0.4415954415954416,0.7942166765696177,0.16279532158270624,0.6496847162446202,0.14763014763014765,0.03999024265949824,0.4604553230688248,0.7378873480568395,0.24049127711940205,0.6683750376846548,0.004522840343735895,0.009094098261163114,0.6683750376846548,0.004522840343735895,0.010049858363398556,0.4415954415954416,0.7942166765696177,0.017969270475918453
task607_sbic_toxic_language_detection,0.5037482842360892,0.5172728101358126,0.06850736385589418,0.5146154675870995,0.41355584833845704,0.06396535730501718,0.5225694444444444,0.42270531400966177,0.07147899637781263,0.512987012987013,0.312770964944878,0.039346127357281935,0.5798319327731092,0.04581042811927371,0.01476694053093952,0.5037482842360892,0.5172728101358126,0.09414322331401404
task608_sbic_toxic_language_detection,0.6254681647940075,0.11501723665513303,0.05681684145038471,0.570999570999571,0.3746821892145056,0.15659545428451568,0.628178072555522,0.051295775904366826,0.03038952397641015,0.6214833759590792,0.2991722582248475,0.07144881241445142,0.628178072555522,0.051295775904366826,0.012422036916992785,0.6254681647940075,0.11501723665513303,0.0649066654121081
task609_sbic_toxic_language_detection,0.586606035551881,0.08406893652795298,0.016108962883385536,0.595959595959596,0.05604595768530202,0.04077812814702611,0.5879811074263892,0.10651106788922843,0.059581003333177895,0.5784825371336813,0.12247974373468999,0.07093461496371489,0.595959595959596,0.05604595768530202,0.00886201964654576,0.586606035551881,0.08406893652795298,0.01508593212227266
task616_cola_text_quality_evaluation,0.4363929146537842,0.8140768414741018,0.14588451036599093,0.66078697421981,0.03261578604044357,0.011282407643723902,0.5294117647058824,0.5847953216374269,0.30624083780190425,0.630450849963045,0.13464465519260044,0.03819679377691465,0.6392190152801358,0.12222683455560167,0.0561344318027617,0.4363929146537842,0.8140768414741018,0.0417578532329588
task621_ohsumed_information_extraction,0.6601791782514674,0.32835820895522383,0.1827659900780062,0.7702205882352942,0.06666666666666668,0.04217083794146334,0.7211497211497211,0.1981981981981982,0.10441403842544192,0.7395833333333333,0.17543859649122803,0.07424087427007381,0.7241086587436333,0.23423423423423426,0.1456690871912227,0.6601791782514674,0.32835820895522383,0.1725378013559895
task623_ohsumed_keyword_tagging,0.5863970588235294,0.5625,0.16528676310556423,0.3333333333333333,1.0,0.3615806983213128,0.3551783129359126,0.9607843137254901,0.3078753397925136,0.8357963875205254,0.19047619047619047,0.04777298357305276,0.9397832195905259,0.06382978723404255,0.01983506791002501,0.5863970588235294,0.5625,0.18600161594530015
task629_dbpedia_14_text_categorization,0.4844465783925714,0.7863513620399377,0.1468898713443852,0.6122405489002128,0.4451698554572668,0.11394208358494279,0.6626520771478754,0.4197885352466476,0.09190556232759417,0.6227943158615428,0.48673472463537243,0.15720060164349192,0.6910385366267721,0.392359674060272,0.04597322838918035,0.4844465783925714,0.7863513620399377,0.2607793493240133
task630_dbpedia_14_text_matching,0.9384236453201971,0.05231949773282177,0.07791074362343328,1.0,0.0,0.010073815781866419,0.8391544117647058,0.208706022659511,0.19606030820869358,1.0,0.0,0.024838609174320903,0.9688764394646747,0.025350684468480676,0.012798752801391755,0.9384236453201971,0.05231949773282177,0.059888179908890254
task632_dbpedia_14_text_categorization,0.8357963875205254,0.17054440823948624,0.16311560780092743,0.8585858585858586,0.13633360320872534,0.12821481873063062,0.39117199391172,0.9049773755656109,0.2811711341846443,0.9199679871948779,0.0017398263653286995,0.019804169143595257,0.8891017239641092,0.0811560579287895,0.00857591603300245,0.8357963875205254,0.17054440823948624,0.19811883714691403
task633_dbpedia_14_text_categorization,0.9464214559386974,0.07358621947744685,0.050262802740781154,0.9375237835627642,0.06883832695286825,0.08856214293531707,0.9375237835627642,0.06883832695286825,0.060184384808104535,0.9268505239467126,0.062010333803055,0.09892029647521858,0.9350057605230019,0.06883832695286825,0.06515716424078635,0.9464214559386974,0.07358621947744685,0.06664371043096892
task638_multi_woz_v22_speaker_identification,0.4832575444398512,0.44283413848631237,0.016881956124601694,0.43899018232819076,0.6549609810479375,0.024999891101287308,0.49066213921901525,0.3839960361699492,0.008534240082665012,0.5784825371336813,0.02359931145538343,0.003546280724844836,0.567882624861823,0.04308274712546261,0.002092600963868374,0.4832575444398512,0.44283413848631237,0.0016940524414872649
task673_google_wellformed_query_question_understanding,0.5021573182874212,0.6936245572609209,0.15904739168646054,0.5021573182874212,0.6936245572609209,0.1878563697014201,0.3006993006993007,1.1363636363636365,0.28219499742579485,0.5746446726838883,0.4484921857803214,0.09568727693407333,0.60996099609961,0.1383862039599745,0.024828464434592357,0.5021573182874212,0.6936245572609209,0.018308194782444054
task679_hope_edi_text_categorization,0.6011396011396011,0.3167036698445866,0.06447656594101714,0.66,0.2546689303904924,0.07172401546234553,0.6892230576441103,0.1777761373981939,0.0422229158952796,0.7033248081841432,0.03048853391998846,0.002675501561219429,0.7181964573268921,0.13676664780230144,0.018685936597376607,0.6011396011396011,0.3167036698445866,0.11129663703440845
task681_hope_edi_text_categorization,0.2316062693421184,0.7777278962823081,0.16464326153102357,0.18074767681066894,1.4519602464549985,0.17975515595830688,0.39752013490913923,0.5607842562464489,0.006948190098789914,0.3357142857142857,0.6762719236343725,0.01826562933390688,0.37550443906376113,0.560965338574143,0.0021156054571153105,0.2316062693421184,0.7777278962823081,0.02062451565360049
task682_opp_115_text_categorization,0.8395077993532629,0.13919414978532801,0.2806349596384452,0.9554096638655462,0.12286087788460384,0.05963587472048708,0.9346519050905892,0.10833289367150771,0.059307234064253575,0.7008520950594122,0.4319685888714628,0.214667434811698,0.9212814465408804,0.18299870003336094,0.062494875941436066,0.8395077993532629,0.13919414978532801,0.382508881304174
task683_opp_115_information_extraction,0.4210369864399919,0.992717067713099,0.45815019480296776,0.686594090132027,0.4473896812071756,0.24392750878713648,0.5491489654062006,0.6533996690239275,0.24653028652249234,0.6378539715549519,0.5031488091690932,0.19149759303114916,0.6773748673258478,0.47509209472474634,0.057219438420717805,0.4210369864399919,0.992717067713099,0.49563771515818417
task738_perspectrum_textual_entailment,0.7992773986350863,0.11518429487179488,0.016771450959107037,0.7987117552334944,0.06009615384615384,0.09840710190626045,0.7992773986350863,0.11518429487179488,0.018544086510112745,0.8090644156366193,0.046494143716365906,0.08785083408121891,0.8098288459613652,0.0029677113010446237,0.021456378189780412,0.7992773986350863,0.11518429487179488,0.025592745000318273
task744_eurlex_text_categorization,0.9039261483705928,0.12471019068545813,0.14279035560272277,0.9680583613916948,0.0347131458609007,0.10076990587875453,0.9915394912985275,0.011337290062314388,0.042849237820682645,0.9625943823618242,0.046766321507046786,0.08855169868032402,0.9391497391497392,0.07164202443632703,0.10806640688808307,0.9039261483705928,0.12471019068545813,0.13573427935432336
task746_yelp_restaurant_review_sentiment_analysis,0.989769820971867,0.011745360582569905,0.04220124880776113,0.9794745484400657,0.023730422401518732,0.11215375301499539,1.0,0.0,0.02038670722577643,0.989769820971867,0.011745360582569905,0.04098477909638801,0.989769820971867,0.011745360582569905,0.03415093763646854,0.989769820971867,0.011745360582569905,0.027673686430463418
task767_craigslist_bargains_text_categorization,0.8965385473810993,0.16372517432231773,0.13007871177645386,0.8836436699608056,0.11733055403370932,0.1376708746176952,0.9493574768510831,0.06014348621546336,0.0925935202799327,0.8701000735742044,0.1925411322830079,0.186884055866276,0.9111527051531517,0.07125639773103042,0.10723615211927591,0.8965385473810993,0.16372517432231773,0.12935742231676656
task827_copa_cause_effect_classification,0.883855981416957,0.10101289644102511,0.030433354796234713,0.6194824961948249,0.5102040816326532,0.1752912584741635,0.8726655348047538,0.11568890879235712,0.036202917612391944,0.8397435897435898,0.11533348971772617,0.08615814289182935,0.8368013055895553,0.006841817186644765,0.003042214457573189,0.883855981416957,0.10101289644102511,0.07345098238223233
task828_copa_cause_effect_classification,0.6072270227808326,0.44930982305530676,0.13766375031424155,0.5558672276764843,0.5549008689346162,0.16348526793781842,0.39180970401405596,0.8704061895551257,0.2627544292229681,0.6491228070175439,0.1374177809344409,0.03361606517408261,0.6598639455782312,0.029804265051153862,0.0007901417571198888,0.6072270227808326,0.44930982305530676,0.12708091722879497
task834_mathmatics_dataset_question_understanding,0.6171603250550619,0.405441666632386,0.20917950361973384,0.6147338935574229,0.6230059576390514,0.11713341516226765,0.7003336557059961,0.39777738650502187,0.10777132489413775,0.6886803110072871,0.44503075223495697,0.12760011643938113,0.7414872408293461,0.316844691387128,0.04233674635564484,0.6171603250550619,0.405441666632386,0.23251187692512115
task843_financial_phrasebank_sentiment_analysis,0.801831501831502,0.1055584607933626,0.08928869341126154,0.8733236036158344,0.09808829048669757,0.05545859629905772,0.5233333333333333,0.7270887713724866,0.20937223891324752,0.8733236036158344,0.09808829048669757,0.04778315315479528,0.8542566461816642,0.057048115358811435,0.001596292076414374,0.801831501831502,0.1055584607933626,0.11642506481963703
task844_financial_phrasebank_sentiment_analysis,0.6010230179028133,0.18657330323591156,0.049184936611819635,0.5331069609507639,0.4903366404771462,0.05437563939205586,0.595959595959596,0.10705205406128729,0.026793971710889347,0.6080795899909557,0.05495192529170581,0.018011706021682977,0.6080795899909557,0.05495192529170581,0.0024142771276167707,0.6010230179028133,0.18657330323591156,0.09555421764660721
task846_pubmed_qa_answer_verification,0.6995192307692308,0.03715772023094953,0.03851297848580326,0.39117199391172,0.9049773755656109,0.2646006696192573,0.3288590604026846,1.0204081632653061,0.4123715456369904,0.7097387648883995,0.062278432499760464,0.051223053103307215,0.7085720028137876,0.07862299849517272,0.019261709121018877,0.6995192307692308,0.03715772023094953,0.08181839642484515
task848_pubmed_qa_intent_identification,0.47150735294117646,0.7077991452991452,0.15455674629667482,0.45238095238095233,0.7819919278252611,0.18000922116456047,0.34210526315789475,0.9615384615384615,0.24946498057111421,0.5075871771681237,0.17753896430367014,0.04012174784712069,0.52995299529953,0.05896226415094339,5.308076871690659e-05,0.47150735294117646,0.7077991452991452,0.15426235857690085
task875_emotion_sentiment_analysis,0.3902508866794581,0.6374445873009832,0.17370524912482288,0.43535376903797957,0.47690191864369463,0.06875783960918239,0.456422637405383,0.417814553366822,0.0813631663801571,0.33372247391522336,0.8140947674078834,0.19969696127660805,0.46460317460317463,0.34814892777440615,0.03189219072509848,0.3902508866794581,0.6374445873009832,0.18294739824489847
task879_schema_guided_dstc8_dialogue_act_recognition,0.6567996567996568,0.4230297888386123,0.1267789778105506,0.7373737373737375,0.1754158004158004,0.04163023071308883,0.7406369955389562,0.2938034188034188,0.07458833443168045,0.7479584635547938,0.16025641025641027,0.039417875796366686,0.7286704853783539,0.1361081840533896,0.00547287980133182,0.6567996567996568,0.4230297888386123,0.15537731519088016
task880_schema_guided_dstc8_dialogue_act_recognition,0.07680250783699058,2.1981564103535436,0.4041942760379461,0.25024420024420024,0.9194986442669612,0.12447216598643458,0.3029038208168643,0.7303978357688498,0.11552341850452157,0.35861685214626393,0.31374041321603274,0.10518484946562948,0.47238243027716714,0.15593020674549557,0.025446787468896462,0.07680250783699058,2.1981564103535436,0.05665660512202622
task881_schema_guided_dstc8_text_categorization,0.7860064335811844,0.40697674418604657,0.20402628972823894,0.9523809523809523,0.10416666666666666,0.04681271061785458,0.8663485923060392,0.2777777777777778,0.1259020381992761,0.9523809523809523,0.10416666666666666,0.06758830877888805,0.912888888888889,0.1881720430107527,0.08206644150341046,0.7860064335811844,0.40697674418604657,0.18838965046187803
task888_rotten_tomatoe_sentiment_analysis,0.9088976617066504,0.04114243244678027,0.06884828027705289,0.8698828946051447,0.11522016769393081,0.08664651073997931,0.908452853219408,0.0632620197837589,0.094001516665919,0.9191919191919191,0.028880487292585598,0.06099875267009999,0.8993558776167472,0.008946144211844734,0.06872765388496083,0.9088976617066504,0.04114243244678027,0.07252273401861661
task889_go_emotions_sentiment_analysis,0.5456951104629812,0.42557222408100387,0.13712763149644158,0.5801325712471224,0.5136823803244821,0.1236396769990028,0.5292967341214185,0.5685675045374021,0.151828834955852,0.6660739260739261,0.32149258188065494,0.10767672616268735,0.6549827438306701,0.255927889752169,0.02326317539356311,0.5456951104629812,0.42557222408100387,0.18155161076055862
task902_deceptive_opinion_spam_dataset_sentiment_analysis,0.9899507587177168,0.009352787130564894,0.03363645382976699,0.9899507587177168,0.009352787130564894,0.010971309729077672,0.9899507587177168,0.009352787130564894,0.05002343715804053,0.9899507587177168,0.009352787130564894,0.02588653036170352,0.9899507587177168,0.009352787130564894,0.03876986850278241,0.9899507587177168,0.009352787130564894,0.022436337582711713
task903_deceptive_opinion_spam_dataset_sentiment_analysis,0.9799679487179487,0.0008176347462061719,0.056848496854399105,0.9699248120300752,0.011564895585514101,0.0299056928294843,0.9699248120300752,0.011564895585514101,0.0026478634931940137,0.9699248120300752,0.011564895585514101,0.04100568205040389,0.9699248120300752,0.011564895585514101,0.0343819274613322,0.9799679487179487,0.0008176347462061719,0.0009310281450636004
task904_hate_speech_offensive_toxic_language_detection,0.3592592592592592,0.9776985785926103,0.4337658511801089,0.45086304102697544,0.6622790868496827,0.3480138094270666,0.6515475160429735,0.1938090214406919,0.03976780871452662,0.6857511658894072,0.07679064287245982,0.10085661433663899,0.6284722222222222,0.3065810848796859,0.07785070326345736,0.3592592592592592,0.9776985785926103,0.17108232146833713
task905_hate_speech_offensive_toxic_language_detection,0.5866518802298619,0.007653558208789106,0.011904412381424645,0.568922305764411,0.2542275228300637,0.03177905096533806,0.4986666666666667,0.31988722619822163,0.0903126490303443,0.5104039167686658,0.44050776809397496,0.04972868236811295,0.5738636363636364,0.04812864503708731,0.002781484283645219,0.5866518802298619,0.007653558208789106,0.0011985923648460406
task909_dialogre_speaker_identification,0.30054446460980033,0.8159883467362484,0.09675584900614465,0.3076225931566554,1.0263395247838967,0.05131134643107221,0.14197631464580618,2.24012088854224,0.09612338233587003,0.39084494184553553,0.6798143995679782,0.02303481238817931,0.3688044831880448,0.7160942876993989,0.020209731507642076,0.30054446460980033,0.8159883467362484,0.19612259754005046
task923_event2mind_sentiment_analysis,0.3252512474523859,0.6709977542752159,0.1509625299037949,0.3252512474523859,0.6709977542752159,0.17548532928228316,0.3593304708463016,0.5982580604730959,0.05974775717411762,0.377505390988537,0.3829306590638926,0.12234163857411796,0.43985101407064126,0.1718066542421422,0.013363556965101053,0.3252512474523859,0.6709977542752159,0.10517618219862968
task925_coached_conv_pref_speaker_identification,0.40828402366863903,0.7246376811594204,0.44040455665800793,0.7051539096591579,0.16362786348761102,0.05455077474962544,0.7085964060223409,0.20176668881179108,0.0639068010203554,0.6865203761755485,0.2571294997662459,0.09066897974247443,0.7060153776571687,0.09286986846594143,0.0007994052608697455,0.40828402366863903,0.7246376811594204,0.23964516468383848
task929_generated_reviews_enth_sentiment_analysis,0.8199279711884754,0.015634771732332724,8.815369078546409e-05,0.7442455242966752,0.24038461538461542,0.12043506974539886,0.7889659330720531,0.12881369685167157,0.07145933273681127,0.849624060150376,0.01885369532428356,0.010428494260922211,0.8099809980998101,0.02769863880974996,0.009897786428163163,0.8199279711884754,0.015634771732332724,0.014247843082226014
task935_defeasible_nli_atomic_textual_entailment,0.6290726817042607,0.11955636955636957,0.035604532239794984,0.554367201426025,0.5742521367521368,0.1792539727607072,0.6892230576441103,0.03251579338535865,0.01045993539272308,0.6892230576441103,0.03251579338535865,0.014167385863095489,0.6794871794871795,0.018853695324283576,0.007070249538561724,0.6290726817042607,0.11955636955636957,0.04418409401368964
task936_defeasible_nli_atomic_textual_entailment,0.586606035551881,0.4040404040404041,0.09754851519822827,0.5586380832282472,0.4841518634622083,0.12888920509158824,0.625,0.21464646464646467,0.043034775849132706,0.6486151302190988,0.17447199265381086,0.023659787896094187,0.6193910256410255,0.03584229390681009,0.02454369097215517,0.586606035551881,0.4040404040404041,0.12806550987986484
task937_defeasible_nli_atomic_textual_entailment,0.6328029375764994,0.30067431561996777,0.14231013535099057,0.6736026111791106,0.1266931893530359,0.04448273373243666,0.6236395076797885,0.2881936456815684,0.1326782939898487,0.6080795899909557,0.1960085531004989,0.08649766860084374,0.6186270574066639,0.1779128356968469,0.08731856876581909,0.6328029375764994,0.30067431561996777,0.08353353165369626
